ISO-10303-21;
HEADER;
/* Generated by software containing ST-Developer
 * from STEP Tools, Inc. (www.steptools.com) 
 */

FILE_DESCRIPTION(
/* description */ ('Designed by EasyEDA Pro'),
/* implementation_level */ '2;1');

FILE_NAME(
/* name */ 'esp32-s3-lora-chat.step',
/* time_stamp */ '2026-08-25T15:10:36+08:00',
/* author */ (''),
/* organization */ (''),
/* preprocessor_version */ 'ST-DEVELOPER v20.1',
/* originating_system */ 'Autodesk Translation Framework v15.8.0.0',
/* authorisation */ '');

FILE_SCHEMA (('AUTOMOTIVE_DESIGN { 1 0 10303 214 3 1 1 }'));
ENDSEC;

DATA;
#10=MECHANICAL_DESIGN_GEOMETRIC_PRESENTATION_REPRESENTATION('',(#17),#7275);
#11=ITEM_DEFINED_TRANSFORMATION($,$,#4408,#4775);
#12=(
REPRESENTATION_RELATIONSHIP($,$,#7286,#7285)
REPRESENTATION_RELATIONSHIP_WITH_TRANSFORMATION(#11)
SHAPE_REPRESENTATION_RELATIONSHIP()
);
#13=CONTEXT_DEPENDENT_SHAPE_REPRESENTATION(#12,#7284);
#14=NEXT_ASSEMBLY_USAGE_OCCURRENCE('PCB:1','PCB:1','PCB:1',#7288,#7289,
'PCB:1');
#15=SHAPE_REPRESENTATION_RELATIONSHIP('SRR','None',#7286,#16);
#16=ADVANCED_BREP_SHAPE_REPRESENTATION('',(#18),#7274);
#17=STYLED_ITEM('',(#7299),#18);
#18=MANIFOLD_SOLID_BREP('\X2\5B9E4F53\X0\1',#4394);
#19=(
BOUNDED_SURFACE()
B_SPLINE_SURFACE(2,2,((#6564,#6565,#6566),(#6567,#6568,#6569),(#6570,#6571,
#6572)),.UNSPECIFIED.,.F.,.F.,.F.)
B_SPLINE_SURFACE_WITH_KNOTS((3,3),(3,3),(0.,1.19452435293675),(0.,0.373491584279696),
 .UNSPECIFIED.)
GEOMETRIC_REPRESENTATION_ITEM()
RATIONAL_B_SPLINE_SURFACE(((1.,0.982613620489617,1.),(0.826878411206083,
0.812501989339911,0.826878411206083),(1.,0.982613620489617,1.)))
REPRESENTATION_ITEM('')
SURFACE()
);
#20=SPHERICAL_SURFACE('',#4486,0.5);
#21=SPHERICAL_SURFACE('',#4559,1.);
#22=B_SPLINE_CURVE_WITH_KNOTS('',3,(#6507,#6508,#6509,#6510,#6511,#6512,
#6513,#6514,#6515,#6516),.UNSPECIFIED.,.F.,.F.,(4,2,2,2,4),(0.243056128210234,
0.247753435179846,0.255464859517076,0.29013642052653,0.38606143927218),
 .UNSPECIFIED.);
#23=B_SPLINE_CURVE_WITH_KNOTS('',3,(#6559,#6560,#6561,#6562),
 .UNSPECIFIED.,.F.,.F.,(4,4),(0.267222722206038,0.289476808129712),
 .UNSPECIFIED.);
#24=B_SPLINE_CURVE_WITH_KNOTS('',3,(#6574,#6575,#6576,#6577,#6578,#6579,
#6580,#6581,#6582,#6583,#6584,#6585),.UNSPECIFIED.,.F.,.F.,(4,2,2,2,2,4),
(0.169750458001573,0.174528213560748,0.190393302487089,0.203666560246313,
0.214194247196253,0.215744266555917),.UNSPECIFIED.);
#25=TOROIDAL_SURFACE('',#4483,3.5,0.5);
#26=TOROIDAL_SURFACE('',#4606,3.50000000000002,0.5);
#27=TOROIDAL_SURFACE('',#4612,3.50000000000031,0.5);
#28=TOROIDAL_SURFACE('',#4618,3.50000000000001,0.5);
#29=TOROIDAL_SURFACE('',#4624,3.5,0.5);
#30=TOROIDAL_SURFACE('',#4639,3.50000000000001,0.5);
#31=TOROIDAL_SURFACE('',#4646,3.5,0.5);
#32=TOROIDAL_SURFACE('',#4652,3.50000000000002,0.5);
#33=TOROIDAL_SURFACE('',#4657,3.50000000000031,0.5);
#34=FACE_BOUND('',#487,.T.);
#35=FACE_BOUND('',#499,.T.);
#36=FACE_BOUND('',#502,.T.);
#37=FACE_BOUND('',#505,.T.);
#38=FACE_BOUND('',#510,.T.);
#39=FACE_BOUND('',#511,.T.);
#40=FACE_BOUND('',#512,.T.);
#41=FACE_BOUND('',#513,.T.);
#42=FACE_BOUND('',#514,.T.);
#43=FACE_BOUND('',#515,.T.);
#44=FACE_BOUND('',#516,.T.);
#45=FACE_BOUND('',#517,.T.);
#46=FACE_BOUND('',#518,.T.);
#47=FACE_BOUND('',#519,.T.);
#48=FACE_BOUND('',#520,.T.);
#49=FACE_BOUND('',#521,.T.);
#50=FACE_BOUND('',#522,.T.);
#51=FACE_BOUND('',#523,.T.);
#52=FACE_BOUND('',#524,.T.);
#53=FACE_BOUND('',#525,.T.);
#54=FACE_BOUND('',#526,.T.);
#55=FACE_BOUND('',#527,.T.);
#56=FACE_BOUND('',#528,.T.);
#57=FACE_BOUND('',#529,.T.);
#58=FACE_BOUND('',#530,.T.);
#59=FACE_BOUND('',#531,.T.);
#60=FACE_BOUND('',#532,.T.);
#61=FACE_BOUND('',#533,.T.);
#62=FACE_BOUND('',#606,.T.);
#63=FACE_BOUND('',#625,.T.);
#64=FACE_BOUND('',#627,.T.);
#65=FACE_BOUND('',#639,.T.);
#66=FACE_BOUND('',#640,.T.);
#67=FACE_BOUND('',#641,.T.);
#68=FACE_BOUND('',#642,.T.);
#69=FACE_BOUND('',#643,.T.);
#70=FACE_BOUND('',#644,.T.);
#71=FACE_BOUND('',#645,.T.);
#72=FACE_BOUND('',#646,.T.);
#73=FACE_BOUND('',#647,.T.);
#74=FACE_BOUND('',#648,.T.);
#75=FACE_BOUND('',#649,.T.);
#76=FACE_BOUND('',#650,.T.);
#77=FACE_BOUND('',#651,.T.);
#78=FACE_BOUND('',#652,.T.);
#79=FACE_BOUND('',#653,.T.);
#80=FACE_BOUND('',#654,.T.);
#81=FACE_BOUND('',#655,.T.);
#82=FACE_BOUND('',#660,.T.);
#83=FACE_BOUND('',#664,.T.);
#84=FACE_BOUND('',#672,.T.);
#85=FACE_BOUND('',#676,.T.);
#86=FACE_BOUND('',#756,.T.);
#87=PLANE('',#4414);
#88=PLANE('',#4419);
#89=PLANE('',#4420);
#90=PLANE('',#4421);
#91=PLANE('',#4423);
#92=PLANE('',#4424);
#93=PLANE('',#4426);
#94=PLANE('',#4427);
#95=PLANE('',#4428);
#96=PLANE('',#4429);
#97=PLANE('',#4430);
#98=PLANE('',#4431);
#99=PLANE('',#4432);
#100=PLANE('',#4433);
#101=PLANE('',#4434);
#102=PLANE('',#4435);
#103=PLANE('',#4436);
#104=PLANE('',#4437);
#105=PLANE('',#4438);
#106=PLANE('',#4439);
#107=PLANE('',#4441);
#108=PLANE('',#4444);
#109=PLANE('',#4446);
#110=PLANE('',#4449);
#111=PLANE('',#4451);
#112=PLANE('',#4456);
#113=PLANE('',#4459);
#114=PLANE('',#4468);
#115=PLANE('',#4471);
#116=PLANE('',#4473);
#117=PLANE('',#4475);
#118=PLANE('',#4476);
#119=PLANE('',#4493);
#120=PLANE('',#4506);
#121=PLANE('',#4508);
#122=PLANE('',#4517);
#123=PLANE('',#4518);
#124=PLANE('',#4519);
#125=PLANE('',#4520);
#126=PLANE('',#4521);
#127=PLANE('',#4522);
#128=PLANE('',#4523);
#129=PLANE('',#4524);
#130=PLANE('',#4525);
#131=PLANE('',#4546);
#132=PLANE('',#4547);
#133=PLANE('',#4548);
#134=PLANE('',#4549);
#135=PLANE('',#4563);
#136=PLANE('',#4564);
#137=PLANE('',#4565);
#138=PLANE('',#4566);
#139=PLANE('',#4570);
#140=PLANE('',#4571);
#141=PLANE('',#4576);
#142=PLANE('',#4580);
#143=PLANE('',#4586);
#144=PLANE('',#4587);
#145=PLANE('',#4589);
#146=PLANE('',#4590);
#147=PLANE('',#4592);
#148=PLANE('',#4594);
#149=PLANE('',#4599);
#150=PLANE('',#4601);
#151=PLANE('',#4602);
#152=PLANE('',#4629);
#153=PLANE('',#4632);
#154=PLANE('',#4634);
#155=PLANE('',#4661);
#156=PLANE('',#4663);
#157=PLANE('',#4664);
#158=PLANE('',#4665);
#159=PLANE('',#4669);
#160=PLANE('',#4670);
#161=PLANE('',#4675);
#162=PLANE('',#4676);
#163=PLANE('',#4680);
#164=PLANE('',#4681);
#165=PLANE('',#4685);
#166=PLANE('',#4686);
#167=PLANE('',#4691);
#168=PLANE('',#4692);
#169=PLANE('',#4693);
#170=PLANE('',#4694);
#171=PLANE('',#4699);
#172=PLANE('',#4700);
#173=PLANE('',#4701);
#174=PLANE('',#4702);
#175=PLANE('',#4703);
#176=PLANE('',#4704);
#177=PLANE('',#4705);
#178=PLANE('',#4706);
#179=PLANE('',#4707);
#180=PLANE('',#4708);
#181=PLANE('',#4709);
#182=PLANE('',#4710);
#183=PLANE('',#4711);
#184=PLANE('',#4712);
#185=PLANE('',#4713);
#186=PLANE('',#4714);
#187=PLANE('',#4715);
#188=PLANE('',#4716);
#189=PLANE('',#4717);
#190=PLANE('',#4718);
#191=PLANE('',#4719);
#192=PLANE('',#4720);
#193=PLANE('',#4721);
#194=PLANE('',#4722);
#195=PLANE('',#4723);
#196=PLANE('',#4724);
#197=PLANE('',#4725);
#198=PLANE('',#4726);
#199=PLANE('',#4727);
#200=PLANE('',#4728);
#201=PLANE('',#4729);
#202=PLANE('',#4730);
#203=PLANE('',#4731);
#204=PLANE('',#4732);
#205=PLANE('',#4733);
#206=PLANE('',#4734);
#207=PLANE('',#4735);
#208=PLANE('',#4736);
#209=PLANE('',#4737);
#210=PLANE('',#4738);
#211=PLANE('',#4739);
#212=PLANE('',#4740);
#213=PLANE('',#4741);
#214=PLANE('',#4742);
#215=PLANE('',#4743);
#216=PLANE('',#4744);
#217=PLANE('',#4745);
#218=PLANE('',#4746);
#219=PLANE('',#4747);
#220=PLANE('',#4748);
#221=PLANE('',#4749);
#222=PLANE('',#4750);
#223=PLANE('',#4751);
#224=PLANE('',#4752);
#225=PLANE('',#4753);
#226=PLANE('',#4754);
#227=PLANE('',#4755);
#228=PLANE('',#4756);
#229=PLANE('',#4757);
#230=PLANE('',#4758);
#231=PLANE('',#4759);
#232=PLANE('',#4760);
#233=PLANE('',#4761);
#234=PLANE('',#4762);
#235=PLANE('',#4763);
#236=PLANE('',#4764);
#237=PLANE('',#4765);
#238=PLANE('',#4766);
#239=PLANE('',#4767);
#240=PLANE('',#4771);
#241=PLANE('',#4773);
#242=PLANE('',#4774);
#243=FACE_OUTER_BOUND('',#475,.T.);
#244=FACE_OUTER_BOUND('',#476,.T.);
#245=FACE_OUTER_BOUND('',#477,.T.);
#246=FACE_OUTER_BOUND('',#478,.T.);
#247=FACE_OUTER_BOUND('',#479,.T.);
#248=FACE_OUTER_BOUND('',#480,.T.);
#249=FACE_OUTER_BOUND('',#481,.T.);
#250=FACE_OUTER_BOUND('',#482,.T.);
#251=FACE_OUTER_BOUND('',#483,.T.);
#252=FACE_OUTER_BOUND('',#484,.T.);
#253=FACE_OUTER_BOUND('',#485,.T.);
#254=FACE_OUTER_BOUND('',#486,.T.);
#255=FACE_OUTER_BOUND('',#488,.T.);
#256=FACE_OUTER_BOUND('',#489,.T.);
#257=FACE_OUTER_BOUND('',#490,.T.);
#258=FACE_OUTER_BOUND('',#491,.T.);
#259=FACE_OUTER_BOUND('',#492,.T.);
#260=FACE_OUTER_BOUND('',#493,.T.);
#261=FACE_OUTER_BOUND('',#494,.T.);
#262=FACE_OUTER_BOUND('',#495,.T.);
#263=FACE_OUTER_BOUND('',#496,.T.);
#264=FACE_OUTER_BOUND('',#497,.T.);
#265=FACE_OUTER_BOUND('',#498,.T.);
#266=FACE_OUTER_BOUND('',#500,.T.);
#267=FACE_OUTER_BOUND('',#501,.T.);
#268=FACE_OUTER_BOUND('',#503,.T.);
#269=FACE_OUTER_BOUND('',#504,.T.);
#270=FACE_OUTER_BOUND('',#506,.T.);
#271=FACE_OUTER_BOUND('',#507,.T.);
#272=FACE_OUTER_BOUND('',#508,.T.);
#273=FACE_OUTER_BOUND('',#509,.T.);
#274=FACE_OUTER_BOUND('',#534,.T.);
#275=FACE_OUTER_BOUND('',#535,.T.);
#276=FACE_OUTER_BOUND('',#536,.T.);
#277=FACE_OUTER_BOUND('',#537,.T.);
#278=FACE_OUTER_BOUND('',#538,.T.);
#279=FACE_OUTER_BOUND('',#539,.T.);
#280=FACE_OUTER_BOUND('',#540,.T.);
#281=FACE_OUTER_BOUND('',#541,.T.);
#282=FACE_OUTER_BOUND('',#542,.T.);
#283=FACE_OUTER_BOUND('',#543,.T.);
#284=FACE_OUTER_BOUND('',#544,.T.);
#285=FACE_OUTER_BOUND('',#545,.T.);
#286=FACE_OUTER_BOUND('',#546,.T.);
#287=FACE_OUTER_BOUND('',#547,.T.);
#288=FACE_OUTER_BOUND('',#548,.T.);
#289=FACE_OUTER_BOUND('',#549,.T.);
#290=FACE_OUTER_BOUND('',#550,.T.);
#291=FACE_OUTER_BOUND('',#551,.T.);
#292=FACE_OUTER_BOUND('',#552,.T.);
#293=FACE_OUTER_BOUND('',#553,.T.);
#294=FACE_OUTER_BOUND('',#554,.T.);
#295=FACE_OUTER_BOUND('',#555,.T.);
#296=FACE_OUTER_BOUND('',#556,.T.);
#297=FACE_OUTER_BOUND('',#557,.T.);
#298=FACE_OUTER_BOUND('',#558,.T.);
#299=FACE_OUTER_BOUND('',#559,.T.);
#300=FACE_OUTER_BOUND('',#560,.T.);
#301=FACE_OUTER_BOUND('',#561,.T.);
#302=FACE_OUTER_BOUND('',#562,.T.);
#303=FACE_OUTER_BOUND('',#563,.T.);
#304=FACE_OUTER_BOUND('',#564,.T.);
#305=FACE_OUTER_BOUND('',#565,.T.);
#306=FACE_OUTER_BOUND('',#566,.T.);
#307=FACE_OUTER_BOUND('',#567,.T.);
#308=FACE_OUTER_BOUND('',#568,.T.);
#309=FACE_OUTER_BOUND('',#569,.T.);
#310=FACE_OUTER_BOUND('',#570,.T.);
#311=FACE_OUTER_BOUND('',#571,.T.);
#312=FACE_OUTER_BOUND('',#572,.T.);
#313=FACE_OUTER_BOUND('',#573,.T.);
#314=FACE_OUTER_BOUND('',#574,.T.);
#315=FACE_OUTER_BOUND('',#575,.T.);
#316=FACE_OUTER_BOUND('',#576,.T.);
#317=FACE_OUTER_BOUND('',#577,.T.);
#318=FACE_OUTER_BOUND('',#578,.T.);
#319=FACE_OUTER_BOUND('',#579,.T.);
#320=FACE_OUTER_BOUND('',#580,.T.);
#321=FACE_OUTER_BOUND('',#581,.T.);
#322=FACE_OUTER_BOUND('',#582,.T.);
#323=FACE_OUTER_BOUND('',#583,.T.);
#324=FACE_OUTER_BOUND('',#584,.T.);
#325=FACE_OUTER_BOUND('',#585,.T.);
#326=FACE_OUTER_BOUND('',#586,.T.);
#327=FACE_OUTER_BOUND('',#587,.T.);
#328=FACE_OUTER_BOUND('',#588,.T.);
#329=FACE_OUTER_BOUND('',#589,.T.);
#330=FACE_OUTER_BOUND('',#590,.T.);
#331=FACE_OUTER_BOUND('',#591,.T.);
#332=FACE_OUTER_BOUND('',#592,.T.);
#333=FACE_OUTER_BOUND('',#593,.T.);
#334=FACE_OUTER_BOUND('',#594,.T.);
#335=FACE_OUTER_BOUND('',#595,.T.);
#336=FACE_OUTER_BOUND('',#596,.T.);
#337=FACE_OUTER_BOUND('',#597,.T.);
#338=FACE_OUTER_BOUND('',#598,.T.);
#339=FACE_OUTER_BOUND('',#599,.T.);
#340=FACE_OUTER_BOUND('',#600,.T.);
#341=FACE_OUTER_BOUND('',#601,.T.);
#342=FACE_OUTER_BOUND('',#602,.T.);
#343=FACE_OUTER_BOUND('',#603,.T.);
#344=FACE_OUTER_BOUND('',#604,.T.);
#345=FACE_OUTER_BOUND('',#605,.T.);
#346=FACE_OUTER_BOUND('',#607,.T.);
#347=FACE_OUTER_BOUND('',#608,.T.);
#348=FACE_OUTER_BOUND('',#609,.T.);
#349=FACE_OUTER_BOUND('',#610,.T.);
#350=FACE_OUTER_BOUND('',#611,.T.);
#351=FACE_OUTER_BOUND('',#612,.T.);
#352=FACE_OUTER_BOUND('',#613,.T.);
#353=FACE_OUTER_BOUND('',#614,.T.);
#354=FACE_OUTER_BOUND('',#615,.T.);
#355=FACE_OUTER_BOUND('',#616,.T.);
#356=FACE_OUTER_BOUND('',#617,.T.);
#357=FACE_OUTER_BOUND('',#618,.T.);
#358=FACE_OUTER_BOUND('',#619,.T.);
#359=FACE_OUTER_BOUND('',#620,.T.);
#360=FACE_OUTER_BOUND('',#621,.T.);
#361=FACE_OUTER_BOUND('',#622,.T.);
#362=FACE_OUTER_BOUND('',#623,.T.);
#363=FACE_OUTER_BOUND('',#624,.T.);
#364=FACE_OUTER_BOUND('',#626,.T.);
#365=FACE_OUTER_BOUND('',#628,.T.);
#366=FACE_OUTER_BOUND('',#629,.T.);
#367=FACE_OUTER_BOUND('',#630,.T.);
#368=FACE_OUTER_BOUND('',#631,.T.);
#369=FACE_OUTER_BOUND('',#632,.T.);
#370=FACE_OUTER_BOUND('',#633,.T.);
#371=FACE_OUTER_BOUND('',#634,.T.);
#372=FACE_OUTER_BOUND('',#635,.T.);
#373=FACE_OUTER_BOUND('',#636,.T.);
#374=FACE_OUTER_BOUND('',#637,.T.);
#375=FACE_OUTER_BOUND('',#638,.T.);
#376=FACE_OUTER_BOUND('',#656,.T.);
#377=FACE_OUTER_BOUND('',#657,.T.);
#378=FACE_OUTER_BOUND('',#658,.T.);
#379=FACE_OUTER_BOUND('',#659,.T.);
#380=FACE_OUTER_BOUND('',#661,.T.);
#381=FACE_OUTER_BOUND('',#662,.T.);
#382=FACE_OUTER_BOUND('',#663,.T.);
#383=FACE_OUTER_BOUND('',#665,.T.);
#384=FACE_OUTER_BOUND('',#666,.T.);
#385=FACE_OUTER_BOUND('',#667,.T.);
#386=FACE_OUTER_BOUND('',#668,.T.);
#387=FACE_OUTER_BOUND('',#669,.T.);
#388=FACE_OUTER_BOUND('',#670,.T.);
#389=FACE_OUTER_BOUND('',#671,.T.);
#390=FACE_OUTER_BOUND('',#673,.T.);
#391=FACE_OUTER_BOUND('',#674,.T.);
#392=FACE_OUTER_BOUND('',#675,.T.);
#393=FACE_OUTER_BOUND('',#677,.T.);
#394=FACE_OUTER_BOUND('',#678,.T.);
#395=FACE_OUTER_BOUND('',#679,.T.);
#396=FACE_OUTER_BOUND('',#680,.T.);
#397=FACE_OUTER_BOUND('',#681,.T.);
#398=FACE_OUTER_BOUND('',#682,.T.);
#399=FACE_OUTER_BOUND('',#683,.T.);
#400=FACE_OUTER_BOUND('',#684,.T.);
#401=FACE_OUTER_BOUND('',#685,.T.);
#402=FACE_OUTER_BOUND('',#686,.T.);
#403=FACE_OUTER_BOUND('',#687,.T.);
#404=FACE_OUTER_BOUND('',#688,.T.);
#405=FACE_OUTER_BOUND('',#689,.T.);
#406=FACE_OUTER_BOUND('',#690,.T.);
#407=FACE_OUTER_BOUND('',#691,.T.);
#408=FACE_OUTER_BOUND('',#692,.T.);
#409=FACE_OUTER_BOUND('',#693,.T.);
#410=FACE_OUTER_BOUND('',#694,.T.);
#411=FACE_OUTER_BOUND('',#695,.T.);
#412=FACE_OUTER_BOUND('',#696,.T.);
#413=FACE_OUTER_BOUND('',#697,.T.);
#414=FACE_OUTER_BOUND('',#698,.T.);
#415=FACE_OUTER_BOUND('',#699,.T.);
#416=FACE_OUTER_BOUND('',#700,.T.);
#417=FACE_OUTER_BOUND('',#701,.T.);
#418=FACE_OUTER_BOUND('',#702,.T.);
#419=FACE_OUTER_BOUND('',#703,.T.);
#420=FACE_OUTER_BOUND('',#704,.T.);
#421=FACE_OUTER_BOUND('',#705,.T.);
#422=FACE_OUTER_BOUND('',#706,.T.);
#423=FACE_OUTER_BOUND('',#707,.T.);
#424=FACE_OUTER_BOUND('',#708,.T.);
#425=FACE_OUTER_BOUND('',#709,.T.);
#426=FACE_OUTER_BOUND('',#710,.T.);
#427=FACE_OUTER_BOUND('',#711,.T.);
#428=FACE_OUTER_BOUND('',#712,.T.);
#429=FACE_OUTER_BOUND('',#713,.T.);
#430=FACE_OUTER_BOUND('',#714,.T.);
#431=FACE_OUTER_BOUND('',#715,.T.);
#432=FACE_OUTER_BOUND('',#716,.T.);
#433=FACE_OUTER_BOUND('',#717,.T.);
#434=FACE_OUTER_BOUND('',#718,.T.);
#435=FACE_OUTER_BOUND('',#719,.T.);
#436=FACE_OUTER_BOUND('',#720,.T.);
#437=FACE_OUTER_BOUND('',#721,.T.);
#438=FACE_OUTER_BOUND('',#722,.T.);
#439=FACE_OUTER_BOUND('',#723,.T.);
#440=FACE_OUTER_BOUND('',#724,.T.);
#441=FACE_OUTER_BOUND('',#725,.T.);
#442=FACE_OUTER_BOUND('',#726,.T.);
#443=FACE_OUTER_BOUND('',#727,.T.);
#444=FACE_OUTER_BOUND('',#728,.T.);
#445=FACE_OUTER_BOUND('',#729,.T.);
#446=FACE_OUTER_BOUND('',#730,.T.);
#447=FACE_OUTER_BOUND('',#731,.T.);
#448=FACE_OUTER_BOUND('',#732,.T.);
#449=FACE_OUTER_BOUND('',#733,.T.);
#450=FACE_OUTER_BOUND('',#734,.T.);
#451=FACE_OUTER_BOUND('',#735,.T.);
#452=FACE_OUTER_BOUND('',#736,.T.);
#453=FACE_OUTER_BOUND('',#737,.T.);
#454=FACE_OUTER_BOUND('',#738,.T.);
#455=FACE_OUTER_BOUND('',#739,.T.);
#456=FACE_OUTER_BOUND('',#740,.T.);
#457=FACE_OUTER_BOUND('',#741,.T.);
#458=FACE_OUTER_BOUND('',#742,.T.);
#459=FACE_OUTER_BOUND('',#743,.T.);
#460=FACE_OUTER_BOUND('',#744,.T.);
#461=FACE_OUTER_BOUND('',#745,.T.);
#462=FACE_OUTER_BOUND('',#746,.T.);
#463=FACE_OUTER_BOUND('',#747,.T.);
#464=FACE_OUTER_BOUND('',#748,.T.);
#465=FACE_OUTER_BOUND('',#749,.T.);
#466=FACE_OUTER_BOUND('',#750,.T.);
#467=FACE_OUTER_BOUND('',#751,.T.);
#468=FACE_OUTER_BOUND('',#752,.T.);
#469=FACE_OUTER_BOUND('',#753,.T.);
#470=FACE_OUTER_BOUND('',#754,.T.);
#471=FACE_OUTER_BOUND('',#755,.T.);
#472=FACE_OUTER_BOUND('',#757,.T.);
#473=FACE_OUTER_BOUND('',#758,.T.);
#474=FACE_OUTER_BOUND('',#759,.T.);
#475=EDGE_LOOP('',(#2864,#2865,#2866,#2867));
#476=EDGE_LOOP('',(#2868,#2869,#2870,#2871));
#477=EDGE_LOOP('',(#2872,#2873,#2874,#2875,#2876,#2877,#2878,#2879,#2880,
#2881,#2882,#2883,#2884,#2885,#2886,#2887,#2888,#2889,#2890,#2891,#2892,
#2893,#2894,#2895,#2896,#2897,#2898,#2899,#2900,#2901,#2902,#2903,#2904,
#2905));
#478=EDGE_LOOP('',(#2906,#2907,#2908,#2909));
#479=EDGE_LOOP('',(#2910,#2911,#2912,#2913));
#480=EDGE_LOOP('',(#2914,#2915,#2916,#2917,#2918,#2919));
#481=EDGE_LOOP('',(#2920,#2921,#2922,#2923));
#482=EDGE_LOOP('',(#2924,#2925,#2926,#2927,#2928));
#483=EDGE_LOOP('',(#2929,#2930,#2931,#2932,#2933,#2934));
#484=EDGE_LOOP('',(#2935,#2936,#2937,#2938));
#485=EDGE_LOOP('',(#2939,#2940,#2941,#2942));
#486=EDGE_LOOP('',(#2943,#2944,#2945,#2946));
#487=EDGE_LOOP('',(#2947,#2948,#2949,#2950));
#488=EDGE_LOOP('',(#2951,#2952,#2953,#2954));
#489=EDGE_LOOP('',(#2955,#2956,#2957,#2958));
#490=EDGE_LOOP('',(#2959,#2960,#2961,#2962));
#491=EDGE_LOOP('',(#2963,#2964,#2965,#2966));
#492=EDGE_LOOP('',(#2967,#2968,#2969,#2970));
#493=EDGE_LOOP('',(#2971,#2972,#2973,#2974));
#494=EDGE_LOOP('',(#2975,#2976,#2977,#2978));
#495=EDGE_LOOP('',(#2979,#2980,#2981,#2982));
#496=EDGE_LOOP('',(#2983,#2984,#2985,#2986));
#497=EDGE_LOOP('',(#2987));
#498=EDGE_LOOP('',(#2988));
#499=EDGE_LOOP('',(#2989));
#500=EDGE_LOOP('',(#2990));
#501=EDGE_LOOP('',(#2991));
#502=EDGE_LOOP('',(#2992));
#503=EDGE_LOOP('',(#2993));
#504=EDGE_LOOP('',(#2994));
#505=EDGE_LOOP('',(#2995));
#506=EDGE_LOOP('',(#2996,#2997,#2998,#2999));
#507=EDGE_LOOP('',(#3000,#3001,#3002,#3003));
#508=EDGE_LOOP('',(#3004,#3005,#3006,#3007));
#509=EDGE_LOOP('',(#3008,#3009,#3010,#3011,#3012,#3013,#3014,#3015,#3016,
#3017,#3018,#3019,#3020,#3021,#3022,#3023,#3024,#3025,#3026,#3027,#3028,
#3029,#3030,#3031,#3032,#3033,#3034,#3035,#3036,#3037,#3038,#3039,#3040,
#3041,#3042,#3043,#3044,#3045,#3046,#3047,#3048));
#510=EDGE_LOOP('',(#3049,#3050,#3051,#3052));
#511=EDGE_LOOP('',(#3053,#3054,#3055,#3056));
#512=EDGE_LOOP('',(#3057,#3058,#3059,#3060));
#513=EDGE_LOOP('',(#3061,#3062,#3063,#3064));
#514=EDGE_LOOP('',(#3065,#3066,#3067,#3068));
#515=EDGE_LOOP('',(#3069));
#516=EDGE_LOOP('',(#3070));
#517=EDGE_LOOP('',(#3071,#3072,#3073,#3074));
#518=EDGE_LOOP('',(#3075,#3076,#3077,#3078));
#519=EDGE_LOOP('',(#3079,#3080,#3081,#3082));
#520=EDGE_LOOP('',(#3083,#3084,#3085,#3086));
#521=EDGE_LOOP('',(#3087,#3088,#3089,#3090));
#522=EDGE_LOOP('',(#3091,#3092,#3093,#3094));
#523=EDGE_LOOP('',(#3095,#3096,#3097,#3098));
#524=EDGE_LOOP('',(#3099,#3100,#3101,#3102));
#525=EDGE_LOOP('',(#3103,#3104,#3105,#3106));
#526=EDGE_LOOP('',(#3107,#3108,#3109,#3110));
#527=EDGE_LOOP('',(#3111,#3112,#3113,#3114));
#528=EDGE_LOOP('',(#3115));
#529=EDGE_LOOP('',(#3116,#3117,#3118,#3119));
#530=EDGE_LOOP('',(#3120,#3121,#3122,#3123));
#531=EDGE_LOOP('',(#3124,#3125,#3126,#3127));
#532=EDGE_LOOP('',(#3128,#3129,#3130,#3131));
#533=EDGE_LOOP('',(#3132,#3133,#3134,#3135,#3136,#3137));
#534=EDGE_LOOP('',(#3138,#3139,#3140,#3141));
#535=EDGE_LOOP('',(#3142,#3143,#3144,#3145));
#536=EDGE_LOOP('',(#3146,#3147,#3148,#3149));
#537=EDGE_LOOP('',(#3150,#3151,#3152,#3153,#3154));
#538=EDGE_LOOP('',(#3155,#3156,#3157,#3158,#3159));
#539=EDGE_LOOP('',(#3160,#3161,#3162,#3163,#3164,#3165));
#540=EDGE_LOOP('',(#3166,#3167,#3168,#3169));
#541=EDGE_LOOP('',(#3170,#3171,#3172,#3173));
#542=EDGE_LOOP('',(#3174,#3175,#3176,#3177));
#543=EDGE_LOOP('',(#3178,#3179,#3180,#3181));
#544=EDGE_LOOP('',(#3182,#3183,#3184,#3185));
#545=EDGE_LOOP('',(#3186,#3187,#3188,#3189));
#546=EDGE_LOOP('',(#3190,#3191,#3192));
#547=EDGE_LOOP('',(#3193,#3194,#3195,#3196,#3197,#3198,#3199,#3200,#3201,
#3202));
#548=EDGE_LOOP('',(#3203,#3204,#3205,#3206,#3207,#3208));
#549=EDGE_LOOP('',(#3209,#3210,#3211,#3212));
#550=EDGE_LOOP('',(#3213,#3214,#3215,#3216));
#551=EDGE_LOOP('',(#3217,#3218,#3219,#3220));
#552=EDGE_LOOP('',(#3221,#3222,#3223,#3224));
#553=EDGE_LOOP('',(#3225,#3226,#3227,#3228));
#554=EDGE_LOOP('',(#3229,#3230,#3231));
#555=EDGE_LOOP('',(#3232,#3233,#3234,#3235,#3236));
#556=EDGE_LOOP('',(#3237,#3238,#3239,#3240));
#557=EDGE_LOOP('',(#3241,#3242,#3243,#3244));
#558=EDGE_LOOP('',(#3245,#3246,#3247,#3248));
#559=EDGE_LOOP('',(#3249,#3250,#3251,#3252));
#560=EDGE_LOOP('',(#3253,#3254,#3255,#3256));
#561=EDGE_LOOP('',(#3257,#3258,#3259,#3260));
#562=EDGE_LOOP('',(#3261,#3262,#3263,#3264));
#563=EDGE_LOOP('',(#3265,#3266,#3267,#3268));
#564=EDGE_LOOP('',(#3269,#3270,#3271,#3272));
#565=EDGE_LOOP('',(#3273,#3274,#3275,#3276,#3277));
#566=EDGE_LOOP('',(#3278,#3279,#3280,#3281,#3282));
#567=EDGE_LOOP('',(#3283,#3284,#3285,#3286,#3287,#3288,#3289));
#568=EDGE_LOOP('',(#3290,#3291,#3292,#3293));
#569=EDGE_LOOP('',(#3294,#3295,#3296,#3297));
#570=EDGE_LOOP('',(#3298,#3299,#3300,#3301,#3302,#3303,#3304,#3305));
#571=EDGE_LOOP('',(#3306,#3307,#3308,#3309,#3310,#3311));
#572=EDGE_LOOP('',(#3312,#3313,#3314,#3315));
#573=EDGE_LOOP('',(#3316,#3317,#3318,#3319));
#574=EDGE_LOOP('',(#3320,#3321,#3322,#3323));
#575=EDGE_LOOP('',(#3324,#3325,#3326,#3327));
#576=EDGE_LOOP('',(#3328,#3329,#3330,#3331));
#577=EDGE_LOOP('',(#3332,#3333,#3334,#3335,#3336));
#578=EDGE_LOOP('',(#3337,#3338,#3339));
#579=EDGE_LOOP('',(#3340,#3341,#3342,#3343,#3344,#3345,#3346,#3347,#3348,
#3349,#3350,#3351,#3352,#3353,#3354,#3355));
#580=EDGE_LOOP('',(#3356,#3357,#3358));
#581=EDGE_LOOP('',(#3359,#3360,#3361,#3362,#3363,#3364,#3365,#3366));
#582=EDGE_LOOP('',(#3367,#3368,#3369,#3370));
#583=EDGE_LOOP('',(#3371,#3372,#3373,#3374));
#584=EDGE_LOOP('',(#3375,#3376,#3377));
#585=EDGE_LOOP('',(#3378,#3379,#3380,#3381));
#586=EDGE_LOOP('',(#3382,#3383,#3384,#3385,#3386));
#587=EDGE_LOOP('',(#3387,#3388,#3389,#3390,#3391,#3392,#3393,#3394,#3395,
#3396,#3397,#3398,#3399,#3400,#3401,#3402));
#588=EDGE_LOOP('',(#3403,#3404,#3405,#3406,#3407));
#589=EDGE_LOOP('',(#3408,#3409,#3410));
#590=EDGE_LOOP('',(#3411,#3412,#3413,#3414,#3415,#3416));
#591=EDGE_LOOP('',(#3417,#3418,#3419));
#592=EDGE_LOOP('',(#3420,#3421,#3422,#3423));
#593=EDGE_LOOP('',(#3424,#3425,#3426,#3427,#3428));
#594=EDGE_LOOP('',(#3429,#3430,#3431,#3432));
#595=EDGE_LOOP('',(#3433,#3434,#3435,#3436,#3437));
#596=EDGE_LOOP('',(#3438,#3439,#3440,#3441));
#597=EDGE_LOOP('',(#3442,#3443,#3444,#3445));
#598=EDGE_LOOP('',(#3446,#3447,#3448,#3449));
#599=EDGE_LOOP('',(#3450,#3451,#3452,#3453));
#600=EDGE_LOOP('',(#3454,#3455,#3456,#3457,#3458,#3459));
#601=EDGE_LOOP('',(#3460,#3461,#3462));
#602=EDGE_LOOP('',(#3463,#3464,#3465,#3466,#3467));
#603=EDGE_LOOP('',(#3468,#3469,#3470));
#604=EDGE_LOOP('',(#3471,#3472,#3473));
#605=EDGE_LOOP('',(#3474,#3475,#3476,#3477,#3478,#3479,#3480,#3481,#3482,
#3483,#3484,#3485,#3486,#3487,#3488,#3489,#3490,#3491));
#606=EDGE_LOOP('',(#3492));
#607=EDGE_LOOP('',(#3493,#3494,#3495,#3496,#3497,#3498));
#608=EDGE_LOOP('',(#3499,#3500,#3501,#3502));
#609=EDGE_LOOP('',(#3503,#3504,#3505,#3506));
#610=EDGE_LOOP('',(#3507,#3508,#3509,#3510));
#611=EDGE_LOOP('',(#3511,#3512,#3513,#3514,#3515,#3516,#3517));
#612=EDGE_LOOP('',(#3518,#3519,#3520,#3521,#3522));
#613=EDGE_LOOP('',(#3523,#3524,#3525,#3526));
#614=EDGE_LOOP('',(#3527,#3528,#3529,#3530));
#615=EDGE_LOOP('',(#3531,#3532,#3533,#3534));
#616=EDGE_LOOP('',(#3535,#3536,#3537,#3538));
#617=EDGE_LOOP('',(#3539,#3540,#3541,#3542));
#618=EDGE_LOOP('',(#3543,#3544,#3545,#3546));
#619=EDGE_LOOP('',(#3547,#3548,#3549,#3550));
#620=EDGE_LOOP('',(#3551,#3552,#3553,#3554));
#621=EDGE_LOOP('',(#3555,#3556,#3557,#3558));
#622=EDGE_LOOP('',(#3559,#3560,#3561,#3562));
#623=EDGE_LOOP('',(#3563,#3564,#3565,#3566));
#624=EDGE_LOOP('',(#3567,#3568,#3569,#3570));
#625=EDGE_LOOP('',(#3571));
#626=EDGE_LOOP('',(#3572,#3573,#3574,#3575,#3576,#3577,#3578,#3579));
#627=EDGE_LOOP('',(#3580,#3581,#3582,#3583,#3584,#3585,#3586,#3587));
#628=EDGE_LOOP('',(#3588,#3589,#3590,#3591));
#629=EDGE_LOOP('',(#3592,#3593,#3594,#3595));
#630=EDGE_LOOP('',(#3596,#3597,#3598,#3599));
#631=EDGE_LOOP('',(#3600,#3601,#3602,#3603));
#632=EDGE_LOOP('',(#3604,#3605,#3606,#3607));
#633=EDGE_LOOP('',(#3608,#3609,#3610,#3611));
#634=EDGE_LOOP('',(#3612,#3613,#3614,#3615));
#635=EDGE_LOOP('',(#3616,#3617,#3618,#3619));
#636=EDGE_LOOP('',(#3620,#3621,#3622,#3623));
#637=EDGE_LOOP('',(#3624,#3625,#3626,#3627));
#638=EDGE_LOOP('',(#3628,#3629,#3630,#3631,#3632,#3633,#3634,#3635));
#639=EDGE_LOOP('',(#3636,#3637,#3638,#3639));
#640=EDGE_LOOP('',(#3640,#3641,#3642,#3643));
#641=EDGE_LOOP('',(#3644,#3645,#3646,#3647));
#642=EDGE_LOOP('',(#3648,#3649,#3650,#3651));
#643=EDGE_LOOP('',(#3652,#3653,#3654,#3655));
#644=EDGE_LOOP('',(#3656,#3657,#3658,#3659));
#645=EDGE_LOOP('',(#3660,#3661,#3662,#3663));
#646=EDGE_LOOP('',(#3664,#3665,#3666,#3667));
#647=EDGE_LOOP('',(#3668,#3669,#3670,#3671));
#648=EDGE_LOOP('',(#3672,#3673,#3674,#3675));
#649=EDGE_LOOP('',(#3676,#3677,#3678,#3679));
#650=EDGE_LOOP('',(#3680,#3681,#3682,#3683));
#651=EDGE_LOOP('',(#3684,#3685,#3686,#3687));
#652=EDGE_LOOP('',(#3688,#3689,#3690,#3691));
#653=EDGE_LOOP('',(#3692,#3693,#3694,#3695));
#654=EDGE_LOOP('',(#3696,#3697,#3698,#3699));
#655=EDGE_LOOP('',(#3700,#3701,#3702,#3703));
#656=EDGE_LOOP('',(#3704));
#657=EDGE_LOOP('',(#3705));
#658=EDGE_LOOP('',(#3706,#3707,#3708,#3709,#3710,#3711));
#659=EDGE_LOOP('',(#3712,#3713));
#660=EDGE_LOOP('',(#3714));
#661=EDGE_LOOP('',(#3715,#3716,#3717,#3718));
#662=EDGE_LOOP('',(#3719,#3720,#3721,#3722,#3723));
#663=EDGE_LOOP('',(#3724,#3725));
#664=EDGE_LOOP('',(#3726));
#665=EDGE_LOOP('',(#3727,#3728,#3729,#3730));
#666=EDGE_LOOP('',(#3731,#3732,#3733,#3734));
#667=EDGE_LOOP('',(#3735,#3736,#3737,#3738));
#668=EDGE_LOOP('',(#3739));
#669=EDGE_LOOP('',(#3740));
#670=EDGE_LOOP('',(#3741,#3742,#3743,#3744,#3745,#3746));
#671=EDGE_LOOP('',(#3747,#3748));
#672=EDGE_LOOP('',(#3749));
#673=EDGE_LOOP('',(#3750,#3751,#3752,#3753));
#674=EDGE_LOOP('',(#3754,#3755,#3756,#3757,#3758));
#675=EDGE_LOOP('',(#3759,#3760));
#676=EDGE_LOOP('',(#3761));
#677=EDGE_LOOP('',(#3762,#3763,#3764,#3765));
#678=EDGE_LOOP('',(#3766,#3767,#3768));
#679=EDGE_LOOP('',(#3769,#3770,#3771,#3772));
#680=EDGE_LOOP('',(#3773,#3774,#3775,#3776));
#681=EDGE_LOOP('',(#3777,#3778,#3779,#3780));
#682=EDGE_LOOP('',(#3781,#3782,#3783,#3784));
#683=EDGE_LOOP('',(#3785,#3786,#3787,#3788));
#684=EDGE_LOOP('',(#3789,#3790,#3791,#3792));
#685=EDGE_LOOP('',(#3793,#3794,#3795,#3796));
#686=EDGE_LOOP('',(#3797,#3798,#3799,#3800));
#687=EDGE_LOOP('',(#3801,#3802,#3803,#3804));
#688=EDGE_LOOP('',(#3805,#3806,#3807,#3808));
#689=EDGE_LOOP('',(#3809,#3810,#3811,#3812));
#690=EDGE_LOOP('',(#3813,#3814,#3815,#3816));
#691=EDGE_LOOP('',(#3817,#3818,#3819,#3820));
#692=EDGE_LOOP('',(#3821,#3822,#3823,#3824));
#693=EDGE_LOOP('',(#3825,#3826,#3827,#3828));
#694=EDGE_LOOP('',(#3829,#3830,#3831,#3832));
#695=EDGE_LOOP('',(#3833,#3834,#3835,#3836));
#696=EDGE_LOOP('',(#3837,#3838,#3839,#3840));
#697=EDGE_LOOP('',(#3841,#3842,#3843,#3844));
#698=EDGE_LOOP('',(#3845,#3846,#3847,#3848));
#699=EDGE_LOOP('',(#3849,#3850,#3851,#3852));
#700=EDGE_LOOP('',(#3853,#3854,#3855,#3856));
#701=EDGE_LOOP('',(#3857,#3858,#3859,#3860));
#702=EDGE_LOOP('',(#3861,#3862,#3863,#3864));
#703=EDGE_LOOP('',(#3865,#3866,#3867,#3868));
#704=EDGE_LOOP('',(#3869,#3870,#3871,#3872));
#705=EDGE_LOOP('',(#3873,#3874,#3875,#3876));
#706=EDGE_LOOP('',(#3877,#3878,#3879,#3880));
#707=EDGE_LOOP('',(#3881,#3882,#3883,#3884));
#708=EDGE_LOOP('',(#3885,#3886,#3887,#3888));
#709=EDGE_LOOP('',(#3889,#3890,#3891,#3892));
#710=EDGE_LOOP('',(#3893,#3894,#3895,#3896));
#711=EDGE_LOOP('',(#3897,#3898,#3899,#3900));
#712=EDGE_LOOP('',(#3901,#3902,#3903,#3904));
#713=EDGE_LOOP('',(#3905,#3906,#3907,#3908));
#714=EDGE_LOOP('',(#3909,#3910,#3911,#3912));
#715=EDGE_LOOP('',(#3913,#3914,#3915,#3916));
#716=EDGE_LOOP('',(#3917,#3918,#3919,#3920));
#717=EDGE_LOOP('',(#3921,#3922,#3923,#3924));
#718=EDGE_LOOP('',(#3925,#3926,#3927,#3928));
#719=EDGE_LOOP('',(#3929,#3930,#3931,#3932));
#720=EDGE_LOOP('',(#3933,#3934,#3935,#3936));
#721=EDGE_LOOP('',(#3937,#3938,#3939,#3940));
#722=EDGE_LOOP('',(#3941,#3942,#3943,#3944));
#723=EDGE_LOOP('',(#3945,#3946,#3947,#3948));
#724=EDGE_LOOP('',(#3949,#3950,#3951,#3952));
#725=EDGE_LOOP('',(#3953,#3954,#3955,#3956));
#726=EDGE_LOOP('',(#3957,#3958,#3959,#3960));
#727=EDGE_LOOP('',(#3961,#3962,#3963,#3964));
#728=EDGE_LOOP('',(#3965,#3966,#3967,#3968));
#729=EDGE_LOOP('',(#3969,#3970,#3971,#3972));
#730=EDGE_LOOP('',(#3973,#3974,#3975,#3976));
#731=EDGE_LOOP('',(#3977,#3978,#3979,#3980));
#732=EDGE_LOOP('',(#3981,#3982,#3983,#3984));
#733=EDGE_LOOP('',(#3985,#3986,#3987,#3988));
#734=EDGE_LOOP('',(#3989,#3990,#3991,#3992));
#735=EDGE_LOOP('',(#3993,#3994,#3995,#3996));
#736=EDGE_LOOP('',(#3997,#3998,#3999,#4000));
#737=EDGE_LOOP('',(#4001,#4002,#4003,#4004));
#738=EDGE_LOOP('',(#4005,#4006,#4007,#4008));
#739=EDGE_LOOP('',(#4009,#4010,#4011,#4012));
#740=EDGE_LOOP('',(#4013,#4014,#4015,#4016));
#741=EDGE_LOOP('',(#4017,#4018,#4019,#4020));
#742=EDGE_LOOP('',(#4021,#4022,#4023,#4024));
#743=EDGE_LOOP('',(#4025,#4026,#4027,#4028));
#744=EDGE_LOOP('',(#4029,#4030,#4031,#4032));
#745=EDGE_LOOP('',(#4033,#4034,#4035,#4036));
#746=EDGE_LOOP('',(#4037,#4038,#4039,#4040));
#747=EDGE_LOOP('',(#4041,#4042,#4043,#4044));
#748=EDGE_LOOP('',(#4045,#4046,#4047,#4048));
#749=EDGE_LOOP('',(#4049,#4050,#4051,#4052));
#750=EDGE_LOOP('',(#4053,#4054,#4055,#4056));
#751=EDGE_LOOP('',(#4057,#4058,#4059,#4060,#4061));
#752=EDGE_LOOP('',(#4062,#4063,#4064,#4065));
#753=EDGE_LOOP('',(#4066,#4067,#4068,#4069));
#754=EDGE_LOOP('',(#4070,#4071,#4072,#4073));
#755=EDGE_LOOP('',(#4074,#4075,#4076,#4077));
#756=EDGE_LOOP('',(#4078,#4079,#4080,#4081,#4082,#4083,#4084,#4085));
#757=EDGE_LOOP('',(#4086,#4087,#4088,#4089));
#758=EDGE_LOOP('',(#4090,#4091,#4092,#4093));
#759=EDGE_LOOP('',(#4094,#4095,#4096,#4097));
#760=ELLIPSE('',#4411,1.41421356237303,1.);
#761=ELLIPSE('',#4496,0.707106781186541,0.5);
#762=ELLIPSE('',#4500,0.707106781186544,0.5);
#763=ELLIPSE('',#4510,0.707106781186544,0.5);
#764=ELLIPSE('',#4512,0.707106781186544,0.5);
#765=ELLIPSE('',#4513,0.707106781186541,0.5);
#766=ELLIPSE('',#4528,1.4142135623731,1.);
#767=ELLIPSE('',#4530,1.41421356237309,1.);
#768=ELLIPSE('',#4531,1.41421356237309,1.);
#769=ELLIPSE('',#4575,1.4142135623731,1.);
#770=ELLIPSE('',#4579,1.4142135623731,1.);
#771=ELLIPSE('',#4583,1.4142135623731,1.);
#772=ELLIPSE('',#4585,1.4142135623731,1.);
#773=CIRCLE('',#4410,1.);
#774=CIRCLE('',#4413,1.);
#775=CIRCLE('',#4415,1.5);
#776=CIRCLE('',#4416,1.5);
#777=CIRCLE('',#4417,1.5);
#778=CIRCLE('',#4418,1.5);
#779=CIRCLE('',#4422,1.);
#780=CIRCLE('',#4425,1.);
#781=CIRCLE('',#4440,1.5);
#782=CIRCLE('',#4442,2.500002540005);
#783=CIRCLE('',#4443,1.5);
#784=CIRCLE('',#4445,1.5);
#785=CIRCLE('',#4447,3.000002540005);
#786=CIRCLE('',#4448,1.5);
#787=CIRCLE('',#4450,1.49999999999999);
#788=CIRCLE('',#4452,3.000002540005);
#789=CIRCLE('',#4453,1.49999999999999);
#790=CIRCLE('',#4455,1.5);
#791=CIRCLE('',#4458,1.5);
#792=CIRCLE('',#4460,3.);
#793=CIRCLE('',#4461,3.00000000000001);
#794=CIRCLE('',#4462,3.5);
#795=CIRCLE('',#4463,3.000002540005);
#796=CIRCLE('',#4464,3.000002540005);
#797=CIRCLE('',#4465,2.500002540005);
#798=CIRCLE('',#4467,1.5);
#799=CIRCLE('',#4470,1.5);
#800=CIRCLE('',#4472,0.5);
#801=CIRCLE('',#4474,0.5);
#802=CIRCLE('',#4481,0.500000000000007);
#803=CIRCLE('',#4482,0.5);
#804=CIRCLE('',#4484,3.);
#805=CIRCLE('',#4485,0.500000000000004);
#806=CIRCLE('',#4487,0.499999999999996);
#807=CIRCLE('',#4489,3.);
#808=CIRCLE('',#4490,3.);
#809=CIRCLE('',#4491,3.);
#810=CIRCLE('',#4492,3.);
#811=CIRCLE('',#4494,1.);
#812=CIRCLE('',#4498,0.5);
#813=CIRCLE('',#4502,0.500000000000003);
#814=CIRCLE('',#4504,0.500000000000003);
#815=CIRCLE('',#4505,1.);
#816=CIRCLE('',#4507,1.);
#817=CIRCLE('',#4516,0.5);
#818=CIRCLE('',#4527,1.);
#819=CIRCLE('',#4533,1.5);
#820=CIRCLE('',#4534,1.5);
#821=CIRCLE('',#4536,1.5);
#822=CIRCLE('',#4537,1.5);
#823=CIRCLE('',#4539,1.49999999999999);
#824=CIRCLE('',#4540,1.49999999999999);
#825=CIRCLE('',#4542,1.49999999999999);
#826=CIRCLE('',#4543,1.49999999999999);
#827=CIRCLE('',#4545,1.);
#828=CIRCLE('',#4550,3.00000000000001);
#829=CIRCLE('',#4552,3.00000000000001);
#830=CIRCLE('',#4553,3.00000000000001);
#831=CIRCLE('',#4555,1.);
#832=CIRCLE('',#4557,0.999999999999996);
#833=CIRCLE('',#4558,1.);
#834=CIRCLE('',#4561,1.);
#835=CIRCLE('',#4562,1.);
#836=CIRCLE('',#4567,3.);
#837=CIRCLE('',#4569,3.);
#838=CIRCLE('',#4573,1.);
#839=CIRCLE('',#4578,1.);
#840=CIRCLE('',#4582,1.);
#841=CIRCLE('',#4588,3.);
#842=CIRCLE('',#4591,3.);
#843=CIRCLE('',#4593,3.);
#844=CIRCLE('',#4595,4.5);
#845=CIRCLE('',#4597,3.);
#846=CIRCLE('',#4604,0.5);
#847=CIRCLE('',#4605,0.499999999999998);
#848=CIRCLE('',#4607,0.499999999999998);
#849=CIRCLE('',#4608,3.50000000000002);
#850=CIRCLE('',#4609,4.00000000000002);
#851=CIRCLE('',#4611,0.499999999999998);
#852=CIRCLE('',#4613,0.500000000000007);
#853=CIRCLE('',#4614,3.50000000000031);
#854=CIRCLE('',#4615,4.00000000000031);
#855=CIRCLE('',#4617,0.500000000000007);
#856=CIRCLE('',#4619,0.499999999999998);
#857=CIRCLE('',#4620,3.50000000000001);
#858=CIRCLE('',#4621,4.00000000000001);
#859=CIRCLE('',#4623,0.499999999999989);
#860=CIRCLE('',#4625,3.5);
#861=CIRCLE('',#4626,4.);
#862=CIRCLE('',#4628,4.00000000000031);
#863=CIRCLE('',#4631,4.00000000000002);
#864=CIRCLE('',#4633,4.5);
#865=CIRCLE('',#4635,2.);
#866=CIRCLE('',#4636,2.00000000000001);
#867=CIRCLE('',#4637,2.00000000000031);
#868=CIRCLE('',#4638,2.00000000000002);
#869=CIRCLE('',#4640,0.499999999999972);
#870=CIRCLE('',#4641,3.50000000000001);
#871=CIRCLE('',#4642,0.499999999999998);
#872=CIRCLE('',#4643,4.00000000000001);
#873=CIRCLE('',#4645,0.499999999999998);
#874=CIRCLE('',#4647,0.499999999999998);
#875=CIRCLE('',#4648,4.);
#876=CIRCLE('',#4649,3.5);
#877=CIRCLE('',#4651,0.499999999999998);
#878=CIRCLE('',#4653,0.499999999999998);
#879=CIRCLE('',#4654,3.50000000000002);
#880=CIRCLE('',#4656,0.499999999999998);
#881=CIRCLE('',#4658,0.499999999999998);
#882=CIRCLE('',#4659,3.50000000000031);
#883=CIRCLE('',#4667,3.00000000000001);
#884=CIRCLE('',#4668,3.00000000000001);
#885=CIRCLE('',#4671,2.00000000000031);
#886=CIRCLE('',#4673,3.);
#887=CIRCLE('',#4674,3.);
#888=CIRCLE('',#4677,2.00000000000002);
#889=CIRCLE('',#4683,3.);
#890=CIRCLE('',#4684,3.);
#891=CIRCLE('',#4687,2.);
#892=CIRCLE('',#4689,3.);
#893=CIRCLE('',#4690,3.);
#894=CIRCLE('',#4695,2.00000000000001);
#895=LINE('',#5998,#1374);
#896=LINE('',#6002,#1375);
#897=LINE('',#6006,#1376);
#898=LINE('',#6009,#1377);
#899=LINE('',#6012,#1378);
#900=LINE('',#6014,#1379);
#901=LINE('',#6016,#1380);
#902=LINE('',#6018,#1381);
#903=LINE('',#6020,#1382);
#904=LINE('',#6022,#1383);
#905=LINE('',#6024,#1384);
#906=LINE('',#6026,#1385);
#907=LINE('',#6030,#1386);
#908=LINE('',#6034,#1387);
#909=LINE('',#6038,#1388);
#910=LINE('',#6042,#1389);
#911=LINE('',#6044,#1390);
#912=LINE('',#6046,#1391);
#913=LINE('',#6048,#1392);
#914=LINE('',#6050,#1393);
#915=LINE('',#6052,#1394);
#916=LINE('',#6054,#1395);
#917=LINE('',#6056,#1396);
#918=LINE('',#6058,#1397);
#919=LINE('',#6060,#1398);
#920=LINE('',#6062,#1399);
#921=LINE('',#6064,#1400);
#922=LINE('',#6066,#1401);
#923=LINE('',#6068,#1402);
#924=LINE('',#6070,#1403);
#925=LINE('',#6071,#1404);
#926=LINE('',#6074,#1405);
#927=LINE('',#6075,#1406);
#928=LINE('',#6078,#1407);
#929=LINE('',#6079,#1408);
#930=LINE('',#6082,#1409);
#931=LINE('',#6084,#1410);
#932=LINE('',#6089,#1411);
#933=LINE('',#6093,#1412);
#934=LINE('',#6095,#1413);
#935=LINE('',#6096,#1414);
#936=LINE('',#6099,#1415);
#937=LINE('',#6101,#1416);
#938=LINE('',#6103,#1417);
#939=LINE('',#6105,#1418);
#940=LINE('',#6106,#1419);
#941=LINE('',#6110,#1420);
#942=LINE('',#6112,#1421);
#943=LINE('',#6114,#1422);
#944=LINE('',#6115,#1423);
#945=LINE('',#6117,#1424);
#946=LINE('',#6118,#1425);
#947=LINE('',#6122,#1426);
#948=LINE('',#6124,#1427);
#949=LINE('',#6126,#1428);
#950=LINE('',#6127,#1429);
#951=LINE('',#6130,#1430);
#952=LINE('',#6132,#1431);
#953=LINE('',#6134,#1432);
#954=LINE('',#6135,#1433);
#955=LINE('',#6138,#1434);
#956=LINE('',#6140,#1435);
#957=LINE('',#6141,#1436);
#958=LINE('',#6144,#1437);
#959=LINE('',#6145,#1438);
#960=LINE('',#6148,#1439);
#961=LINE('',#6150,#1440);
#962=LINE('',#6151,#1441);
#963=LINE('',#6154,#1442);
#964=LINE('',#6155,#1443);
#965=LINE('',#6159,#1444);
#966=LINE('',#6161,#1445);
#967=LINE('',#6163,#1446);
#968=LINE('',#6164,#1447);
#969=LINE('',#6168,#1448);
#970=LINE('',#6170,#1449);
#971=LINE('',#6172,#1450);
#972=LINE('',#6173,#1451);
#973=LINE('',#6177,#1452);
#974=LINE('',#6179,#1453);
#975=LINE('',#6181,#1454);
#976=LINE('',#6182,#1455);
#977=LINE('',#6186,#1456);
#978=LINE('',#6188,#1457);
#979=LINE('',#6190,#1458);
#980=LINE('',#6191,#1459);
#981=LINE('',#6194,#1460);
#982=LINE('',#6196,#1461);
#983=LINE('',#6197,#1462);
#984=LINE('',#6224,#1463);
#985=LINE('',#6227,#1464);
#986=LINE('',#6230,#1465);
#987=LINE('',#6231,#1466);
#988=LINE('',#6234,#1467);
#989=LINE('',#6237,#1468);
#990=LINE('',#6240,#1469);
#991=LINE('',#6242,#1470);
#992=LINE('',#6244,#1471);
#993=LINE('',#6246,#1472);
#994=LINE('',#6248,#1473);
#995=LINE('',#6250,#1474);
#996=LINE('',#6252,#1475);
#997=LINE('',#6256,#1476);
#998=LINE('',#6258,#1477);
#999=LINE('',#6260,#1478);
#1000=LINE('',#6264,#1479);
#1001=LINE('',#6266,#1480);
#1002=LINE('',#6268,#1481);
#1003=LINE('',#6272,#1482);
#1004=LINE('',#6274,#1483);
#1005=LINE('',#6275,#1484);
#1006=LINE('',#6276,#1485);
#1007=LINE('',#6278,#1486);
#1008=LINE('',#6280,#1487);
#1009=LINE('',#6282,#1488);
#1010=LINE('',#6284,#1489);
#1011=LINE('',#6286,#1490);
#1012=LINE('',#6288,#1491);
#1013=LINE('',#6290,#1492);
#1014=LINE('',#6291,#1493);
#1015=LINE('',#6293,#1494);
#1016=LINE('',#6295,#1495);
#1017=LINE('',#6297,#1496);
#1018=LINE('',#6298,#1497);
#1019=LINE('',#6300,#1498);
#1020=LINE('',#6301,#1499);
#1021=LINE('',#6304,#1500);
#1022=LINE('',#6306,#1501);
#1023=LINE('',#6308,#1502);
#1024=LINE('',#6309,#1503);
#1025=LINE('',#6312,#1504);
#1026=LINE('',#6314,#1505);
#1027=LINE('',#6316,#1506);
#1028=LINE('',#6317,#1507);
#1029=LINE('',#6320,#1508);
#1030=LINE('',#6322,#1509);
#1031=LINE('',#6324,#1510);
#1032=LINE('',#6325,#1511);
#1033=LINE('',#6328,#1512);
#1034=LINE('',#6330,#1513);
#1035=LINE('',#6332,#1514);
#1036=LINE('',#6333,#1515);
#1037=LINE('',#6340,#1516);
#1038=LINE('',#6342,#1517);
#1039=LINE('',#6344,#1518);
#1040=LINE('',#6345,#1519);
#1041=LINE('',#6348,#1520);
#1042=LINE('',#6350,#1521);
#1043=LINE('',#6352,#1522);
#1044=LINE('',#6353,#1523);
#1045=LINE('',#6356,#1524);
#1046=LINE('',#6358,#1525);
#1047=LINE('',#6360,#1526);
#1048=LINE('',#6361,#1527);
#1049=LINE('',#6364,#1528);
#1050=LINE('',#6366,#1529);
#1051=LINE('',#6368,#1530);
#1052=LINE('',#6369,#1531);
#1053=LINE('',#6372,#1532);
#1054=LINE('',#6374,#1533);
#1055=LINE('',#6376,#1534);
#1056=LINE('',#6377,#1535);
#1057=LINE('',#6380,#1536);
#1058=LINE('',#6382,#1537);
#1059=LINE('',#6384,#1538);
#1060=LINE('',#6385,#1539);
#1061=LINE('',#6388,#1540);
#1062=LINE('',#6390,#1541);
#1063=LINE('',#6392,#1542);
#1064=LINE('',#6393,#1543);
#1065=LINE('',#6396,#1544);
#1066=LINE('',#6398,#1545);
#1067=LINE('',#6400,#1546);
#1068=LINE('',#6401,#1547);
#1069=LINE('',#6406,#1548);
#1070=LINE('',#6408,#1549);
#1071=LINE('',#6410,#1550);
#1072=LINE('',#6411,#1551);
#1073=LINE('',#6414,#1552);
#1074=LINE('',#6416,#1553);
#1075=LINE('',#6418,#1554);
#1076=LINE('',#6419,#1555);
#1077=LINE('',#6422,#1556);
#1078=LINE('',#6424,#1557);
#1079=LINE('',#6426,#1558);
#1080=LINE('',#6427,#1559);
#1081=LINE('',#6430,#1560);
#1082=LINE('',#6432,#1561);
#1083=LINE('',#6434,#1562);
#1084=LINE('',#6435,#1563);
#1085=LINE('',#6438,#1564);
#1086=LINE('',#6440,#1565);
#1087=LINE('',#6442,#1566);
#1088=LINE('',#6444,#1567);
#1089=LINE('',#6446,#1568);
#1090=LINE('',#6447,#1569);
#1091=LINE('',#6452,#1570);
#1092=LINE('',#6453,#1571);
#1093=LINE('',#6456,#1572);
#1094=LINE('',#6457,#1573);
#1095=LINE('',#6462,#1574);
#1096=LINE('',#6464,#1575);
#1097=LINE('',#6466,#1576);
#1098=LINE('',#6471,#1577);
#1099=LINE('',#6473,#1578);
#1100=LINE('',#6474,#1579);
#1101=LINE('',#6478,#1580);
#1102=LINE('',#6480,#1581);
#1103=LINE('',#6482,#1582);
#1104=LINE('',#6484,#1583);
#1105=LINE('',#6485,#1584);
#1106=LINE('',#6488,#1585);
#1107=LINE('',#6489,#1586);
#1108=LINE('',#6491,#1587);
#1109=LINE('',#6493,#1588);
#1110=LINE('',#6495,#1589);
#1111=LINE('',#6501,#1590);
#1112=LINE('',#6504,#1591);
#1113=LINE('',#6525,#1592);
#1114=LINE('',#6529,#1593);
#1115=LINE('',#6531,#1594);
#1116=LINE('',#6534,#1595);
#1117=LINE('',#6539,#1596);
#1118=LINE('',#6540,#1597);
#1119=LINE('',#6543,#1598);
#1120=LINE('',#6547,#1599);
#1121=LINE('',#6551,#1600);
#1122=LINE('',#6555,#1601);
#1123=LINE('',#6589,#1602);
#1124=LINE('',#6591,#1603);
#1125=LINE('',#6593,#1604);
#1126=LINE('',#6596,#1605);
#1127=LINE('',#6602,#1606);
#1128=LINE('',#6606,#1607);
#1129=LINE('',#6610,#1608);
#1130=LINE('',#6612,#1609);
#1131=LINE('',#6614,#1610);
#1132=LINE('',#6616,#1611);
#1133=LINE('',#6619,#1612);
#1134=LINE('',#6621,#1613);
#1135=LINE('',#6622,#1614);
#1136=LINE('',#6625,#1615);
#1137=LINE('',#6627,#1616);
#1138=LINE('',#6628,#1617);
#1139=LINE('',#6631,#1618);
#1140=LINE('',#6634,#1619);
#1141=LINE('',#6638,#1620);
#1142=LINE('',#6642,#1621);
#1143=LINE('',#6648,#1622);
#1144=LINE('',#6654,#1623);
#1145=LINE('',#6660,#1624);
#1146=LINE('',#6666,#1625);
#1147=LINE('',#6671,#1626);
#1148=LINE('',#6674,#1627);
#1149=LINE('',#6676,#1628);
#1150=LINE('',#6677,#1629);
#1151=LINE('',#6679,#1630);
#1152=LINE('',#6682,#1631);
#1153=LINE('',#6684,#1632);
#1154=LINE('',#6686,#1633);
#1155=LINE('',#6688,#1634);
#1156=LINE('',#6690,#1635);
#1157=LINE('',#6692,#1636);
#1158=LINE('',#6694,#1637);
#1159=LINE('',#6696,#1638);
#1160=LINE('',#6697,#1639);
#1161=LINE('',#6698,#1640);
#1162=LINE('',#6703,#1641);
#1163=LINE('',#6707,#1642);
#1164=LINE('',#6709,#1643);
#1165=LINE('',#6715,#1644);
#1166=LINE('',#6722,#1645);
#1167=LINE('',#6726,#1646);
#1168=LINE('',#6727,#1647);
#1169=LINE('',#6730,#1648);
#1170=LINE('',#6732,#1649);
#1171=LINE('',#6734,#1650);
#1172=LINE('',#6736,#1651);
#1173=LINE('',#6738,#1652);
#1174=LINE('',#6740,#1653);
#1175=LINE('',#6742,#1654);
#1176=LINE('',#6744,#1655);
#1177=LINE('',#6746,#1656);
#1178=LINE('',#6747,#1657);
#1179=LINE('',#6748,#1658);
#1180=LINE('',#6749,#1659);
#1181=LINE('',#6752,#1660);
#1182=LINE('',#6753,#1661);
#1183=LINE('',#6758,#1662);
#1184=LINE('',#6760,#1663);
#1185=LINE('',#6763,#1664);
#1186=LINE('',#6767,#1665);
#1187=LINE('',#6770,#1666);
#1188=LINE('',#6777,#1667);
#1189=LINE('',#6779,#1668);
#1190=LINE('',#6780,#1669);
#1191=LINE('',#6784,#1670);
#1192=LINE('',#6790,#1671);
#1193=LINE('',#6792,#1672);
#1194=LINE('',#6794,#1673);
#1195=LINE('',#6795,#1674);
#1196=LINE('',#6798,#1675);
#1197=LINE('',#6802,#1676);
#1198=LINE('',#6803,#1677);
#1199=LINE('',#6810,#1678);
#1200=LINE('',#6812,#1679);
#1201=LINE('',#6814,#1680);
#1202=LINE('',#6816,#1681);
#1203=LINE('',#6818,#1682);
#1204=LINE('',#6820,#1683);
#1205=LINE('',#6821,#1684);
#1206=LINE('',#6822,#1685);
#1207=LINE('',#6826,#1686);
#1208=LINE('',#6828,#1687);
#1209=LINE('',#6830,#1688);
#1210=LINE('',#6834,#1689);
#1211=LINE('',#6836,#1690);
#1212=LINE('',#6842,#1691);
#1213=LINE('',#6845,#1692);
#1214=LINE('',#6856,#1693);
#1215=LINE('',#6857,#1694);
#1216=LINE('',#6868,#1695);
#1217=LINE('',#6869,#1696);
#1218=LINE('',#6880,#1697);
#1219=LINE('',#6881,#1698);
#1220=LINE('',#6887,#1699);
#1221=LINE('',#6890,#1700);
#1222=LINE('',#6893,#1701);
#1223=LINE('',#6894,#1702);
#1224=LINE('',#6897,#1703);
#1225=LINE('',#6901,#1704);
#1226=LINE('',#6902,#1705);
#1227=LINE('',#6923,#1706);
#1228=LINE('',#6924,#1707);
#1229=LINE('',#6933,#1708);
#1230=LINE('',#6941,#1709);
#1231=LINE('',#6947,#1710);
#1232=LINE('',#6948,#1711);
#1233=LINE('',#6950,#1712);
#1234=LINE('',#6952,#1713);
#1235=LINE('',#6956,#1714);
#1236=LINE('',#6958,#1715);
#1237=LINE('',#6960,#1716);
#1238=LINE('',#6961,#1717);
#1239=LINE('',#6964,#1718);
#1240=LINE('',#6966,#1719);
#1241=LINE('',#6968,#1720);
#1242=LINE('',#6969,#1721);
#1243=LINE('',#6972,#1722);
#1244=LINE('',#6974,#1723);
#1245=LINE('',#6976,#1724);
#1246=LINE('',#6977,#1725);
#1247=LINE('',#6980,#1726);
#1248=LINE('',#6982,#1727);
#1249=LINE('',#6984,#1728);
#1250=LINE('',#6985,#1729);
#1251=LINE('',#6988,#1730);
#1252=LINE('',#6990,#1731);
#1253=LINE('',#6992,#1732);
#1254=LINE('',#6993,#1733);
#1255=LINE('',#6996,#1734);
#1256=LINE('',#6998,#1735);
#1257=LINE('',#7000,#1736);
#1258=LINE('',#7001,#1737);
#1259=LINE('',#7004,#1738);
#1260=LINE('',#7006,#1739);
#1261=LINE('',#7008,#1740);
#1262=LINE('',#7009,#1741);
#1263=LINE('',#7012,#1742);
#1264=LINE('',#7014,#1743);
#1265=LINE('',#7016,#1744);
#1266=LINE('',#7017,#1745);
#1267=LINE('',#7020,#1746);
#1268=LINE('',#7022,#1747);
#1269=LINE('',#7024,#1748);
#1270=LINE('',#7025,#1749);
#1271=LINE('',#7028,#1750);
#1272=LINE('',#7030,#1751);
#1273=LINE('',#7032,#1752);
#1274=LINE('',#7033,#1753);
#1275=LINE('',#7036,#1754);
#1276=LINE('',#7038,#1755);
#1277=LINE('',#7040,#1756);
#1278=LINE('',#7041,#1757);
#1279=LINE('',#7044,#1758);
#1280=LINE('',#7046,#1759);
#1281=LINE('',#7048,#1760);
#1282=LINE('',#7049,#1761);
#1283=LINE('',#7052,#1762);
#1284=LINE('',#7054,#1763);
#1285=LINE('',#7056,#1764);
#1286=LINE('',#7057,#1765);
#1287=LINE('',#7060,#1766);
#1288=LINE('',#7062,#1767);
#1289=LINE('',#7064,#1768);
#1290=LINE('',#7065,#1769);
#1291=LINE('',#7068,#1770);
#1292=LINE('',#7070,#1771);
#1293=LINE('',#7072,#1772);
#1294=LINE('',#7073,#1773);
#1295=LINE('',#7076,#1774);
#1296=LINE('',#7078,#1775);
#1297=LINE('',#7080,#1776);
#1298=LINE('',#7081,#1777);
#1299=LINE('',#7083,#1778);
#1300=LINE('',#7084,#1779);
#1301=LINE('',#7114,#1780);
#1302=LINE('',#7119,#1781);
#1303=LINE('',#7121,#1782);
#1304=LINE('',#7123,#1783);
#1305=LINE('',#7125,#1784);
#1306=LINE('',#7128,#1785);
#1307=LINE('',#7129,#1786);
#1308=LINE('',#7131,#1787);
#1309=LINE('',#7133,#1788);
#1310=LINE('',#7136,#1789);
#1311=LINE('',#7137,#1790);
#1312=LINE('',#7139,#1791);
#1313=LINE('',#7141,#1792);
#1314=LINE('',#7144,#1793);
#1315=LINE('',#7145,#1794);
#1316=LINE('',#7147,#1795);
#1317=LINE('',#7149,#1796);
#1318=LINE('',#7152,#1797);
#1319=LINE('',#7153,#1798);
#1320=LINE('',#7155,#1799);
#1321=LINE('',#7157,#1800);
#1322=LINE('',#7160,#1801);
#1323=LINE('',#7161,#1802);
#1324=LINE('',#7163,#1803);
#1325=LINE('',#7165,#1804);
#1326=LINE('',#7168,#1805);
#1327=LINE('',#7169,#1806);
#1328=LINE('',#7171,#1807);
#1329=LINE('',#7173,#1808);
#1330=LINE('',#7176,#1809);
#1331=LINE('',#7177,#1810);
#1332=LINE('',#7179,#1811);
#1333=LINE('',#7181,#1812);
#1334=LINE('',#7184,#1813);
#1335=LINE('',#7185,#1814);
#1336=LINE('',#7187,#1815);
#1337=LINE('',#7189,#1816);
#1338=LINE('',#7192,#1817);
#1339=LINE('',#7193,#1818);
#1340=LINE('',#7195,#1819);
#1341=LINE('',#7197,#1820);
#1342=LINE('',#7200,#1821);
#1343=LINE('',#7201,#1822);
#1344=LINE('',#7203,#1823);
#1345=LINE('',#7205,#1824);
#1346=LINE('',#7208,#1825);
#1347=LINE('',#7209,#1826);
#1348=LINE('',#7211,#1827);
#1349=LINE('',#7213,#1828);
#1350=LINE('',#7216,#1829);
#1351=LINE('',#7217,#1830);
#1352=LINE('',#7219,#1831);
#1353=LINE('',#7221,#1832);
#1354=LINE('',#7224,#1833);
#1355=LINE('',#7225,#1834);
#1356=LINE('',#7227,#1835);
#1357=LINE('',#7229,#1836);
#1358=LINE('',#7232,#1837);
#1359=LINE('',#7233,#1838);
#1360=LINE('',#7235,#1839);
#1361=LINE('',#7237,#1840);
#1362=LINE('',#7240,#1841);
#1363=LINE('',#7241,#1842);
#1364=LINE('',#7243,#1843);
#1365=LINE('',#7245,#1844);
#1366=LINE('',#7248,#1845);
#1367=LINE('',#7249,#1846);
#1368=LINE('',#7251,#1847);
#1369=LINE('',#7253,#1848);
#1370=LINE('',#7257,#1849);
#1371=LINE('',#7262,#1850);
#1372=LINE('',#7265,#1851);
#1373=LINE('',#7267,#1852);
#1374=VECTOR('',#4782,10.);
#1375=VECTOR('',#4785,10.);
#1376=VECTOR('',#4790,10.);
#1377=VECTOR('',#4793,10.);
#1378=VECTOR('',#4796,10.);
#1379=VECTOR('',#4797,10.);
#1380=VECTOR('',#4798,10.);
#1381=VECTOR('',#4799,10.);
#1382=VECTOR('',#4800,10.);
#1383=VECTOR('',#4801,10.);
#1384=VECTOR('',#4802,10.);
#1385=VECTOR('',#4803,10.);
#1386=VECTOR('',#4806,10.);
#1387=VECTOR('',#4809,10.);
#1388=VECTOR('',#4812,10.);
#1389=VECTOR('',#4815,10.);
#1390=VECTOR('',#4816,10.);
#1391=VECTOR('',#4817,10.);
#1392=VECTOR('',#4818,10.);
#1393=VECTOR('',#4819,10.);
#1394=VECTOR('',#4820,10.);
#1395=VECTOR('',#4821,10.);
#1396=VECTOR('',#4822,10.);
#1397=VECTOR('',#4823,10.);
#1398=VECTOR('',#4824,10.);
#1399=VECTOR('',#4825,10.);
#1400=VECTOR('',#4826,10.);
#1401=VECTOR('',#4827,10.);
#1402=VECTOR('',#4828,10.);
#1403=VECTOR('',#4829,10.);
#1404=VECTOR('',#4830,10.);
#1405=VECTOR('',#4833,10.);
#1406=VECTOR('',#4834,10.);
#1407=VECTOR('',#4837,10.);
#1408=VECTOR('',#4838,10.);
#1409=VECTOR('',#4841,10.);
#1410=VECTOR('',#4844,10.);
#1411=VECTOR('',#4849,10.);
#1412=VECTOR('',#4852,10.);
#1413=VECTOR('',#4853,10.);
#1414=VECTOR('',#4854,10.);
#1415=VECTOR('',#4857,10.);
#1416=VECTOR('',#4858,10.);
#1417=VECTOR('',#4859,10.);
#1418=VECTOR('',#4860,10.);
#1419=VECTOR('',#4861,10.);
#1420=VECTOR('',#4864,10.);
#1421=VECTOR('',#4865,10.);
#1422=VECTOR('',#4866,10.);
#1423=VECTOR('',#4867,10.);
#1424=VECTOR('',#4870,10.);
#1425=VECTOR('',#4871,10.);
#1426=VECTOR('',#4874,10.);
#1427=VECTOR('',#4875,10.);
#1428=VECTOR('',#4876,10.);
#1429=VECTOR('',#4877,10.);
#1430=VECTOR('',#4878,10.);
#1431=VECTOR('',#4879,10.);
#1432=VECTOR('',#4880,10.);
#1433=VECTOR('',#4881,10.);
#1434=VECTOR('',#4884,10.);
#1435=VECTOR('',#4885,10.);
#1436=VECTOR('',#4886,10.);
#1437=VECTOR('',#4889,10.);
#1438=VECTOR('',#4890,10.);
#1439=VECTOR('',#4893,10.);
#1440=VECTOR('',#4894,10.);
#1441=VECTOR('',#4895,10.);
#1442=VECTOR('',#4898,10.);
#1443=VECTOR('',#4899,10.);
#1444=VECTOR('',#4902,10.);
#1445=VECTOR('',#4903,10.);
#1446=VECTOR('',#4904,10.);
#1447=VECTOR('',#4905,10.);
#1448=VECTOR('',#4908,10.);
#1449=VECTOR('',#4909,10.);
#1450=VECTOR('',#4910,10.);
#1451=VECTOR('',#4911,10.);
#1452=VECTOR('',#4914,10.);
#1453=VECTOR('',#4915,10.);
#1454=VECTOR('',#4916,10.);
#1455=VECTOR('',#4917,10.);
#1456=VECTOR('',#4920,10.);
#1457=VECTOR('',#4921,10.);
#1458=VECTOR('',#4922,10.);
#1459=VECTOR('',#4923,10.);
#1460=VECTOR('',#4926,10.);
#1461=VECTOR('',#4927,10.);
#1462=VECTOR('',#4928,10.);
#1463=VECTOR('',#4961,10.);
#1464=VECTOR('',#4964,10.);
#1465=VECTOR('',#4967,10.);
#1466=VECTOR('',#4968,10.);
#1467=VECTOR('',#4971,10.);
#1468=VECTOR('',#4974,10.);
#1469=VECTOR('',#4977,10.);
#1470=VECTOR('',#4978,10.);
#1471=VECTOR('',#4979,10.);
#1472=VECTOR('',#4980,10.);
#1473=VECTOR('',#4981,10.);
#1474=VECTOR('',#4982,10.);
#1475=VECTOR('',#4983,10.);
#1476=VECTOR('',#4986,10.);
#1477=VECTOR('',#4987,10.);
#1478=VECTOR('',#4988,10.);
#1479=VECTOR('',#4991,10.);
#1480=VECTOR('',#4992,10.);
#1481=VECTOR('',#4993,10.);
#1482=VECTOR('',#4996,10.);
#1483=VECTOR('',#4997,10.);
#1484=VECTOR('',#4998,10.);
#1485=VECTOR('',#4999,10.);
#1486=VECTOR('',#5000,10.);
#1487=VECTOR('',#5001,10.);
#1488=VECTOR('',#5002,10.);
#1489=VECTOR('',#5003,10.);
#1490=VECTOR('',#5004,10.);
#1491=VECTOR('',#5005,10.);
#1492=VECTOR('',#5006,10.);
#1493=VECTOR('',#5007,10.);
#1494=VECTOR('',#5008,10.);
#1495=VECTOR('',#5009,10.);
#1496=VECTOR('',#5010,10.);
#1497=VECTOR('',#5011,10.);
#1498=VECTOR('',#5012,10.);
#1499=VECTOR('',#5013,10.);
#1500=VECTOR('',#5014,10.);
#1501=VECTOR('',#5015,10.);
#1502=VECTOR('',#5016,10.);
#1503=VECTOR('',#5017,10.);
#1504=VECTOR('',#5018,10.);
#1505=VECTOR('',#5019,10.);
#1506=VECTOR('',#5020,10.);
#1507=VECTOR('',#5021,10.);
#1508=VECTOR('',#5022,10.);
#1509=VECTOR('',#5023,10.);
#1510=VECTOR('',#5024,10.);
#1511=VECTOR('',#5025,10.);
#1512=VECTOR('',#5026,10.);
#1513=VECTOR('',#5027,10.);
#1514=VECTOR('',#5028,10.);
#1515=VECTOR('',#5029,10.);
#1516=VECTOR('',#5034,10.);
#1517=VECTOR('',#5035,10.);
#1518=VECTOR('',#5036,10.);
#1519=VECTOR('',#5037,10.);
#1520=VECTOR('',#5038,10.);
#1521=VECTOR('',#5039,10.);
#1522=VECTOR('',#5040,10.);
#1523=VECTOR('',#5041,10.);
#1524=VECTOR('',#5042,10.);
#1525=VECTOR('',#5043,10.);
#1526=VECTOR('',#5044,10.);
#1527=VECTOR('',#5045,10.);
#1528=VECTOR('',#5046,10.);
#1529=VECTOR('',#5047,10.);
#1530=VECTOR('',#5048,10.);
#1531=VECTOR('',#5049,10.);
#1532=VECTOR('',#5050,10.);
#1533=VECTOR('',#5051,10.);
#1534=VECTOR('',#5052,10.);
#1535=VECTOR('',#5053,10.);
#1536=VECTOR('',#5054,10.);
#1537=VECTOR('',#5055,10.);
#1538=VECTOR('',#5056,10.);
#1539=VECTOR('',#5057,10.);
#1540=VECTOR('',#5058,10.);
#1541=VECTOR('',#5059,10.);
#1542=VECTOR('',#5060,10.);
#1543=VECTOR('',#5061,10.);
#1544=VECTOR('',#5062,10.);
#1545=VECTOR('',#5063,10.);
#1546=VECTOR('',#5064,10.);
#1547=VECTOR('',#5065,10.);
#1548=VECTOR('',#5068,10.);
#1549=VECTOR('',#5069,10.);
#1550=VECTOR('',#5070,10.);
#1551=VECTOR('',#5071,10.);
#1552=VECTOR('',#5072,10.);
#1553=VECTOR('',#5073,10.);
#1554=VECTOR('',#5074,10.);
#1555=VECTOR('',#5075,10.);
#1556=VECTOR('',#5076,10.);
#1557=VECTOR('',#5077,10.);
#1558=VECTOR('',#5078,10.);
#1559=VECTOR('',#5079,10.);
#1560=VECTOR('',#5080,10.);
#1561=VECTOR('',#5081,10.);
#1562=VECTOR('',#5082,10.);
#1563=VECTOR('',#5083,10.);
#1564=VECTOR('',#5084,10.);
#1565=VECTOR('',#5085,10.);
#1566=VECTOR('',#5086,10.);
#1567=VECTOR('',#5087,10.);
#1568=VECTOR('',#5088,10.);
#1569=VECTOR('',#5089,10.);
#1570=VECTOR('',#5094,10.);
#1571=VECTOR('',#5095,10.);
#1572=VECTOR('',#5098,10.);
#1573=VECTOR('',#5099,10.);
#1574=VECTOR('',#5106,10.);
#1575=VECTOR('',#5107,10.);
#1576=VECTOR('',#5108,10.);
#1577=VECTOR('',#5113,10.);
#1578=VECTOR('',#5114,10.);
#1579=VECTOR('',#5115,10.);
#1580=VECTOR('',#5120,10.);
#1581=VECTOR('',#5121,10.);
#1582=VECTOR('',#5122,10.);
#1583=VECTOR('',#5123,10.);
#1584=VECTOR('',#5124,10.);
#1585=VECTOR('',#5127,10.);
#1586=VECTOR('',#5128,10.);
#1587=VECTOR('',#5131,1.5);
#1588=VECTOR('',#5134,1.49999999999999);
#1589=VECTOR('',#5137,1.5);
#1590=VECTOR('',#5142,10.);
#1591=VECTOR('',#5145,10.);
#1592=VECTOR('',#5160,10.);
#1593=VECTOR('',#5163,10.);
#1594=VECTOR('',#5166,10.);
#1595=VECTOR('',#5169,10.);
#1596=VECTOR('',#5174,10.);
#1597=VECTOR('',#5175,10.);
#1598=VECTOR('',#5178,10.);
#1599=VECTOR('',#5183,10.);
#1600=VECTOR('',#5188,10.);
#1601=VECTOR('',#5193,10.);
#1602=VECTOR('',#5204,10.);
#1603=VECTOR('',#5205,10.);
#1604=VECTOR('',#5206,10.);
#1605=VECTOR('',#5211,10.);
#1606=VECTOR('',#5218,10.);
#1607=VECTOR('',#5225,10.);
#1608=VECTOR('',#5230,10.);
#1609=VECTOR('',#5233,10.);
#1610=VECTOR('',#5236,10.);
#1611=VECTOR('',#5239,10.);
#1612=VECTOR('',#5242,10.);
#1613=VECTOR('',#5243,10.);
#1614=VECTOR('',#5244,10.);
#1615=VECTOR('',#5249,10.);
#1616=VECTOR('',#5252,10.);
#1617=VECTOR('',#5253,10.);
#1618=VECTOR('',#5258,10.);
#1619=VECTOR('',#5261,10.);
#1620=VECTOR('',#5266,10.);
#1621=VECTOR('',#5271,10.);
#1622=VECTOR('',#5278,1.5);
#1623=VECTOR('',#5285,1.5);
#1624=VECTOR('',#5292,1.49999999999999);
#1625=VECTOR('',#5299,1.49999999999999);
#1626=VECTOR('',#5306,10.);
#1627=VECTOR('',#5309,10.);
#1628=VECTOR('',#5310,10.);
#1629=VECTOR('',#5311,10.);
#1630=VECTOR('',#5314,10.);
#1631=VECTOR('',#5317,10.);
#1632=VECTOR('',#5318,10.);
#1633=VECTOR('',#5319,10.);
#1634=VECTOR('',#5320,10.);
#1635=VECTOR('',#5321,10.);
#1636=VECTOR('',#5322,10.);
#1637=VECTOR('',#5323,10.);
#1638=VECTOR('',#5324,10.);
#1639=VECTOR('',#5325,10.);
#1640=VECTOR('',#5326,10.);
#1641=VECTOR('',#5333,10.);
#1642=VECTOR('',#5336,10.);
#1643=VECTOR('',#5339,10.);
#1644=VECTOR('',#5348,10.);
#1645=VECTOR('',#5357,10.);
#1646=VECTOR('',#5362,10.);
#1647=VECTOR('',#5363,10.);
#1648=VECTOR('',#5366,10.);
#1649=VECTOR('',#5367,10.);
#1650=VECTOR('',#5368,10.);
#1651=VECTOR('',#5369,10.);
#1652=VECTOR('',#5370,10.);
#1653=VECTOR('',#5371,10.);
#1654=VECTOR('',#5372,10.);
#1655=VECTOR('',#5373,10.);
#1656=VECTOR('',#5374,10.);
#1657=VECTOR('',#5375,10.);
#1658=VECTOR('',#5376,10.);
#1659=VECTOR('',#5377,10.);
#1660=VECTOR('',#5380,10.);
#1661=VECTOR('',#5381,10.);
#1662=VECTOR('',#5388,10.);
#1663=VECTOR('',#5391,10.);
#1664=VECTOR('',#5396,10.);
#1665=VECTOR('',#5401,10.);
#1666=VECTOR('',#5406,10.);
#1667=VECTOR('',#5415,10.);
#1668=VECTOR('',#5418,10.);
#1669=VECTOR('',#5419,10.);
#1670=VECTOR('',#5424,10.);
#1671=VECTOR('',#5433,10.);
#1672=VECTOR('',#5434,10.);
#1673=VECTOR('',#5435,10.);
#1674=VECTOR('',#5436,10.);
#1675=VECTOR('',#5439,10.);
#1676=VECTOR('',#5444,10.);
#1677=VECTOR('',#5445,10.);
#1678=VECTOR('',#5456,10.);
#1679=VECTOR('',#5457,10.);
#1680=VECTOR('',#5458,10.);
#1681=VECTOR('',#5459,10.);
#1682=VECTOR('',#5460,10.);
#1683=VECTOR('',#5461,10.);
#1684=VECTOR('',#5462,10.);
#1685=VECTOR('',#5463,10.);
#1686=VECTOR('',#5468,10.);
#1687=VECTOR('',#5471,10.);
#1688=VECTOR('',#5474,10.);
#1689=VECTOR('',#5481,10.);
#1690=VECTOR('',#5484,10.);
#1691=VECTOR('',#5489,10.);
#1692=VECTOR('',#5492,10.);
#1693=VECTOR('',#5505,10.);
#1694=VECTOR('',#5506,10.);
#1695=VECTOR('',#5519,10.);
#1696=VECTOR('',#5520,10.);
#1697=VECTOR('',#5533,10.);
#1698=VECTOR('',#5534,10.);
#1699=VECTOR('',#5543,10.);
#1700=VECTOR('',#5546,10.);
#1701=VECTOR('',#5549,10.);
#1702=VECTOR('',#5550,10.);
#1703=VECTOR('',#5553,10.);
#1704=VECTOR('',#5558,10.);
#1705=VECTOR('',#5559,10.);
#1706=VECTOR('',#5586,10.);
#1707=VECTOR('',#5587,10.);
#1708=VECTOR('',#5600,10.);
#1709=VECTOR('',#5611,10.);
#1710=VECTOR('',#5620,10.);
#1711=VECTOR('',#5621,10.);
#1712=VECTOR('',#5624,10.);
#1713=VECTOR('',#5627,10.);
#1714=VECTOR('',#5630,10.);
#1715=VECTOR('',#5631,10.);
#1716=VECTOR('',#5632,10.);
#1717=VECTOR('',#5633,10.);
#1718=VECTOR('',#5634,10.);
#1719=VECTOR('',#5635,10.);
#1720=VECTOR('',#5636,10.);
#1721=VECTOR('',#5637,10.);
#1722=VECTOR('',#5638,10.);
#1723=VECTOR('',#5639,10.);
#1724=VECTOR('',#5640,10.);
#1725=VECTOR('',#5641,10.);
#1726=VECTOR('',#5642,10.);
#1727=VECTOR('',#5643,10.);
#1728=VECTOR('',#5644,10.);
#1729=VECTOR('',#5645,10.);
#1730=VECTOR('',#5646,10.);
#1731=VECTOR('',#5647,10.);
#1732=VECTOR('',#5648,10.);
#1733=VECTOR('',#5649,10.);
#1734=VECTOR('',#5650,10.);
#1735=VECTOR('',#5651,10.);
#1736=VECTOR('',#5652,10.);
#1737=VECTOR('',#5653,10.);
#1738=VECTOR('',#5654,10.);
#1739=VECTOR('',#5655,10.);
#1740=VECTOR('',#5656,10.);
#1741=VECTOR('',#5657,10.);
#1742=VECTOR('',#5658,10.);
#1743=VECTOR('',#5659,10.);
#1744=VECTOR('',#5660,10.);
#1745=VECTOR('',#5661,10.);
#1746=VECTOR('',#5662,10.);
#1747=VECTOR('',#5663,10.);
#1748=VECTOR('',#5664,10.);
#1749=VECTOR('',#5665,10.);
#1750=VECTOR('',#5666,10.);
#1751=VECTOR('',#5667,10.);
#1752=VECTOR('',#5668,10.);
#1753=VECTOR('',#5669,10.);
#1754=VECTOR('',#5670,10.);
#1755=VECTOR('',#5671,10.);
#1756=VECTOR('',#5672,10.);
#1757=VECTOR('',#5673,10.);
#1758=VECTOR('',#5674,10.);
#1759=VECTOR('',#5675,10.);
#1760=VECTOR('',#5676,10.);
#1761=VECTOR('',#5677,10.);
#1762=VECTOR('',#5678,10.);
#1763=VECTOR('',#5679,10.);
#1764=VECTOR('',#5680,10.);
#1765=VECTOR('',#5681,10.);
#1766=VECTOR('',#5682,10.);
#1767=VECTOR('',#5683,10.);
#1768=VECTOR('',#5684,10.);
#1769=VECTOR('',#5685,10.);
#1770=VECTOR('',#5686,10.);
#1771=VECTOR('',#5687,10.);
#1772=VECTOR('',#5688,10.);
#1773=VECTOR('',#5689,10.);
#1774=VECTOR('',#5690,10.);
#1775=VECTOR('',#5691,10.);
#1776=VECTOR('',#5692,10.);
#1777=VECTOR('',#5693,10.);
#1778=VECTOR('',#5694,10.);
#1779=VECTOR('',#5695,10.);
#1780=VECTOR('',#5754,10.);
#1781=VECTOR('',#5763,3.000002540005);
#1782=VECTOR('',#5766,2.500002540005);
#1783=VECTOR('',#5769,3.000002540005);
#1784=VECTOR('',#5772,10.);
#1785=VECTOR('',#5777,10.);
#1786=VECTOR('',#5778,10.);
#1787=VECTOR('',#5781,10.);
#1788=VECTOR('',#5784,10.);
#1789=VECTOR('',#5789,10.);
#1790=VECTOR('',#5790,10.);
#1791=VECTOR('',#5793,10.);
#1792=VECTOR('',#5796,10.);
#1793=VECTOR('',#5801,10.);
#1794=VECTOR('',#5802,10.);
#1795=VECTOR('',#5805,10.);
#1796=VECTOR('',#5808,10.);
#1797=VECTOR('',#5813,10.);
#1798=VECTOR('',#5814,10.);
#1799=VECTOR('',#5817,10.);
#1800=VECTOR('',#5820,10.);
#1801=VECTOR('',#5825,10.);
#1802=VECTOR('',#5826,10.);
#1803=VECTOR('',#5829,10.);
#1804=VECTOR('',#5832,10.);
#1805=VECTOR('',#5837,10.);
#1806=VECTOR('',#5838,10.);
#1807=VECTOR('',#5841,10.);
#1808=VECTOR('',#5844,10.);
#1809=VECTOR('',#5849,10.);
#1810=VECTOR('',#5850,10.);
#1811=VECTOR('',#5853,10.);
#1812=VECTOR('',#5856,10.);
#1813=VECTOR('',#5861,10.);
#1814=VECTOR('',#5862,10.);
#1815=VECTOR('',#5865,10.);
#1816=VECTOR('',#5868,10.);
#1817=VECTOR('',#5873,10.);
#1818=VECTOR('',#5874,10.);
#1819=VECTOR('',#5877,10.);
#1820=VECTOR('',#5880,10.);
#1821=VECTOR('',#5885,10.);
#1822=VECTOR('',#5886,10.);
#1823=VECTOR('',#5889,10.);
#1824=VECTOR('',#5892,10.);
#1825=VECTOR('',#5897,10.);
#1826=VECTOR('',#5898,10.);
#1827=VECTOR('',#5901,10.);
#1828=VECTOR('',#5904,10.);
#1829=VECTOR('',#5909,10.);
#1830=VECTOR('',#5910,10.);
#1831=VECTOR('',#5913,10.);
#1832=VECTOR('',#5916,10.);
#1833=VECTOR('',#5921,10.);
#1834=VECTOR('',#5922,10.);
#1835=VECTOR('',#5925,10.);
#1836=VECTOR('',#5928,10.);
#1837=VECTOR('',#5933,10.);
#1838=VECTOR('',#5934,10.);
#1839=VECTOR('',#5937,10.);
#1840=VECTOR('',#5940,10.);
#1841=VECTOR('',#5945,10.);
#1842=VECTOR('',#5946,10.);
#1843=VECTOR('',#5949,10.);
#1844=VECTOR('',#5952,10.);
#1845=VECTOR('',#5957,10.);
#1846=VECTOR('',#5958,10.);
#1847=VECTOR('',#5961,10.);
#1848=VECTOR('',#5964,10.);
#1849=VECTOR('',#5971,10.);
#1850=VECTOR('',#5980,10.);
#1851=VECTOR('',#5985,4.5);
#1852=VECTOR('',#5988,10.);
#1853=VERTEX_POINT('',#5996);
#1854=VERTEX_POINT('',#5997);
#1855=VERTEX_POINT('',#5999);
#1856=VERTEX_POINT('',#6001);
#1857=VERTEX_POINT('',#6005);
#1858=VERTEX_POINT('',#6007);
#1859=VERTEX_POINT('',#6011);
#1860=VERTEX_POINT('',#6013);
#1861=VERTEX_POINT('',#6015);
#1862=VERTEX_POINT('',#6017);
#1863=VERTEX_POINT('',#6019);
#1864=VERTEX_POINT('',#6021);
#1865=VERTEX_POINT('',#6023);
#1866=VERTEX_POINT('',#6025);
#1867=VERTEX_POINT('',#6027);
#1868=VERTEX_POINT('',#6029);
#1869=VERTEX_POINT('',#6031);
#1870=VERTEX_POINT('',#6033);
#1871=VERTEX_POINT('',#6035);
#1872=VERTEX_POINT('',#6037);
#1873=VERTEX_POINT('',#6039);
#1874=VERTEX_POINT('',#6041);
#1875=VERTEX_POINT('',#6043);
#1876=VERTEX_POINT('',#6045);
#1877=VERTEX_POINT('',#6047);
#1878=VERTEX_POINT('',#6049);
#1879=VERTEX_POINT('',#6051);
#1880=VERTEX_POINT('',#6053);
#1881=VERTEX_POINT('',#6055);
#1882=VERTEX_POINT('',#6057);
#1883=VERTEX_POINT('',#6059);
#1884=VERTEX_POINT('',#6061);
#1885=VERTEX_POINT('',#6063);
#1886=VERTEX_POINT('',#6065);
#1887=VERTEX_POINT('',#6067);
#1888=VERTEX_POINT('',#6069);
#1889=VERTEX_POINT('',#6073);
#1890=VERTEX_POINT('',#6077);
#1891=VERTEX_POINT('',#6081);
#1892=VERTEX_POINT('',#6087);
#1893=VERTEX_POINT('',#6088);
#1894=VERTEX_POINT('',#6090);
#1895=VERTEX_POINT('',#6092);
#1896=VERTEX_POINT('',#6094);
#1897=VERTEX_POINT('',#6098);
#1898=VERTEX_POINT('',#6100);
#1899=VERTEX_POINT('',#6102);
#1900=VERTEX_POINT('',#6104);
#1901=VERTEX_POINT('',#6108);
#1902=VERTEX_POINT('',#6109);
#1903=VERTEX_POINT('',#6111);
#1904=VERTEX_POINT('',#6113);
#1905=VERTEX_POINT('',#6120);
#1906=VERTEX_POINT('',#6121);
#1907=VERTEX_POINT('',#6123);
#1908=VERTEX_POINT('',#6125);
#1909=VERTEX_POINT('',#6128);
#1910=VERTEX_POINT('',#6129);
#1911=VERTEX_POINT('',#6131);
#1912=VERTEX_POINT('',#6133);
#1913=VERTEX_POINT('',#6137);
#1914=VERTEX_POINT('',#6139);
#1915=VERTEX_POINT('',#6143);
#1916=VERTEX_POINT('',#6147);
#1917=VERTEX_POINT('',#6149);
#1918=VERTEX_POINT('',#6153);
#1919=VERTEX_POINT('',#6157);
#1920=VERTEX_POINT('',#6158);
#1921=VERTEX_POINT('',#6160);
#1922=VERTEX_POINT('',#6162);
#1923=VERTEX_POINT('',#6166);
#1924=VERTEX_POINT('',#6167);
#1925=VERTEX_POINT('',#6169);
#1926=VERTEX_POINT('',#6171);
#1927=VERTEX_POINT('',#6175);
#1928=VERTEX_POINT('',#6176);
#1929=VERTEX_POINT('',#6178);
#1930=VERTEX_POINT('',#6180);
#1931=VERTEX_POINT('',#6184);
#1932=VERTEX_POINT('',#6185);
#1933=VERTEX_POINT('',#6187);
#1934=VERTEX_POINT('',#6189);
#1935=VERTEX_POINT('',#6193);
#1936=VERTEX_POINT('',#6195);
#1937=VERTEX_POINT('',#6199);
#1938=VERTEX_POINT('',#6202);
#1939=VERTEX_POINT('',#6204);
#1940=VERTEX_POINT('',#6207);
#1941=VERTEX_POINT('',#6210);
#1942=VERTEX_POINT('',#6212);
#1943=VERTEX_POINT('',#6215);
#1944=VERTEX_POINT('',#6218);
#1945=VERTEX_POINT('',#6220);
#1946=VERTEX_POINT('',#6223);
#1947=VERTEX_POINT('',#6225);
#1948=VERTEX_POINT('',#6229);
#1949=VERTEX_POINT('',#6233);
#1950=VERTEX_POINT('',#6235);
#1951=VERTEX_POINT('',#6239);
#1952=VERTEX_POINT('',#6241);
#1953=VERTEX_POINT('',#6243);
#1954=VERTEX_POINT('',#6245);
#1955=VERTEX_POINT('',#6247);
#1956=VERTEX_POINT('',#6249);
#1957=VERTEX_POINT('',#6251);
#1958=VERTEX_POINT('',#6253);
#1959=VERTEX_POINT('',#6255);
#1960=VERTEX_POINT('',#6257);
#1961=VERTEX_POINT('',#6259);
#1962=VERTEX_POINT('',#6261);
#1963=VERTEX_POINT('',#6263);
#1964=VERTEX_POINT('',#6265);
#1965=VERTEX_POINT('',#6267);
#1966=VERTEX_POINT('',#6269);
#1967=VERTEX_POINT('',#6271);
#1968=VERTEX_POINT('',#6273);
#1969=VERTEX_POINT('',#6277);
#1970=VERTEX_POINT('',#6279);
#1971=VERTEX_POINT('',#6281);
#1972=VERTEX_POINT('',#6283);
#1973=VERTEX_POINT('',#6285);
#1974=VERTEX_POINT('',#6287);
#1975=VERTEX_POINT('',#6289);
#1976=VERTEX_POINT('',#6292);
#1977=VERTEX_POINT('',#6294);
#1978=VERTEX_POINT('',#6296);
#1979=VERTEX_POINT('',#6299);
#1980=VERTEX_POINT('',#6302);
#1981=VERTEX_POINT('',#6303);
#1982=VERTEX_POINT('',#6305);
#1983=VERTEX_POINT('',#6307);
#1984=VERTEX_POINT('',#6310);
#1985=VERTEX_POINT('',#6311);
#1986=VERTEX_POINT('',#6313);
#1987=VERTEX_POINT('',#6315);
#1988=VERTEX_POINT('',#6318);
#1989=VERTEX_POINT('',#6319);
#1990=VERTEX_POINT('',#6321);
#1991=VERTEX_POINT('',#6323);
#1992=VERTEX_POINT('',#6326);
#1993=VERTEX_POINT('',#6327);
#1994=VERTEX_POINT('',#6329);
#1995=VERTEX_POINT('',#6331);
#1996=VERTEX_POINT('',#6334);
#1997=VERTEX_POINT('',#6336);
#1998=VERTEX_POINT('',#6338);
#1999=VERTEX_POINT('',#6339);
#2000=VERTEX_POINT('',#6341);
#2001=VERTEX_POINT('',#6343);
#2002=VERTEX_POINT('',#6346);
#2003=VERTEX_POINT('',#6347);
#2004=VERTEX_POINT('',#6349);
#2005=VERTEX_POINT('',#6351);
#2006=VERTEX_POINT('',#6354);
#2007=VERTEX_POINT('',#6355);
#2008=VERTEX_POINT('',#6357);
#2009=VERTEX_POINT('',#6359);
#2010=VERTEX_POINT('',#6362);
#2011=VERTEX_POINT('',#6363);
#2012=VERTEX_POINT('',#6365);
#2013=VERTEX_POINT('',#6367);
#2014=VERTEX_POINT('',#6370);
#2015=VERTEX_POINT('',#6371);
#2016=VERTEX_POINT('',#6373);
#2017=VERTEX_POINT('',#6375);
#2018=VERTEX_POINT('',#6378);
#2019=VERTEX_POINT('',#6379);
#2020=VERTEX_POINT('',#6381);
#2021=VERTEX_POINT('',#6383);
#2022=VERTEX_POINT('',#6386);
#2023=VERTEX_POINT('',#6387);
#2024=VERTEX_POINT('',#6389);
#2025=VERTEX_POINT('',#6391);
#2026=VERTEX_POINT('',#6394);
#2027=VERTEX_POINT('',#6395);
#2028=VERTEX_POINT('',#6397);
#2029=VERTEX_POINT('',#6399);
#2030=VERTEX_POINT('',#6402);
#2031=VERTEX_POINT('',#6404);
#2032=VERTEX_POINT('',#6405);
#2033=VERTEX_POINT('',#6407);
#2034=VERTEX_POINT('',#6409);
#2035=VERTEX_POINT('',#6412);
#2036=VERTEX_POINT('',#6413);
#2037=VERTEX_POINT('',#6415);
#2038=VERTEX_POINT('',#6417);
#2039=VERTEX_POINT('',#6420);
#2040=VERTEX_POINT('',#6421);
#2041=VERTEX_POINT('',#6423);
#2042=VERTEX_POINT('',#6425);
#2043=VERTEX_POINT('',#6428);
#2044=VERTEX_POINT('',#6429);
#2045=VERTEX_POINT('',#6431);
#2046=VERTEX_POINT('',#6433);
#2047=VERTEX_POINT('',#6436);
#2048=VERTEX_POINT('',#6437);
#2049=VERTEX_POINT('',#6439);
#2050=VERTEX_POINT('',#6441);
#2051=VERTEX_POINT('',#6443);
#2052=VERTEX_POINT('',#6445);
#2053=VERTEX_POINT('',#6449);
#2054=VERTEX_POINT('',#6450);
#2055=VERTEX_POINT('',#6455);
#2056=VERTEX_POINT('',#6461);
#2057=VERTEX_POINT('',#6463);
#2058=VERTEX_POINT('',#6465);
#2059=VERTEX_POINT('',#6469);
#2060=VERTEX_POINT('',#6470);
#2061=VERTEX_POINT('',#6472);
#2062=VERTEX_POINT('',#6477);
#2063=VERTEX_POINT('',#6479);
#2064=VERTEX_POINT('',#6481);
#2065=VERTEX_POINT('',#6483);
#2066=VERTEX_POINT('',#6487);
#2067=VERTEX_POINT('',#6497);
#2068=VERTEX_POINT('',#6498);
#2069=VERTEX_POINT('',#6500);
#2070=VERTEX_POINT('',#6502);
#2071=VERTEX_POINT('',#6506);
#2072=VERTEX_POINT('',#6522);
#2073=VERTEX_POINT('',#6524);
#2074=VERTEX_POINT('',#6526);
#2075=VERTEX_POINT('',#6528);
#2076=VERTEX_POINT('',#6532);
#2077=VERTEX_POINT('',#6536);
#2078=VERTEX_POINT('',#6538);
#2079=VERTEX_POINT('',#6542);
#2080=VERTEX_POINT('',#6546);
#2081=VERTEX_POINT('',#6550);
#2082=VERTEX_POINT('',#6554);
#2083=VERTEX_POINT('',#6558);
#2084=VERTEX_POINT('',#6573);
#2085=VERTEX_POINT('',#6588);
#2086=VERTEX_POINT('',#6590);
#2087=VERTEX_POINT('',#6592);
#2088=VERTEX_POINT('',#6600);
#2089=VERTEX_POINT('',#6601);
#2090=VERTEX_POINT('',#6608);
#2091=VERTEX_POINT('',#6618);
#2092=VERTEX_POINT('',#6620);
#2093=VERTEX_POINT('',#6633);
#2094=VERTEX_POINT('',#6636);
#2095=VERTEX_POINT('',#6640);
#2096=VERTEX_POINT('',#6645);
#2097=VERTEX_POINT('',#6647);
#2098=VERTEX_POINT('',#6651);
#2099=VERTEX_POINT('',#6653);
#2100=VERTEX_POINT('',#6657);
#2101=VERTEX_POINT('',#6659);
#2102=VERTEX_POINT('',#6663);
#2103=VERTEX_POINT('',#6665);
#2104=VERTEX_POINT('',#6669);
#2105=VERTEX_POINT('',#6673);
#2106=VERTEX_POINT('',#6675);
#2107=VERTEX_POINT('',#6681);
#2108=VERTEX_POINT('',#6683);
#2109=VERTEX_POINT('',#6685);
#2110=VERTEX_POINT('',#6687);
#2111=VERTEX_POINT('',#6689);
#2112=VERTEX_POINT('',#6691);
#2113=VERTEX_POINT('',#6693);
#2114=VERTEX_POINT('',#6695);
#2115=VERTEX_POINT('',#6702);
#2116=VERTEX_POINT('',#6704);
#2117=VERTEX_POINT('',#6706);
#2118=VERTEX_POINT('',#6714);
#2119=VERTEX_POINT('',#6719);
#2120=VERTEX_POINT('',#6721);
#2121=VERTEX_POINT('',#6725);
#2122=VERTEX_POINT('',#6729);
#2123=VERTEX_POINT('',#6731);
#2124=VERTEX_POINT('',#6733);
#2125=VERTEX_POINT('',#6735);
#2126=VERTEX_POINT('',#6737);
#2127=VERTEX_POINT('',#6739);
#2128=VERTEX_POINT('',#6741);
#2129=VERTEX_POINT('',#6743);
#2130=VERTEX_POINT('',#6745);
#2131=VERTEX_POINT('',#6751);
#2132=VERTEX_POINT('',#6757);
#2133=VERTEX_POINT('',#6765);
#2134=VERTEX_POINT('',#6773);
#2135=VERTEX_POINT('',#6775);
#2136=VERTEX_POINT('',#6782);
#2137=VERTEX_POINT('',#6789);
#2138=VERTEX_POINT('',#6791);
#2139=VERTEX_POINT('',#6793);
#2140=VERTEX_POINT('',#6797);
#2141=VERTEX_POINT('',#6801);
#2142=VERTEX_POINT('',#6809);
#2143=VERTEX_POINT('',#6811);
#2144=VERTEX_POINT('',#6813);
#2145=VERTEX_POINT('',#6815);
#2146=VERTEX_POINT('',#6817);
#2147=VERTEX_POINT('',#6819);
#2148=VERTEX_POINT('',#6823);
#2149=VERTEX_POINT('',#6838);
#2150=VERTEX_POINT('',#6839);
#2151=VERTEX_POINT('',#6841);
#2152=VERTEX_POINT('',#6843);
#2153=VERTEX_POINT('',#6847);
#2154=VERTEX_POINT('',#6848);
#2155=VERTEX_POINT('',#6853);
#2156=VERTEX_POINT('',#6854);
#2157=VERTEX_POINT('',#6859);
#2158=VERTEX_POINT('',#6860);
#2159=VERTEX_POINT('',#6865);
#2160=VERTEX_POINT('',#6866);
#2161=VERTEX_POINT('',#6871);
#2162=VERTEX_POINT('',#6872);
#2163=VERTEX_POINT('',#6877);
#2164=VERTEX_POINT('',#6878);
#2165=VERTEX_POINT('',#6886);
#2166=VERTEX_POINT('',#6888);
#2167=VERTEX_POINT('',#6892);
#2168=VERTEX_POINT('',#6896);
#2169=VERTEX_POINT('',#6900);
#2170=VERTEX_POINT('',#6903);
#2171=VERTEX_POINT('',#6911);
#2172=VERTEX_POINT('',#6912);
#2173=VERTEX_POINT('',#6914);
#2174=VERTEX_POINT('',#6916);
#2175=VERTEX_POINT('',#6920);
#2176=VERTEX_POINT('',#6921);
#2177=VERTEX_POINT('',#6926);
#2178=VERTEX_POINT('',#6931);
#2179=VERTEX_POINT('',#6935);
#2180=VERTEX_POINT('',#6939);
#2181=VERTEX_POINT('',#6943);
#2182=VERTEX_POINT('',#6954);
#2183=VERTEX_POINT('',#6955);
#2184=VERTEX_POINT('',#6957);
#2185=VERTEX_POINT('',#6959);
#2186=VERTEX_POINT('',#6962);
#2187=VERTEX_POINT('',#6963);
#2188=VERTEX_POINT('',#6965);
#2189=VERTEX_POINT('',#6967);
#2190=VERTEX_POINT('',#6970);
#2191=VERTEX_POINT('',#6971);
#2192=VERTEX_POINT('',#6973);
#2193=VERTEX_POINT('',#6975);
#2194=VERTEX_POINT('',#6978);
#2195=VERTEX_POINT('',#6979);
#2196=VERTEX_POINT('',#6981);
#2197=VERTEX_POINT('',#6983);
#2198=VERTEX_POINT('',#6986);
#2199=VERTEX_POINT('',#6987);
#2200=VERTEX_POINT('',#6989);
#2201=VERTEX_POINT('',#6991);
#2202=VERTEX_POINT('',#6994);
#2203=VERTEX_POINT('',#6995);
#2204=VERTEX_POINT('',#6997);
#2205=VERTEX_POINT('',#6999);
#2206=VERTEX_POINT('',#7002);
#2207=VERTEX_POINT('',#7003);
#2208=VERTEX_POINT('',#7005);
#2209=VERTEX_POINT('',#7007);
#2210=VERTEX_POINT('',#7010);
#2211=VERTEX_POINT('',#7011);
#2212=VERTEX_POINT('',#7013);
#2213=VERTEX_POINT('',#7015);
#2214=VERTEX_POINT('',#7018);
#2215=VERTEX_POINT('',#7019);
#2216=VERTEX_POINT('',#7021);
#2217=VERTEX_POINT('',#7023);
#2218=VERTEX_POINT('',#7026);
#2219=VERTEX_POINT('',#7027);
#2220=VERTEX_POINT('',#7029);
#2221=VERTEX_POINT('',#7031);
#2222=VERTEX_POINT('',#7034);
#2223=VERTEX_POINT('',#7035);
#2224=VERTEX_POINT('',#7037);
#2225=VERTEX_POINT('',#7039);
#2226=VERTEX_POINT('',#7042);
#2227=VERTEX_POINT('',#7043);
#2228=VERTEX_POINT('',#7045);
#2229=VERTEX_POINT('',#7047);
#2230=VERTEX_POINT('',#7050);
#2231=VERTEX_POINT('',#7051);
#2232=VERTEX_POINT('',#7053);
#2233=VERTEX_POINT('',#7055);
#2234=VERTEX_POINT('',#7058);
#2235=VERTEX_POINT('',#7059);
#2236=VERTEX_POINT('',#7061);
#2237=VERTEX_POINT('',#7063);
#2238=VERTEX_POINT('',#7066);
#2239=VERTEX_POINT('',#7067);
#2240=VERTEX_POINT('',#7069);
#2241=VERTEX_POINT('',#7071);
#2242=VERTEX_POINT('',#7074);
#2243=VERTEX_POINT('',#7075);
#2244=VERTEX_POINT('',#7077);
#2245=VERTEX_POINT('',#7079);
#2246=VERTEX_POINT('',#7082);
#2247=EDGE_CURVE('',#1853,#1854,#895,.T.);
#2248=EDGE_CURVE('',#1855,#1854,#773,.T.);
#2249=EDGE_CURVE('',#1855,#1856,#896,.T.);
#2250=EDGE_CURVE('',#1856,#1853,#760,.T.);
#2251=EDGE_CURVE('',#1856,#1857,#897,.T.);
#2252=EDGE_CURVE('',#1857,#1858,#774,.T.);
#2253=EDGE_CURVE('',#1858,#1853,#898,.T.);
#2254=EDGE_CURVE('',#1854,#1859,#899,.T.);
#2255=EDGE_CURVE('',#1859,#1860,#900,.T.);
#2256=EDGE_CURVE('',#1860,#1861,#901,.T.);
#2257=EDGE_CURVE('',#1862,#1861,#902,.T.);
#2258=EDGE_CURVE('',#1863,#1862,#903,.T.);
#2259=EDGE_CURVE('',#1863,#1864,#904,.T.);
#2260=EDGE_CURVE('',#1864,#1865,#905,.T.);
#2261=EDGE_CURVE('',#1866,#1865,#906,.T.);
#2262=EDGE_CURVE('',#1867,#1866,#775,.T.);
#2263=EDGE_CURVE('',#1867,#1868,#907,.T.);
#2264=EDGE_CURVE('',#1869,#1868,#776,.T.);
#2265=EDGE_CURVE('',#1869,#1870,#908,.T.);
#2266=EDGE_CURVE('',#1871,#1870,#777,.T.);
#2267=EDGE_CURVE('',#1871,#1872,#909,.T.);
#2268=EDGE_CURVE('',#1873,#1872,#778,.T.);
#2269=EDGE_CURVE('',#1873,#1874,#910,.T.);
#2270=EDGE_CURVE('',#1874,#1875,#911,.T.);
#2271=EDGE_CURVE('',#1875,#1876,#912,.T.);
#2272=EDGE_CURVE('',#1876,#1877,#913,.T.);
#2273=EDGE_CURVE('',#1877,#1878,#914,.T.);
#2274=EDGE_CURVE('',#1878,#1879,#915,.T.);
#2275=EDGE_CURVE('',#1878,#1880,#916,.T.);
#2276=EDGE_CURVE('',#1881,#1880,#917,.T.);
#2277=EDGE_CURVE('',#1882,#1881,#918,.T.);
#2278=EDGE_CURVE('',#1883,#1882,#919,.T.);
#2279=EDGE_CURVE('',#1883,#1884,#920,.T.);
#2280=EDGE_CURVE('',#1884,#1885,#921,.T.);
#2281=EDGE_CURVE('',#1885,#1886,#922,.T.);
#2282=EDGE_CURVE('',#1885,#1887,#923,.T.);
#2283=EDGE_CURVE('',#1887,#1888,#924,.T.);
#2284=EDGE_CURVE('',#1888,#1855,#925,.T.);
#2285=EDGE_CURVE('',#1853,#1889,#926,.T.);
#2286=EDGE_CURVE('',#1889,#1859,#927,.T.);
#2287=EDGE_CURVE('',#1890,#1858,#928,.T.);
#2288=EDGE_CURVE('',#1889,#1890,#929,.T.);
#2289=EDGE_CURVE('',#1891,#1857,#930,.T.);
#2290=EDGE_CURVE('',#1891,#1861,#779,.T.);
#2291=EDGE_CURVE('',#1890,#1860,#931,.T.);
#2292=EDGE_CURVE('',#1892,#1893,#932,.T.);
#2293=EDGE_CURVE('',#1894,#1892,#780,.T.);
#2294=EDGE_CURVE('',#1895,#1894,#933,.T.);
#2295=EDGE_CURVE('',#1896,#1895,#934,.T.);
#2296=EDGE_CURVE('',#1893,#1896,#935,.T.);
#2297=EDGE_CURVE('',#1897,#1896,#936,.T.);
#2298=EDGE_CURVE('',#1895,#1898,#937,.T.);
#2299=EDGE_CURVE('',#1899,#1898,#938,.T.);
#2300=EDGE_CURVE('',#1900,#1899,#939,.T.);
#2301=EDGE_CURVE('',#1900,#1897,#940,.T.);
#2302=EDGE_CURVE('',#1901,#1902,#941,.T.);
#2303=EDGE_CURVE('',#1901,#1903,#942,.T.);
#2304=EDGE_CURVE('',#1904,#1903,#943,.T.);
#2305=EDGE_CURVE('',#1902,#1904,#944,.T.);
#2306=EDGE_CURVE('',#1903,#1899,#945,.T.);
#2307=EDGE_CURVE('',#1898,#1904,#946,.T.);
#2308=EDGE_CURVE('',#1905,#1906,#947,.T.);
#2309=EDGE_CURVE('',#1907,#1905,#948,.T.);
#2310=EDGE_CURVE('',#1908,#1907,#949,.T.);
#2311=EDGE_CURVE('',#1906,#1908,#950,.T.);
#2312=EDGE_CURVE('',#1909,#1910,#951,.T.);
#2313=EDGE_CURVE('',#1911,#1909,#952,.T.);
#2314=EDGE_CURVE('',#1912,#1911,#953,.T.);
#2315=EDGE_CURVE('',#1910,#1912,#954,.T.);
#2316=EDGE_CURVE('',#1913,#1912,#955,.T.);
#2317=EDGE_CURVE('',#1914,#1913,#956,.T.);
#2318=EDGE_CURVE('',#1914,#1910,#957,.T.);
#2319=EDGE_CURVE('',#1915,#1911,#958,.T.);
#2320=EDGE_CURVE('',#1913,#1915,#959,.T.);
#2321=EDGE_CURVE('',#1916,#1905,#960,.T.);
#2322=EDGE_CURVE('',#1917,#1916,#961,.T.);
#2323=EDGE_CURVE('',#1917,#1907,#962,.T.);
#2324=EDGE_CURVE('',#1918,#1906,#963,.T.);
#2325=EDGE_CURVE('',#1916,#1918,#964,.T.);
#2326=EDGE_CURVE('',#1919,#1920,#965,.T.);
#2327=EDGE_CURVE('',#1921,#1919,#966,.T.);
#2328=EDGE_CURVE('',#1922,#1921,#967,.T.);
#2329=EDGE_CURVE('',#1920,#1922,#968,.T.);
#2330=EDGE_CURVE('',#1923,#1924,#969,.T.);
#2331=EDGE_CURVE('',#1925,#1923,#970,.T.);
#2332=EDGE_CURVE('',#1926,#1925,#971,.T.);
#2333=EDGE_CURVE('',#1924,#1926,#972,.T.);
#2334=EDGE_CURVE('',#1927,#1928,#973,.T.);
#2335=EDGE_CURVE('',#1929,#1927,#974,.T.);
#2336=EDGE_CURVE('',#1930,#1929,#975,.T.);
#2337=EDGE_CURVE('',#1928,#1930,#976,.T.);
#2338=EDGE_CURVE('',#1931,#1932,#977,.T.);
#2339=EDGE_CURVE('',#1933,#1931,#978,.T.);
#2340=EDGE_CURVE('',#1934,#1933,#979,.T.);
#2341=EDGE_CURVE('',#1932,#1934,#980,.T.);
#2342=EDGE_CURVE('',#1935,#1932,#981,.T.);
#2343=EDGE_CURVE('',#1936,#1935,#982,.T.);
#2344=EDGE_CURVE('',#1931,#1936,#983,.T.);
#2345=EDGE_CURVE('',#1937,#1937,#781,.T.);
#2346=EDGE_CURVE('',#1938,#1938,#782,.T.);
#2347=EDGE_CURVE('',#1939,#1939,#783,.T.);
#2348=EDGE_CURVE('',#1940,#1940,#784,.T.);
#2349=EDGE_CURVE('',#1941,#1941,#785,.T.);
#2350=EDGE_CURVE('',#1942,#1942,#786,.T.);
#2351=EDGE_CURVE('',#1943,#1943,#787,.T.);
#2352=EDGE_CURVE('',#1944,#1944,#788,.T.);
#2353=EDGE_CURVE('',#1945,#1945,#789,.T.);
#2354=EDGE_CURVE('',#1872,#1946,#984,.T.);
#2355=EDGE_CURVE('',#1946,#1947,#790,.T.);
#2356=EDGE_CURVE('',#1947,#1873,#985,.T.);
#2357=EDGE_CURVE('',#1948,#1871,#986,.T.);
#2358=EDGE_CURVE('',#1946,#1948,#987,.T.);
#2359=EDGE_CURVE('',#1866,#1949,#988,.T.);
#2360=EDGE_CURVE('',#1949,#1950,#791,.T.);
#2361=EDGE_CURVE('',#1950,#1867,#989,.T.);
#2362=EDGE_CURVE('',#1888,#1951,#990,.T.);
#2363=EDGE_CURVE('',#1951,#1952,#991,.T.);
#2364=EDGE_CURVE('',#1953,#1952,#992,.T.);
#2365=EDGE_CURVE('',#1954,#1953,#993,.T.);
#2366=EDGE_CURVE('',#1955,#1954,#994,.T.);
#2367=EDGE_CURVE('',#1956,#1955,#995,.T.);
#2368=EDGE_CURVE('',#1957,#1956,#996,.T.);
#2369=EDGE_CURVE('',#1957,#1958,#792,.T.);
#2370=EDGE_CURVE('',#1958,#1959,#997,.T.);
#2371=EDGE_CURVE('',#1960,#1959,#998,.T.);
#2372=EDGE_CURVE('',#1960,#1961,#999,.T.);
#2373=EDGE_CURVE('',#1961,#1962,#793,.T.);
#2374=EDGE_CURVE('',#1962,#1963,#1000,.T.);
#2375=EDGE_CURVE('',#1964,#1963,#1001,.T.);
#2376=EDGE_CURVE('',#1964,#1965,#1002,.T.);
#2377=EDGE_CURVE('',#1966,#1965,#794,.T.);
#2378=EDGE_CURVE('',#1967,#1966,#1003,.T.);
#2379=EDGE_CURVE('',#1968,#1967,#1004,.T.);
#2380=EDGE_CURVE('',#1968,#1874,#1005,.T.);
#2381=EDGE_CURVE('',#1949,#1947,#1006,.T.);
#2382=EDGE_CURVE('',#1865,#1969,#1007,.T.);
#2383=EDGE_CURVE('',#1969,#1970,#1008,.T.);
#2384=EDGE_CURVE('',#1971,#1970,#1009,.T.);
#2385=EDGE_CURVE('',#1972,#1971,#1010,.T.);
#2386=EDGE_CURVE('',#1973,#1972,#1011,.T.);
#2387=EDGE_CURVE('',#1974,#1973,#1012,.T.);
#2388=EDGE_CURVE('',#1975,#1974,#1013,.T.);
#2389=EDGE_CURVE('',#1892,#1975,#1014,.T.);
#2390=EDGE_CURVE('',#1893,#1976,#1015,.T.);
#2391=EDGE_CURVE('',#1977,#1976,#1016,.T.);
#2392=EDGE_CURVE('',#1978,#1977,#1017,.T.);
#2393=EDGE_CURVE('',#1891,#1978,#1018,.T.);
#2394=EDGE_CURVE('',#1918,#1979,#1019,.T.);
#2395=EDGE_CURVE('',#1979,#1917,#1020,.T.);
#2396=EDGE_CURVE('',#1980,#1981,#1021,.T.);
#2397=EDGE_CURVE('',#1981,#1982,#1022,.T.);
#2398=EDGE_CURVE('',#1982,#1983,#1023,.T.);
#2399=EDGE_CURVE('',#1983,#1980,#1024,.T.);
#2400=EDGE_CURVE('',#1984,#1985,#1025,.T.);
#2401=EDGE_CURVE('',#1985,#1986,#1026,.T.);
#2402=EDGE_CURVE('',#1986,#1987,#1027,.T.);
#2403=EDGE_CURVE('',#1987,#1984,#1028,.T.);
#2404=EDGE_CURVE('',#1988,#1989,#1029,.T.);
#2405=EDGE_CURVE('',#1989,#1990,#1030,.T.);
#2406=EDGE_CURVE('',#1990,#1991,#1031,.T.);
#2407=EDGE_CURVE('',#1991,#1988,#1032,.T.);
#2408=EDGE_CURVE('',#1992,#1993,#1033,.T.);
#2409=EDGE_CURVE('',#1993,#1994,#1034,.T.);
#2410=EDGE_CURVE('',#1994,#1995,#1035,.T.);
#2411=EDGE_CURVE('',#1995,#1992,#1036,.T.);
#2412=EDGE_CURVE('',#1996,#1996,#795,.T.);
#2413=EDGE_CURVE('',#1997,#1997,#796,.T.);
#2414=EDGE_CURVE('',#1998,#1999,#1037,.T.);
#2415=EDGE_CURVE('',#1999,#2000,#1038,.T.);
#2416=EDGE_CURVE('',#2000,#2001,#1039,.T.);
#2417=EDGE_CURVE('',#2001,#1998,#1040,.T.);
#2418=EDGE_CURVE('',#2002,#2003,#1041,.T.);
#2419=EDGE_CURVE('',#2003,#2004,#1042,.T.);
#2420=EDGE_CURVE('',#2004,#2005,#1043,.T.);
#2421=EDGE_CURVE('',#2005,#2002,#1044,.T.);
#2422=EDGE_CURVE('',#2006,#2007,#1045,.T.);
#2423=EDGE_CURVE('',#2007,#2008,#1046,.T.);
#2424=EDGE_CURVE('',#2008,#2009,#1047,.T.);
#2425=EDGE_CURVE('',#2009,#2006,#1048,.T.);
#2426=EDGE_CURVE('',#2010,#2011,#1049,.T.);
#2427=EDGE_CURVE('',#2011,#2012,#1050,.T.);
#2428=EDGE_CURVE('',#2012,#2013,#1051,.T.);
#2429=EDGE_CURVE('',#2013,#2010,#1052,.T.);
#2430=EDGE_CURVE('',#2014,#2015,#1053,.T.);
#2431=EDGE_CURVE('',#2015,#2016,#1054,.T.);
#2432=EDGE_CURVE('',#2016,#2017,#1055,.T.);
#2433=EDGE_CURVE('',#2017,#2014,#1056,.T.);
#2434=EDGE_CURVE('',#2018,#2019,#1057,.T.);
#2435=EDGE_CURVE('',#2019,#2020,#1058,.T.);
#2436=EDGE_CURVE('',#2020,#2021,#1059,.T.);
#2437=EDGE_CURVE('',#2021,#2018,#1060,.T.);
#2438=EDGE_CURVE('',#2022,#2023,#1061,.T.);
#2439=EDGE_CURVE('',#2023,#2024,#1062,.T.);
#2440=EDGE_CURVE('',#2024,#2025,#1063,.T.);
#2441=EDGE_CURVE('',#2025,#2022,#1064,.T.);
#2442=EDGE_CURVE('',#2026,#2027,#1065,.T.);
#2443=EDGE_CURVE('',#2027,#2028,#1066,.T.);
#2444=EDGE_CURVE('',#2028,#2029,#1067,.T.);
#2445=EDGE_CURVE('',#2029,#2026,#1068,.T.);
#2446=EDGE_CURVE('',#2030,#2030,#797,.T.);
#2447=EDGE_CURVE('',#2031,#2032,#1069,.T.);
#2448=EDGE_CURVE('',#2032,#2033,#1070,.T.);
#2449=EDGE_CURVE('',#2033,#2034,#1071,.T.);
#2450=EDGE_CURVE('',#2034,#2031,#1072,.T.);
#2451=EDGE_CURVE('',#2035,#2036,#1073,.T.);
#2452=EDGE_CURVE('',#2036,#2037,#1074,.T.);
#2453=EDGE_CURVE('',#2037,#2038,#1075,.T.);
#2454=EDGE_CURVE('',#2038,#2035,#1076,.T.);
#2455=EDGE_CURVE('',#2039,#2040,#1077,.T.);
#2456=EDGE_CURVE('',#2040,#2041,#1078,.T.);
#2457=EDGE_CURVE('',#2041,#2042,#1079,.T.);
#2458=EDGE_CURVE('',#2042,#2039,#1080,.T.);
#2459=EDGE_CURVE('',#2043,#2044,#1081,.T.);
#2460=EDGE_CURVE('',#2044,#2045,#1082,.T.);
#2461=EDGE_CURVE('',#2045,#2046,#1083,.T.);
#2462=EDGE_CURVE('',#2046,#2043,#1084,.T.);
#2463=EDGE_CURVE('',#2047,#2048,#1085,.T.);
#2464=EDGE_CURVE('',#2049,#2048,#1086,.T.);
#2465=EDGE_CURVE('',#2050,#2049,#1087,.T.);
#2466=EDGE_CURVE('',#2051,#2050,#1088,.T.);
#2467=EDGE_CURVE('',#2052,#2051,#1089,.T.);
#2468=EDGE_CURVE('',#2052,#2047,#1090,.T.);
#2469=EDGE_CURVE('',#2053,#2054,#798,.T.);
#2470=EDGE_CURVE('',#2054,#1869,#1091,.T.);
#2471=EDGE_CURVE('',#1868,#2053,#1092,.T.);
#2472=EDGE_CURVE('',#2055,#2054,#1093,.T.);
#2473=EDGE_CURVE('',#1870,#2055,#1094,.T.);
#2474=EDGE_CURVE('',#2055,#1948,#799,.T.);
#2475=EDGE_CURVE('',#2056,#1969,#1095,.T.);
#2476=EDGE_CURVE('',#2057,#2056,#1096,.T.);
#2477=EDGE_CURVE('',#2058,#2057,#1097,.T.);
#2478=EDGE_CURVE('',#1970,#2058,#800,.T.);
#2479=EDGE_CURVE('',#2059,#2060,#1098,.T.);
#2480=EDGE_CURVE('',#2061,#2059,#1099,.T.);
#2481=EDGE_CURVE('',#2047,#2061,#1100,.T.);
#2482=EDGE_CURVE('',#2060,#2052,#801,.T.);
#2483=EDGE_CURVE('',#2062,#2061,#1101,.T.);
#2484=EDGE_CURVE('',#2059,#2063,#1102,.T.);
#2485=EDGE_CURVE('',#2064,#2063,#1103,.T.);
#2486=EDGE_CURVE('',#2065,#2064,#1104,.T.);
#2487=EDGE_CURVE('',#2065,#2062,#1105,.T.);
#2488=EDGE_CURVE('',#2066,#2060,#1106,.T.);
#2489=EDGE_CURVE('',#2063,#2066,#1107,.T.);
#2490=EDGE_CURVE('',#1942,#1940,#1108,.T.);
#2491=EDGE_CURVE('',#1945,#1943,#1109,.T.);
#2492=EDGE_CURVE('',#1939,#1937,#1110,.T.);
#2493=EDGE_CURVE('',#2067,#2068,#802,.T.);
#2494=EDGE_CURVE('',#2068,#2069,#1111,.T.);
#2495=EDGE_CURVE('',#2069,#2070,#803,.T.);
#2496=EDGE_CURVE('',#2070,#2067,#1112,.T.);
#2497=EDGE_CURVE('',#2071,#1965,#22,.T.);
#2498=EDGE_CURVE('',#2071,#2068,#804,.T.);
#2499=EDGE_CURVE('',#2068,#1966,#805,.T.);
#2500=EDGE_CURVE('',#2067,#1966,#806,.T.);
#2501=EDGE_CURVE('',#2072,#2069,#807,.T.);
#2502=EDGE_CURVE('',#2071,#2073,#1113,.T.);
#2503=EDGE_CURVE('',#2073,#2074,#808,.T.);
#2504=EDGE_CURVE('',#2074,#2075,#1114,.T.);
#2505=EDGE_CURVE('',#1879,#2075,#809,.T.);
#2506=EDGE_CURVE('',#1878,#1879,#1115,.T.);
#2507=EDGE_CURVE('',#2076,#1878,#810,.T.);
#2508=EDGE_CURVE('',#2072,#2076,#1116,.T.);
#2509=EDGE_CURVE('',#1964,#2077,#811,.T.);
#2510=EDGE_CURVE('',#2078,#2077,#1117,.T.);
#2511=EDGE_CURVE('',#2073,#2078,#1118,.T.);
#2512=EDGE_CURVE('',#2067,#2079,#1119,.T.);
#2513=EDGE_CURVE('',#2079,#1967,#761,.T.);
#2514=EDGE_CURVE('',#2079,#2080,#1120,.T.);
#2515=EDGE_CURVE('',#2080,#1968,#812,.T.);
#2516=EDGE_CURVE('',#2058,#2081,#1121,.T.);
#2517=EDGE_CURVE('',#2081,#1971,#762,.T.);
#2518=EDGE_CURVE('',#2081,#2082,#1122,.T.);
#2519=EDGE_CURVE('',#2082,#1972,#813,.T.);
#2520=EDGE_CURVE('',#2082,#2083,#23,.T.);
#2521=EDGE_CURVE('',#2083,#1973,#814,.T.);
#2522=EDGE_CURVE('',#2083,#2084,#24,.T.);
#2523=EDGE_CURVE('',#2084,#1973,#815,.T.);
#2524=EDGE_CURVE('',#2081,#2085,#1123,.T.);
#2525=EDGE_CURVE('',#2085,#2086,#1124,.T.);
#2526=EDGE_CURVE('',#2086,#2087,#1125,.T.);
#2527=EDGE_CURVE('',#2087,#2082,#816,.T.);
#2528=EDGE_CURVE('',#2057,#2085,#1126,.T.);
#2529=EDGE_CURVE('',#2051,#2066,#763,.T.);
#2530=EDGE_CURVE('',#2088,#2089,#1127,.T.);
#2531=EDGE_CURVE('',#2089,#2050,#764,.T.);
#2532=EDGE_CURVE('',#2049,#2088,#765,.T.);
#2533=EDGE_CURVE('',#2089,#2066,#1128,.T.);
#2534=EDGE_CURVE('',#2048,#2090,#817,.T.);
#2535=EDGE_CURVE('',#2090,#2088,#1129,.T.);
#2536=EDGE_CURVE('',#2089,#2064,#1130,.T.);
#2537=EDGE_CURVE('',#2088,#2065,#1131,.T.);
#2538=EDGE_CURVE('',#2062,#2090,#1132,.T.);
#2539=EDGE_CURVE('',#2091,#2079,#1133,.T.);
#2540=EDGE_CURVE('',#2092,#2091,#1134,.T.);
#2541=EDGE_CURVE('',#2080,#2092,#1135,.T.);
#2542=EDGE_CURVE('',#1875,#2092,#1136,.T.);
#2543=EDGE_CURVE('',#2070,#2091,#1137,.T.);
#2544=EDGE_CURVE('',#2072,#1876,#1138,.T.);
#2545=EDGE_CURVE('',#1950,#2053,#1139,.T.);
#2546=EDGE_CURVE('',#2093,#2087,#1140,.T.);
#2547=EDGE_CURVE('',#1978,#2093,#818,.T.);
#2548=EDGE_CURVE('',#2094,#1977,#766,.T.);
#2549=EDGE_CURVE('',#2084,#2094,#1141,.T.);
#2550=EDGE_CURVE('',#2095,#2094,#767,.T.);
#2551=EDGE_CURVE('',#2095,#1901,#1142,.T.);
#2552=EDGE_CURVE('',#1901,#1974,#768,.T.);
#2553=EDGE_CURVE('',#2096,#2096,#819,.T.);
#2554=EDGE_CURVE('',#2096,#2097,#1143,.T.);
#2555=EDGE_CURVE('',#2097,#2097,#820,.T.);
#2556=EDGE_CURVE('',#2098,#2098,#821,.T.);
#2557=EDGE_CURVE('',#2098,#2099,#1144,.T.);
#2558=EDGE_CURVE('',#2099,#2099,#822,.T.);
#2559=EDGE_CURVE('',#2100,#2100,#823,.T.);
#2560=EDGE_CURVE('',#2100,#2101,#1145,.T.);
#2561=EDGE_CURVE('',#2101,#2101,#824,.T.);
#2562=EDGE_CURVE('',#2102,#2102,#825,.T.);
#2563=EDGE_CURVE('',#2102,#2103,#1146,.T.);
#2564=EDGE_CURVE('',#2103,#2103,#826,.T.);
#2565=EDGE_CURVE('',#2104,#1963,#827,.T.);
#2566=EDGE_CURVE('',#2104,#2077,#1147,.T.);
#2567=EDGE_CURVE('',#2105,#1962,#1148,.T.);
#2568=EDGE_CURVE('',#2106,#2105,#1149,.T.);
#2569=EDGE_CURVE('',#2104,#2106,#1150,.T.);
#2570=EDGE_CURVE('',#2074,#2078,#1151,.T.);
#2571=EDGE_CURVE('',#2106,#2107,#1152,.T.);
#2572=EDGE_CURVE('',#2107,#2108,#1153,.T.);
#2573=EDGE_CURVE('',#2109,#2107,#1154,.T.);
#2574=EDGE_CURVE('',#2109,#2110,#1155,.T.);
#2575=EDGE_CURVE('',#2111,#2110,#1156,.T.);
#2576=EDGE_CURVE('',#2112,#2111,#1157,.T.);
#2577=EDGE_CURVE('',#2113,#2112,#1158,.T.);
#2578=EDGE_CURVE('',#2113,#2114,#1159,.T.);
#2579=EDGE_CURVE('',#2114,#2074,#1160,.T.);
#2580=EDGE_CURVE('',#2074,#2075,#1161,.T.);
#2581=EDGE_CURVE('',#2107,#2105,#828,.T.);
#2582=EDGE_CURVE('',#1961,#2115,#1162,.T.);
#2583=EDGE_CURVE('',#2115,#2116,#829,.T.);
#2584=EDGE_CURVE('',#2116,#2117,#1163,.T.);
#2585=EDGE_CURVE('',#2108,#2117,#830,.T.);
#2586=EDGE_CURVE('',#2107,#2108,#1164,.T.);
#2587=EDGE_CURVE('',#1978,#1862,#831,.T.);
#2588=EDGE_CURVE('',#1862,#2093,#832,.T.);
#2589=EDGE_CURVE('',#2093,#2118,#1165,.T.);
#2590=EDGE_CURVE('',#2118,#1863,#833,.T.);
#2591=EDGE_CURVE('',#2119,#1959,#834,.T.);
#2592=EDGE_CURVE('',#2119,#2120,#1166,.T.);
#2593=EDGE_CURVE('',#1960,#2120,#835,.T.);
#2594=EDGE_CURVE('',#2121,#2120,#1167,.T.);
#2595=EDGE_CURVE('',#2115,#2121,#1168,.T.);
#2596=EDGE_CURVE('',#2119,#2122,#1169,.T.);
#2597=EDGE_CURVE('',#2122,#2123,#1170,.T.);
#2598=EDGE_CURVE('',#2123,#2124,#1171,.T.);
#2599=EDGE_CURVE('',#2125,#2123,#1172,.T.);
#2600=EDGE_CURVE('',#2125,#2126,#1173,.T.);
#2601=EDGE_CURVE('',#2127,#2126,#1174,.T.);
#2602=EDGE_CURVE('',#2128,#2127,#1175,.T.);
#2603=EDGE_CURVE('',#2129,#2128,#1176,.T.);
#2604=EDGE_CURVE('',#2129,#2130,#1177,.T.);
#2605=EDGE_CURVE('',#2130,#2116,#1178,.T.);
#2606=EDGE_CURVE('',#2116,#2117,#1179,.T.);
#2607=EDGE_CURVE('',#2116,#2121,#1180,.T.);
#2608=EDGE_CURVE('',#1958,#2131,#1181,.T.);
#2609=EDGE_CURVE('',#2122,#2131,#1182,.T.);
#2610=EDGE_CURVE('',#2123,#2131,#836,.T.);
#2611=EDGE_CURVE('',#1957,#2132,#1183,.T.);
#2612=EDGE_CURVE('',#2124,#2132,#837,.T.);
#2613=EDGE_CURVE('',#2123,#2124,#1184,.T.);
#2614=EDGE_CURVE('',#2118,#2086,#1185,.T.);
#2615=EDGE_CURVE('',#1976,#2133,#838,.T.);
#2616=EDGE_CURVE('',#2133,#2095,#1186,.T.);
#2617=EDGE_CURVE('',#1975,#1902,#769,.T.);
#2618=EDGE_CURVE('',#1902,#1894,#1187,.T.);
#2619=EDGE_CURVE('',#1956,#2134,#839,.T.);
#2620=EDGE_CURVE('',#1955,#2135,#770,.T.);
#2621=EDGE_CURVE('',#2135,#2134,#1188,.T.);
#2622=EDGE_CURVE('',#2134,#1933,#1189,.T.);
#2623=EDGE_CURVE('',#2135,#1934,#1190,.T.);
#2624=EDGE_CURVE('',#2136,#1952,#840,.T.);
#2625=EDGE_CURVE('',#2136,#1936,#1191,.T.);
#2626=EDGE_CURVE('',#1936,#1953,#771,.T.);
#2627=EDGE_CURVE('',#1935,#1954,#772,.T.);
#2628=EDGE_CURVE('',#1951,#2137,#1192,.T.);
#2629=EDGE_CURVE('',#2138,#2137,#1193,.T.);
#2630=EDGE_CURVE('',#2139,#2138,#1194,.T.);
#2631=EDGE_CURVE('',#2136,#2139,#1195,.T.);
#2632=EDGE_CURVE('',#2139,#2140,#1196,.T.);
#2633=EDGE_CURVE('',#2140,#2138,#841,.T.);
#2634=EDGE_CURVE('',#2141,#1887,#1197,.T.);
#2635=EDGE_CURVE('',#2137,#2141,#1198,.T.);
#2636=EDGE_CURVE('',#2138,#2141,#842,.T.);
#2637=EDGE_CURVE('',#2141,#1885,#843,.T.);
#2638=EDGE_CURVE('',#2140,#2142,#1199,.T.);
#2639=EDGE_CURVE('',#2143,#2140,#1200,.T.);
#2640=EDGE_CURVE('',#2143,#2144,#1201,.T.);
#2641=EDGE_CURVE('',#2145,#2144,#1202,.T.);
#2642=EDGE_CURVE('',#2146,#2145,#1203,.T.);
#2643=EDGE_CURVE('',#2147,#2146,#1204,.T.);
#2644=EDGE_CURVE('',#2147,#1957,#1205,.T.);
#2645=EDGE_CURVE('',#1957,#2132,#1206,.T.);
#2646=EDGE_CURVE('',#2148,#2148,#844,.T.);
#2647=EDGE_CURVE('',#1885,#1886,#1207,.T.);
#2648=EDGE_CURVE('',#1886,#2142,#845,.T.);
#2649=EDGE_CURVE('',#2140,#2142,#1208,.T.);
#2650=EDGE_CURVE('',#1935,#2135,#1209,.T.);
#2651=EDGE_CURVE('',#2056,#1864,#1210,.T.);
#2652=EDGE_CURVE('',#2095,#1900,#1211,.T.);
#2653=EDGE_CURVE('',#2149,#2150,#846,.T.);
#2654=EDGE_CURVE('',#2150,#2151,#1212,.T.);
#2655=EDGE_CURVE('',#2151,#2152,#847,.T.);
#2656=EDGE_CURVE('',#2152,#2149,#1213,.T.);
#2657=EDGE_CURVE('',#2153,#2154,#848,.T.);
#2658=EDGE_CURVE('',#2154,#2152,#849,.T.);
#2659=EDGE_CURVE('',#2151,#2153,#850,.T.);
#2660=EDGE_CURVE('',#2155,#2156,#851,.T.);
#2661=EDGE_CURVE('',#2156,#2154,#1214,.T.);
#2662=EDGE_CURVE('',#2153,#2155,#1215,.T.);
#2663=EDGE_CURVE('',#2157,#2158,#852,.T.);
#2664=EDGE_CURVE('',#2158,#2156,#853,.T.);
#2665=EDGE_CURVE('',#2155,#2157,#854,.T.);
#2666=EDGE_CURVE('',#2159,#2160,#855,.T.);
#2667=EDGE_CURVE('',#2160,#2158,#1216,.T.);
#2668=EDGE_CURVE('',#2157,#2159,#1217,.T.);
#2669=EDGE_CURVE('',#2161,#2162,#856,.T.);
#2670=EDGE_CURVE('',#2162,#2160,#857,.T.);
#2671=EDGE_CURVE('',#2159,#2161,#858,.T.);
#2672=EDGE_CURVE('',#2163,#2164,#859,.T.);
#2673=EDGE_CURVE('',#2164,#2162,#1218,.T.);
#2674=EDGE_CURVE('',#2161,#2163,#1219,.T.);
#2675=EDGE_CURVE('',#2149,#2164,#860,.T.);
#2676=EDGE_CURVE('',#2163,#2150,#861,.T.);
#2677=EDGE_CURVE('',#2155,#2165,#1220,.T.);
#2678=EDGE_CURVE('',#2166,#2165,#862,.T.);
#2679=EDGE_CURVE('',#2166,#2157,#1221,.T.);
#2680=EDGE_CURVE('',#2167,#2153,#1222,.T.);
#2681=EDGE_CURVE('',#2165,#2167,#1223,.T.);
#2682=EDGE_CURVE('',#2151,#2168,#1224,.T.);
#2683=EDGE_CURVE('',#2167,#2168,#863,.T.);
#2684=EDGE_CURVE('',#2169,#2150,#1225,.T.);
#2685=EDGE_CURVE('',#2168,#2169,#1226,.T.);
#2686=EDGE_CURVE('',#2170,#2170,#864,.T.);
#2687=EDGE_CURVE('',#2145,#1882,#865,.T.);
#2688=EDGE_CURVE('',#1881,#2112,#866,.T.);
#2689=EDGE_CURVE('',#2111,#2128,#867,.T.);
#2690=EDGE_CURVE('',#2127,#2146,#868,.T.);
#2691=EDGE_CURVE('',#2171,#2172,#869,.T.);
#2692=EDGE_CURVE('',#2172,#2173,#870,.T.);
#2693=EDGE_CURVE('',#2173,#2174,#871,.T.);
#2694=EDGE_CURVE('',#2174,#2171,#872,.T.);
#2695=EDGE_CURVE('',#2175,#2176,#873,.T.);
#2696=EDGE_CURVE('',#2176,#2174,#1227,.T.);
#2697=EDGE_CURVE('',#2173,#2175,#1228,.T.);
#2698=EDGE_CURVE('',#2177,#2169,#874,.T.);
#2699=EDGE_CURVE('',#2169,#2176,#875,.T.);
#2700=EDGE_CURVE('',#2175,#2177,#876,.T.);
#2701=EDGE_CURVE('',#2178,#2168,#877,.T.);
#2702=EDGE_CURVE('',#2177,#2178,#1229,.T.);
#2703=EDGE_CURVE('',#2179,#2167,#878,.T.);
#2704=EDGE_CURVE('',#2178,#2179,#879,.T.);
#2705=EDGE_CURVE('',#2180,#2165,#880,.T.);
#2706=EDGE_CURVE('',#2179,#2180,#1230,.T.);
#2707=EDGE_CURVE('',#2181,#2166,#881,.T.);
#2708=EDGE_CURVE('',#2180,#2181,#882,.T.);
#2709=EDGE_CURVE('',#2181,#2172,#1231,.T.);
#2710=EDGE_CURVE('',#2171,#2166,#1232,.T.);
#2711=EDGE_CURVE('',#2159,#2171,#1233,.T.);
#2712=EDGE_CURVE('',#2174,#2161,#1234,.T.);
#2713=EDGE_CURVE('',#2182,#2183,#1235,.T.);
#2714=EDGE_CURVE('',#2183,#2184,#1236,.T.);
#2715=EDGE_CURVE('',#2184,#2185,#1237,.T.);
#2716=EDGE_CURVE('',#2185,#2182,#1238,.T.);
#2717=EDGE_CURVE('',#2186,#2187,#1239,.T.);
#2718=EDGE_CURVE('',#2187,#2188,#1240,.T.);
#2719=EDGE_CURVE('',#2188,#2189,#1241,.T.);
#2720=EDGE_CURVE('',#2189,#2186,#1242,.T.);
#2721=EDGE_CURVE('',#2190,#2191,#1243,.T.);
#2722=EDGE_CURVE('',#2191,#2192,#1244,.T.);
#2723=EDGE_CURVE('',#2192,#2193,#1245,.T.);
#2724=EDGE_CURVE('',#2193,#2190,#1246,.T.);
#2725=EDGE_CURVE('',#2194,#2195,#1247,.T.);
#2726=EDGE_CURVE('',#2195,#2196,#1248,.T.);
#2727=EDGE_CURVE('',#2196,#2197,#1249,.T.);
#2728=EDGE_CURVE('',#2197,#2194,#1250,.T.);
#2729=EDGE_CURVE('',#2198,#2199,#1251,.T.);
#2730=EDGE_CURVE('',#2199,#2200,#1252,.T.);
#2731=EDGE_CURVE('',#2200,#2201,#1253,.T.);
#2732=EDGE_CURVE('',#2201,#2198,#1254,.T.);
#2733=EDGE_CURVE('',#2202,#2203,#1255,.T.);
#2734=EDGE_CURVE('',#2203,#2204,#1256,.T.);
#2735=EDGE_CURVE('',#2204,#2205,#1257,.T.);
#2736=EDGE_CURVE('',#2205,#2202,#1258,.T.);
#2737=EDGE_CURVE('',#2206,#2207,#1259,.T.);
#2738=EDGE_CURVE('',#2207,#2208,#1260,.T.);
#2739=EDGE_CURVE('',#2208,#2209,#1261,.T.);
#2740=EDGE_CURVE('',#2209,#2206,#1262,.T.);
#2741=EDGE_CURVE('',#2210,#2211,#1263,.T.);
#2742=EDGE_CURVE('',#2211,#2212,#1264,.T.);
#2743=EDGE_CURVE('',#2212,#2213,#1265,.T.);
#2744=EDGE_CURVE('',#2213,#2210,#1266,.T.);
#2745=EDGE_CURVE('',#2214,#2215,#1267,.T.);
#2746=EDGE_CURVE('',#2215,#2216,#1268,.T.);
#2747=EDGE_CURVE('',#2216,#2217,#1269,.T.);
#2748=EDGE_CURVE('',#2217,#2214,#1270,.T.);
#2749=EDGE_CURVE('',#2218,#2219,#1271,.T.);
#2750=EDGE_CURVE('',#2219,#2220,#1272,.T.);
#2751=EDGE_CURVE('',#2220,#2221,#1273,.T.);
#2752=EDGE_CURVE('',#2221,#2218,#1274,.T.);
#2753=EDGE_CURVE('',#2222,#2223,#1275,.T.);
#2754=EDGE_CURVE('',#2223,#2224,#1276,.T.);
#2755=EDGE_CURVE('',#2224,#2225,#1277,.T.);
#2756=EDGE_CURVE('',#2225,#2222,#1278,.T.);
#2757=EDGE_CURVE('',#2226,#2227,#1279,.T.);
#2758=EDGE_CURVE('',#2227,#2228,#1280,.T.);
#2759=EDGE_CURVE('',#2228,#2229,#1281,.T.);
#2760=EDGE_CURVE('',#2229,#2226,#1282,.T.);
#2761=EDGE_CURVE('',#2230,#2231,#1283,.T.);
#2762=EDGE_CURVE('',#2231,#2232,#1284,.T.);
#2763=EDGE_CURVE('',#2232,#2233,#1285,.T.);
#2764=EDGE_CURVE('',#2233,#2230,#1286,.T.);
#2765=EDGE_CURVE('',#2234,#2235,#1287,.T.);
#2766=EDGE_CURVE('',#2235,#2236,#1288,.T.);
#2767=EDGE_CURVE('',#2236,#2237,#1289,.T.);
#2768=EDGE_CURVE('',#2237,#2234,#1290,.T.);
#2769=EDGE_CURVE('',#2238,#2239,#1291,.T.);
#2770=EDGE_CURVE('',#2239,#2240,#1292,.T.);
#2771=EDGE_CURVE('',#2240,#2241,#1293,.T.);
#2772=EDGE_CURVE('',#2241,#2238,#1294,.T.);
#2773=EDGE_CURVE('',#2242,#2243,#1295,.T.);
#2774=EDGE_CURVE('',#2243,#2244,#1296,.T.);
#2775=EDGE_CURVE('',#2244,#2245,#1297,.T.);
#2776=EDGE_CURVE('',#2245,#2242,#1298,.T.);
#2777=EDGE_CURVE('',#1915,#2246,#1299,.T.);
#2778=EDGE_CURVE('',#2246,#1914,#1300,.T.);
#2779=EDGE_CURVE('',#2109,#2130,#883,.T.);
#2780=EDGE_CURVE('',#2117,#2108,#884,.T.);
#2781=EDGE_CURVE('',#2129,#2110,#885,.T.);
#2782=EDGE_CURVE('',#2125,#1957,#886,.T.);
#2783=EDGE_CURVE('',#2132,#2124,#887,.T.);
#2784=EDGE_CURVE('',#2147,#2126,#888,.T.);
#2785=EDGE_CURVE('',#2143,#1884,#889,.T.);
#2786=EDGE_CURVE('',#2142,#1886,#890,.T.);
#2787=EDGE_CURVE('',#1883,#2144,#891,.T.);
#2788=EDGE_CURVE('',#1878,#2114,#892,.T.);
#2789=EDGE_CURVE('',#2075,#1879,#893,.T.);
#2790=EDGE_CURVE('',#1877,#2076,#1301,.T.);
#2791=EDGE_CURVE('',#2113,#1880,#894,.T.);
#2792=EDGE_CURVE('',#1941,#1997,#1302,.T.);
#2793=EDGE_CURVE('',#1938,#2030,#1303,.T.);
#2794=EDGE_CURVE('',#1944,#1996,#1304,.T.);
#2795=EDGE_CURVE('',#1979,#1908,#1305,.T.);
#2796=EDGE_CURVE('',#2182,#1987,#1306,.T.);
#2797=EDGE_CURVE('',#2183,#1986,#1307,.T.);
#2798=EDGE_CURVE('',#2185,#1984,#1308,.T.);
#2799=EDGE_CURVE('',#2184,#1985,#1309,.T.);
#2800=EDGE_CURVE('',#2186,#2017,#1310,.T.);
#2801=EDGE_CURVE('',#2187,#2016,#1311,.T.);
#2802=EDGE_CURVE('',#2189,#2014,#1312,.T.);
#2803=EDGE_CURVE('',#2188,#2015,#1313,.T.);
#2804=EDGE_CURVE('',#2190,#2005,#1314,.T.);
#2805=EDGE_CURVE('',#2191,#2004,#1315,.T.);
#2806=EDGE_CURVE('',#2193,#2002,#1316,.T.);
#2807=EDGE_CURVE('',#2192,#2003,#1317,.T.);
#2808=EDGE_CURVE('',#2194,#2009,#1318,.T.);
#2809=EDGE_CURVE('',#2195,#2008,#1319,.T.);
#2810=EDGE_CURVE('',#2197,#2006,#1320,.T.);
#2811=EDGE_CURVE('',#2196,#2007,#1321,.T.);
#2812=EDGE_CURVE('',#2198,#2032,#1322,.T.);
#2813=EDGE_CURVE('',#2199,#2031,#1323,.T.);
#2814=EDGE_CURVE('',#2201,#2033,#1324,.T.);
#2815=EDGE_CURVE('',#2200,#2034,#1325,.T.);
#2816=EDGE_CURVE('',#2202,#2001,#1326,.T.);
#2817=EDGE_CURVE('',#2203,#2000,#1327,.T.);
#2818=EDGE_CURVE('',#2205,#1998,#1328,.T.);
#2819=EDGE_CURVE('',#2204,#1999,#1329,.T.);
#2820=EDGE_CURVE('',#2206,#2021,#1330,.T.);
#2821=EDGE_CURVE('',#2207,#2020,#1331,.T.);
#2822=EDGE_CURVE('',#2209,#2018,#1332,.T.);
#2823=EDGE_CURVE('',#2208,#2019,#1333,.T.);
#2824=EDGE_CURVE('',#2210,#1983,#1334,.T.);
#2825=EDGE_CURVE('',#2211,#1982,#1335,.T.);
#2826=EDGE_CURVE('',#2213,#1980,#1336,.T.);
#2827=EDGE_CURVE('',#2212,#1981,#1337,.T.);
#2828=EDGE_CURVE('',#2214,#1991,#1338,.T.);
#2829=EDGE_CURVE('',#2215,#1990,#1339,.T.);
#2830=EDGE_CURVE('',#2217,#1988,#1340,.T.);
#2831=EDGE_CURVE('',#2216,#1989,#1341,.T.);
#2832=EDGE_CURVE('',#2218,#2027,#1342,.T.);
#2833=EDGE_CURVE('',#2219,#2026,#1343,.T.);
#2834=EDGE_CURVE('',#2221,#2028,#1344,.T.);
#2835=EDGE_CURVE('',#2220,#2029,#1345,.T.);
#2836=EDGE_CURVE('',#2222,#2036,#1346,.T.);
#2837=EDGE_CURVE('',#2223,#2035,#1347,.T.);
#2838=EDGE_CURVE('',#2225,#2037,#1348,.T.);
#2839=EDGE_CURVE('',#2224,#2038,#1349,.T.);
#2840=EDGE_CURVE('',#2226,#2012,#1350,.T.);
#2841=EDGE_CURVE('',#2227,#2011,#1351,.T.);
#2842=EDGE_CURVE('',#2229,#2013,#1352,.T.);
#2843=EDGE_CURVE('',#2228,#2010,#1353,.T.);
#2844=EDGE_CURVE('',#2230,#2040,#1354,.T.);
#2845=EDGE_CURVE('',#2231,#2039,#1355,.T.);
#2846=EDGE_CURVE('',#2233,#2041,#1356,.T.);
#2847=EDGE_CURVE('',#2232,#2042,#1357,.T.);
#2848=EDGE_CURVE('',#2234,#2044,#1358,.T.);
#2849=EDGE_CURVE('',#2235,#2043,#1359,.T.);
#2850=EDGE_CURVE('',#2237,#2045,#1360,.T.);
#2851=EDGE_CURVE('',#2236,#2046,#1361,.T.);
#2852=EDGE_CURVE('',#2238,#2025,#1362,.T.);
#2853=EDGE_CURVE('',#2239,#2024,#1363,.T.);
#2854=EDGE_CURVE('',#2241,#2022,#1364,.T.);
#2855=EDGE_CURVE('',#2240,#2023,#1365,.T.);
#2856=EDGE_CURVE('',#2242,#1993,#1366,.T.);
#2857=EDGE_CURVE('',#2243,#1992,#1367,.T.);
#2858=EDGE_CURVE('',#2245,#1994,#1368,.T.);
#2859=EDGE_CURVE('',#2244,#1995,#1369,.T.);
#2860=EDGE_CURVE('',#1897,#2133,#1370,.T.);
#2861=EDGE_CURVE('',#2163,#2176,#1371,.T.);
#2862=EDGE_CURVE('',#2170,#2148,#1372,.T.);
#2863=EDGE_CURVE('',#2246,#1909,#1373,.T.);
#2864=ORIENTED_EDGE('',*,*,#2247,.T.);
#2865=ORIENTED_EDGE('',*,*,#2248,.F.);
#2866=ORIENTED_EDGE('',*,*,#2249,.T.);
#2867=ORIENTED_EDGE('',*,*,#2250,.T.);
#2868=ORIENTED_EDGE('',*,*,#2251,.T.);
#2869=ORIENTED_EDGE('',*,*,#2252,.T.);
#2870=ORIENTED_EDGE('',*,*,#2253,.T.);
#2871=ORIENTED_EDGE('',*,*,#2250,.F.);
#2872=ORIENTED_EDGE('',*,*,#2248,.T.);
#2873=ORIENTED_EDGE('',*,*,#2254,.T.);
#2874=ORIENTED_EDGE('',*,*,#2255,.T.);
#2875=ORIENTED_EDGE('',*,*,#2256,.T.);
#2876=ORIENTED_EDGE('',*,*,#2257,.F.);
#2877=ORIENTED_EDGE('',*,*,#2258,.F.);
#2878=ORIENTED_EDGE('',*,*,#2259,.T.);
#2879=ORIENTED_EDGE('',*,*,#2260,.T.);
#2880=ORIENTED_EDGE('',*,*,#2261,.F.);
#2881=ORIENTED_EDGE('',*,*,#2262,.F.);
#2882=ORIENTED_EDGE('',*,*,#2263,.T.);
#2883=ORIENTED_EDGE('',*,*,#2264,.F.);
#2884=ORIENTED_EDGE('',*,*,#2265,.T.);
#2885=ORIENTED_EDGE('',*,*,#2266,.F.);
#2886=ORIENTED_EDGE('',*,*,#2267,.T.);
#2887=ORIENTED_EDGE('',*,*,#2268,.F.);
#2888=ORIENTED_EDGE('',*,*,#2269,.T.);
#2889=ORIENTED_EDGE('',*,*,#2270,.T.);
#2890=ORIENTED_EDGE('',*,*,#2271,.T.);
#2891=ORIENTED_EDGE('',*,*,#2272,.T.);
#2892=ORIENTED_EDGE('',*,*,#2273,.T.);
#2893=ORIENTED_EDGE('',*,*,#2274,.T.);
#2894=ORIENTED_EDGE('',*,*,#2274,.F.);
#2895=ORIENTED_EDGE('',*,*,#2275,.T.);
#2896=ORIENTED_EDGE('',*,*,#2276,.F.);
#2897=ORIENTED_EDGE('',*,*,#2277,.F.);
#2898=ORIENTED_EDGE('',*,*,#2278,.F.);
#2899=ORIENTED_EDGE('',*,*,#2279,.T.);
#2900=ORIENTED_EDGE('',*,*,#2280,.T.);
#2901=ORIENTED_EDGE('',*,*,#2281,.T.);
#2902=ORIENTED_EDGE('',*,*,#2281,.F.);
#2903=ORIENTED_EDGE('',*,*,#2282,.T.);
#2904=ORIENTED_EDGE('',*,*,#2283,.T.);
#2905=ORIENTED_EDGE('',*,*,#2284,.T.);
#2906=ORIENTED_EDGE('',*,*,#2247,.F.);
#2907=ORIENTED_EDGE('',*,*,#2285,.T.);
#2908=ORIENTED_EDGE('',*,*,#2286,.T.);
#2909=ORIENTED_EDGE('',*,*,#2254,.F.);
#2910=ORIENTED_EDGE('',*,*,#2253,.F.);
#2911=ORIENTED_EDGE('',*,*,#2287,.F.);
#2912=ORIENTED_EDGE('',*,*,#2288,.F.);
#2913=ORIENTED_EDGE('',*,*,#2285,.F.);
#2914=ORIENTED_EDGE('',*,*,#2287,.T.);
#2915=ORIENTED_EDGE('',*,*,#2252,.F.);
#2916=ORIENTED_EDGE('',*,*,#2289,.F.);
#2917=ORIENTED_EDGE('',*,*,#2290,.T.);
#2918=ORIENTED_EDGE('',*,*,#2256,.F.);
#2919=ORIENTED_EDGE('',*,*,#2291,.F.);
#2920=ORIENTED_EDGE('',*,*,#2288,.T.);
#2921=ORIENTED_EDGE('',*,*,#2291,.T.);
#2922=ORIENTED_EDGE('',*,*,#2255,.F.);
#2923=ORIENTED_EDGE('',*,*,#2286,.F.);
#2924=ORIENTED_EDGE('',*,*,#2292,.F.);
#2925=ORIENTED_EDGE('',*,*,#2293,.F.);
#2926=ORIENTED_EDGE('',*,*,#2294,.F.);
#2927=ORIENTED_EDGE('',*,*,#2295,.F.);
#2928=ORIENTED_EDGE('',*,*,#2296,.F.);
#2929=ORIENTED_EDGE('',*,*,#2297,.T.);
#2930=ORIENTED_EDGE('',*,*,#2295,.T.);
#2931=ORIENTED_EDGE('',*,*,#2298,.T.);
#2932=ORIENTED_EDGE('',*,*,#2299,.F.);
#2933=ORIENTED_EDGE('',*,*,#2300,.F.);
#2934=ORIENTED_EDGE('',*,*,#2301,.T.);
#2935=ORIENTED_EDGE('',*,*,#2302,.F.);
#2936=ORIENTED_EDGE('',*,*,#2303,.T.);
#2937=ORIENTED_EDGE('',*,*,#2304,.F.);
#2938=ORIENTED_EDGE('',*,*,#2305,.F.);
#2939=ORIENTED_EDGE('',*,*,#2304,.T.);
#2940=ORIENTED_EDGE('',*,*,#2306,.T.);
#2941=ORIENTED_EDGE('',*,*,#2299,.T.);
#2942=ORIENTED_EDGE('',*,*,#2307,.T.);
#2943=ORIENTED_EDGE('',*,*,#2308,.F.);
#2944=ORIENTED_EDGE('',*,*,#2309,.F.);
#2945=ORIENTED_EDGE('',*,*,#2310,.F.);
#2946=ORIENTED_EDGE('',*,*,#2311,.F.);
#2947=ORIENTED_EDGE('',*,*,#2312,.F.);
#2948=ORIENTED_EDGE('',*,*,#2313,.F.);
#2949=ORIENTED_EDGE('',*,*,#2314,.F.);
#2950=ORIENTED_EDGE('',*,*,#2315,.F.);
#2951=ORIENTED_EDGE('',*,*,#2315,.T.);
#2952=ORIENTED_EDGE('',*,*,#2316,.F.);
#2953=ORIENTED_EDGE('',*,*,#2317,.F.);
#2954=ORIENTED_EDGE('',*,*,#2318,.T.);
#2955=ORIENTED_EDGE('',*,*,#2314,.T.);
#2956=ORIENTED_EDGE('',*,*,#2319,.F.);
#2957=ORIENTED_EDGE('',*,*,#2320,.F.);
#2958=ORIENTED_EDGE('',*,*,#2316,.T.);
#2959=ORIENTED_EDGE('',*,*,#2309,.T.);
#2960=ORIENTED_EDGE('',*,*,#2321,.F.);
#2961=ORIENTED_EDGE('',*,*,#2322,.F.);
#2962=ORIENTED_EDGE('',*,*,#2323,.T.);
#2963=ORIENTED_EDGE('',*,*,#2308,.T.);
#2964=ORIENTED_EDGE('',*,*,#2324,.F.);
#2965=ORIENTED_EDGE('',*,*,#2325,.F.);
#2966=ORIENTED_EDGE('',*,*,#2321,.T.);
#2967=ORIENTED_EDGE('',*,*,#2326,.F.);
#2968=ORIENTED_EDGE('',*,*,#2327,.F.);
#2969=ORIENTED_EDGE('',*,*,#2328,.F.);
#2970=ORIENTED_EDGE('',*,*,#2329,.F.);
#2971=ORIENTED_EDGE('',*,*,#2330,.F.);
#2972=ORIENTED_EDGE('',*,*,#2331,.F.);
#2973=ORIENTED_EDGE('',*,*,#2332,.F.);
#2974=ORIENTED_EDGE('',*,*,#2333,.F.);
#2975=ORIENTED_EDGE('',*,*,#2334,.F.);
#2976=ORIENTED_EDGE('',*,*,#2335,.F.);
#2977=ORIENTED_EDGE('',*,*,#2336,.F.);
#2978=ORIENTED_EDGE('',*,*,#2337,.F.);
#2979=ORIENTED_EDGE('',*,*,#2338,.F.);
#2980=ORIENTED_EDGE('',*,*,#2339,.F.);
#2981=ORIENTED_EDGE('',*,*,#2340,.F.);
#2982=ORIENTED_EDGE('',*,*,#2341,.F.);
#2983=ORIENTED_EDGE('',*,*,#2338,.T.);
#2984=ORIENTED_EDGE('',*,*,#2342,.F.);
#2985=ORIENTED_EDGE('',*,*,#2343,.F.);
#2986=ORIENTED_EDGE('',*,*,#2344,.F.);
#2987=ORIENTED_EDGE('',*,*,#2345,.F.);
#2988=ORIENTED_EDGE('',*,*,#2346,.F.);
#2989=ORIENTED_EDGE('',*,*,#2347,.F.);
#2990=ORIENTED_EDGE('',*,*,#2348,.F.);
#2991=ORIENTED_EDGE('',*,*,#2349,.F.);
#2992=ORIENTED_EDGE('',*,*,#2350,.F.);
#2993=ORIENTED_EDGE('',*,*,#2351,.F.);
#2994=ORIENTED_EDGE('',*,*,#2352,.F.);
#2995=ORIENTED_EDGE('',*,*,#2353,.F.);
#2996=ORIENTED_EDGE('',*,*,#2268,.T.);
#2997=ORIENTED_EDGE('',*,*,#2354,.T.);
#2998=ORIENTED_EDGE('',*,*,#2355,.T.);
#2999=ORIENTED_EDGE('',*,*,#2356,.T.);
#3000=ORIENTED_EDGE('',*,*,#2354,.F.);
#3001=ORIENTED_EDGE('',*,*,#2267,.F.);
#3002=ORIENTED_EDGE('',*,*,#2357,.F.);
#3003=ORIENTED_EDGE('',*,*,#2358,.F.);
#3004=ORIENTED_EDGE('',*,*,#2262,.T.);
#3005=ORIENTED_EDGE('',*,*,#2359,.T.);
#3006=ORIENTED_EDGE('',*,*,#2360,.T.);
#3007=ORIENTED_EDGE('',*,*,#2361,.T.);
#3008=ORIENTED_EDGE('',*,*,#2249,.F.);
#3009=ORIENTED_EDGE('',*,*,#2284,.F.);
#3010=ORIENTED_EDGE('',*,*,#2362,.T.);
#3011=ORIENTED_EDGE('',*,*,#2363,.T.);
#3012=ORIENTED_EDGE('',*,*,#2364,.F.);
#3013=ORIENTED_EDGE('',*,*,#2365,.F.);
#3014=ORIENTED_EDGE('',*,*,#2366,.F.);
#3015=ORIENTED_EDGE('',*,*,#2367,.F.);
#3016=ORIENTED_EDGE('',*,*,#2368,.F.);
#3017=ORIENTED_EDGE('',*,*,#2369,.T.);
#3018=ORIENTED_EDGE('',*,*,#2370,.T.);
#3019=ORIENTED_EDGE('',*,*,#2371,.F.);
#3020=ORIENTED_EDGE('',*,*,#2372,.T.);
#3021=ORIENTED_EDGE('',*,*,#2373,.T.);
#3022=ORIENTED_EDGE('',*,*,#2374,.T.);
#3023=ORIENTED_EDGE('',*,*,#2375,.F.);
#3024=ORIENTED_EDGE('',*,*,#2376,.T.);
#3025=ORIENTED_EDGE('',*,*,#2377,.F.);
#3026=ORIENTED_EDGE('',*,*,#2378,.F.);
#3027=ORIENTED_EDGE('',*,*,#2379,.F.);
#3028=ORIENTED_EDGE('',*,*,#2380,.T.);
#3029=ORIENTED_EDGE('',*,*,#2269,.F.);
#3030=ORIENTED_EDGE('',*,*,#2356,.F.);
#3031=ORIENTED_EDGE('',*,*,#2381,.F.);
#3032=ORIENTED_EDGE('',*,*,#2359,.F.);
#3033=ORIENTED_EDGE('',*,*,#2261,.T.);
#3034=ORIENTED_EDGE('',*,*,#2382,.T.);
#3035=ORIENTED_EDGE('',*,*,#2383,.T.);
#3036=ORIENTED_EDGE('',*,*,#2384,.F.);
#3037=ORIENTED_EDGE('',*,*,#2385,.F.);
#3038=ORIENTED_EDGE('',*,*,#2386,.F.);
#3039=ORIENTED_EDGE('',*,*,#2387,.F.);
#3040=ORIENTED_EDGE('',*,*,#2388,.F.);
#3041=ORIENTED_EDGE('',*,*,#2389,.F.);
#3042=ORIENTED_EDGE('',*,*,#2292,.T.);
#3043=ORIENTED_EDGE('',*,*,#2390,.T.);
#3044=ORIENTED_EDGE('',*,*,#2391,.F.);
#3045=ORIENTED_EDGE('',*,*,#2392,.F.);
#3046=ORIENTED_EDGE('',*,*,#2393,.F.);
#3047=ORIENTED_EDGE('',*,*,#2289,.T.);
#3048=ORIENTED_EDGE('',*,*,#2251,.F.);
#3049=ORIENTED_EDGE('',*,*,#2325,.T.);
#3050=ORIENTED_EDGE('',*,*,#2394,.T.);
#3051=ORIENTED_EDGE('',*,*,#2395,.T.);
#3052=ORIENTED_EDGE('',*,*,#2322,.T.);
#3053=ORIENTED_EDGE('',*,*,#2396,.T.);
#3054=ORIENTED_EDGE('',*,*,#2397,.T.);
#3055=ORIENTED_EDGE('',*,*,#2398,.T.);
#3056=ORIENTED_EDGE('',*,*,#2399,.T.);
#3057=ORIENTED_EDGE('',*,*,#2400,.T.);
#3058=ORIENTED_EDGE('',*,*,#2401,.T.);
#3059=ORIENTED_EDGE('',*,*,#2402,.T.);
#3060=ORIENTED_EDGE('',*,*,#2403,.T.);
#3061=ORIENTED_EDGE('',*,*,#2404,.T.);
#3062=ORIENTED_EDGE('',*,*,#2405,.T.);
#3063=ORIENTED_EDGE('',*,*,#2406,.T.);
#3064=ORIENTED_EDGE('',*,*,#2407,.T.);
#3065=ORIENTED_EDGE('',*,*,#2408,.T.);
#3066=ORIENTED_EDGE('',*,*,#2409,.T.);
#3067=ORIENTED_EDGE('',*,*,#2410,.T.);
#3068=ORIENTED_EDGE('',*,*,#2411,.T.);
#3069=ORIENTED_EDGE('',*,*,#2412,.T.);
#3070=ORIENTED_EDGE('',*,*,#2413,.T.);
#3071=ORIENTED_EDGE('',*,*,#2414,.T.);
#3072=ORIENTED_EDGE('',*,*,#2415,.T.);
#3073=ORIENTED_EDGE('',*,*,#2416,.T.);
#3074=ORIENTED_EDGE('',*,*,#2417,.T.);
#3075=ORIENTED_EDGE('',*,*,#2418,.T.);
#3076=ORIENTED_EDGE('',*,*,#2419,.T.);
#3077=ORIENTED_EDGE('',*,*,#2420,.T.);
#3078=ORIENTED_EDGE('',*,*,#2421,.T.);
#3079=ORIENTED_EDGE('',*,*,#2422,.T.);
#3080=ORIENTED_EDGE('',*,*,#2423,.T.);
#3081=ORIENTED_EDGE('',*,*,#2424,.T.);
#3082=ORIENTED_EDGE('',*,*,#2425,.T.);
#3083=ORIENTED_EDGE('',*,*,#2426,.T.);
#3084=ORIENTED_EDGE('',*,*,#2427,.T.);
#3085=ORIENTED_EDGE('',*,*,#2428,.T.);
#3086=ORIENTED_EDGE('',*,*,#2429,.T.);
#3087=ORIENTED_EDGE('',*,*,#2430,.T.);
#3088=ORIENTED_EDGE('',*,*,#2431,.T.);
#3089=ORIENTED_EDGE('',*,*,#2432,.T.);
#3090=ORIENTED_EDGE('',*,*,#2433,.T.);
#3091=ORIENTED_EDGE('',*,*,#2434,.T.);
#3092=ORIENTED_EDGE('',*,*,#2435,.T.);
#3093=ORIENTED_EDGE('',*,*,#2436,.T.);
#3094=ORIENTED_EDGE('',*,*,#2437,.T.);
#3095=ORIENTED_EDGE('',*,*,#2438,.T.);
#3096=ORIENTED_EDGE('',*,*,#2439,.T.);
#3097=ORIENTED_EDGE('',*,*,#2440,.T.);
#3098=ORIENTED_EDGE('',*,*,#2441,.T.);
#3099=ORIENTED_EDGE('',*,*,#2442,.T.);
#3100=ORIENTED_EDGE('',*,*,#2443,.T.);
#3101=ORIENTED_EDGE('',*,*,#2444,.T.);
#3102=ORIENTED_EDGE('',*,*,#2445,.T.);
#3103=ORIENTED_EDGE('',*,*,#2327,.T.);
#3104=ORIENTED_EDGE('',*,*,#2326,.T.);
#3105=ORIENTED_EDGE('',*,*,#2329,.T.);
#3106=ORIENTED_EDGE('',*,*,#2328,.T.);
#3107=ORIENTED_EDGE('',*,*,#2331,.T.);
#3108=ORIENTED_EDGE('',*,*,#2330,.T.);
#3109=ORIENTED_EDGE('',*,*,#2333,.T.);
#3110=ORIENTED_EDGE('',*,*,#2332,.T.);
#3111=ORIENTED_EDGE('',*,*,#2335,.T.);
#3112=ORIENTED_EDGE('',*,*,#2334,.T.);
#3113=ORIENTED_EDGE('',*,*,#2337,.T.);
#3114=ORIENTED_EDGE('',*,*,#2336,.T.);
#3115=ORIENTED_EDGE('',*,*,#2446,.T.);
#3116=ORIENTED_EDGE('',*,*,#2447,.T.);
#3117=ORIENTED_EDGE('',*,*,#2448,.T.);
#3118=ORIENTED_EDGE('',*,*,#2449,.T.);
#3119=ORIENTED_EDGE('',*,*,#2450,.T.);
#3120=ORIENTED_EDGE('',*,*,#2451,.T.);
#3121=ORIENTED_EDGE('',*,*,#2452,.T.);
#3122=ORIENTED_EDGE('',*,*,#2453,.T.);
#3123=ORIENTED_EDGE('',*,*,#2454,.T.);
#3124=ORIENTED_EDGE('',*,*,#2455,.T.);
#3125=ORIENTED_EDGE('',*,*,#2456,.T.);
#3126=ORIENTED_EDGE('',*,*,#2457,.T.);
#3127=ORIENTED_EDGE('',*,*,#2458,.T.);
#3128=ORIENTED_EDGE('',*,*,#2459,.T.);
#3129=ORIENTED_EDGE('',*,*,#2460,.T.);
#3130=ORIENTED_EDGE('',*,*,#2461,.T.);
#3131=ORIENTED_EDGE('',*,*,#2462,.T.);
#3132=ORIENTED_EDGE('',*,*,#2463,.T.);
#3133=ORIENTED_EDGE('',*,*,#2464,.F.);
#3134=ORIENTED_EDGE('',*,*,#2465,.F.);
#3135=ORIENTED_EDGE('',*,*,#2466,.F.);
#3136=ORIENTED_EDGE('',*,*,#2467,.F.);
#3137=ORIENTED_EDGE('',*,*,#2468,.T.);
#3138=ORIENTED_EDGE('',*,*,#2469,.T.);
#3139=ORIENTED_EDGE('',*,*,#2470,.T.);
#3140=ORIENTED_EDGE('',*,*,#2264,.T.);
#3141=ORIENTED_EDGE('',*,*,#2471,.T.);
#3142=ORIENTED_EDGE('',*,*,#2470,.F.);
#3143=ORIENTED_EDGE('',*,*,#2472,.F.);
#3144=ORIENTED_EDGE('',*,*,#2473,.F.);
#3145=ORIENTED_EDGE('',*,*,#2265,.F.);
#3146=ORIENTED_EDGE('',*,*,#2266,.T.);
#3147=ORIENTED_EDGE('',*,*,#2473,.T.);
#3148=ORIENTED_EDGE('',*,*,#2474,.T.);
#3149=ORIENTED_EDGE('',*,*,#2357,.T.);
#3150=ORIENTED_EDGE('',*,*,#2383,.F.);
#3151=ORIENTED_EDGE('',*,*,#2475,.F.);
#3152=ORIENTED_EDGE('',*,*,#2476,.F.);
#3153=ORIENTED_EDGE('',*,*,#2477,.F.);
#3154=ORIENTED_EDGE('',*,*,#2478,.F.);
#3155=ORIENTED_EDGE('',*,*,#2479,.F.);
#3156=ORIENTED_EDGE('',*,*,#2480,.F.);
#3157=ORIENTED_EDGE('',*,*,#2481,.F.);
#3158=ORIENTED_EDGE('',*,*,#2468,.F.);
#3159=ORIENTED_EDGE('',*,*,#2482,.F.);
#3160=ORIENTED_EDGE('',*,*,#2483,.T.);
#3161=ORIENTED_EDGE('',*,*,#2480,.T.);
#3162=ORIENTED_EDGE('',*,*,#2484,.T.);
#3163=ORIENTED_EDGE('',*,*,#2485,.F.);
#3164=ORIENTED_EDGE('',*,*,#2486,.F.);
#3165=ORIENTED_EDGE('',*,*,#2487,.T.);
#3166=ORIENTED_EDGE('',*,*,#2479,.T.);
#3167=ORIENTED_EDGE('',*,*,#2488,.F.);
#3168=ORIENTED_EDGE('',*,*,#2489,.F.);
#3169=ORIENTED_EDGE('',*,*,#2484,.F.);
#3170=ORIENTED_EDGE('',*,*,#2350,.T.);
#3171=ORIENTED_EDGE('',*,*,#2490,.T.);
#3172=ORIENTED_EDGE('',*,*,#2348,.T.);
#3173=ORIENTED_EDGE('',*,*,#2490,.F.);
#3174=ORIENTED_EDGE('',*,*,#2353,.T.);
#3175=ORIENTED_EDGE('',*,*,#2491,.T.);
#3176=ORIENTED_EDGE('',*,*,#2351,.T.);
#3177=ORIENTED_EDGE('',*,*,#2491,.F.);
#3178=ORIENTED_EDGE('',*,*,#2347,.T.);
#3179=ORIENTED_EDGE('',*,*,#2492,.T.);
#3180=ORIENTED_EDGE('',*,*,#2345,.T.);
#3181=ORIENTED_EDGE('',*,*,#2492,.F.);
#3182=ORIENTED_EDGE('',*,*,#2493,.T.);
#3183=ORIENTED_EDGE('',*,*,#2494,.T.);
#3184=ORIENTED_EDGE('',*,*,#2495,.T.);
#3185=ORIENTED_EDGE('',*,*,#2496,.T.);
#3186=ORIENTED_EDGE('',*,*,#2497,.F.);
#3187=ORIENTED_EDGE('',*,*,#2498,.T.);
#3188=ORIENTED_EDGE('',*,*,#2499,.T.);
#3189=ORIENTED_EDGE('',*,*,#2377,.T.);
#3190=ORIENTED_EDGE('',*,*,#2499,.F.);
#3191=ORIENTED_EDGE('',*,*,#2493,.F.);
#3192=ORIENTED_EDGE('',*,*,#2500,.T.);
#3193=ORIENTED_EDGE('',*,*,#2501,.T.);
#3194=ORIENTED_EDGE('',*,*,#2494,.F.);
#3195=ORIENTED_EDGE('',*,*,#2498,.F.);
#3196=ORIENTED_EDGE('',*,*,#2502,.T.);
#3197=ORIENTED_EDGE('',*,*,#2503,.T.);
#3198=ORIENTED_EDGE('',*,*,#2504,.T.);
#3199=ORIENTED_EDGE('',*,*,#2505,.F.);
#3200=ORIENTED_EDGE('',*,*,#2506,.F.);
#3201=ORIENTED_EDGE('',*,*,#2507,.F.);
#3202=ORIENTED_EDGE('',*,*,#2508,.F.);
#3203=ORIENTED_EDGE('',*,*,#2497,.T.);
#3204=ORIENTED_EDGE('',*,*,#2376,.F.);
#3205=ORIENTED_EDGE('',*,*,#2509,.T.);
#3206=ORIENTED_EDGE('',*,*,#2510,.F.);
#3207=ORIENTED_EDGE('',*,*,#2511,.F.);
#3208=ORIENTED_EDGE('',*,*,#2502,.F.);
#3209=ORIENTED_EDGE('',*,*,#2500,.F.);
#3210=ORIENTED_EDGE('',*,*,#2512,.T.);
#3211=ORIENTED_EDGE('',*,*,#2513,.T.);
#3212=ORIENTED_EDGE('',*,*,#2378,.T.);
#3213=ORIENTED_EDGE('',*,*,#2514,.T.);
#3214=ORIENTED_EDGE('',*,*,#2515,.T.);
#3215=ORIENTED_EDGE('',*,*,#2379,.T.);
#3216=ORIENTED_EDGE('',*,*,#2513,.F.);
#3217=ORIENTED_EDGE('',*,*,#2478,.T.);
#3218=ORIENTED_EDGE('',*,*,#2516,.T.);
#3219=ORIENTED_EDGE('',*,*,#2517,.T.);
#3220=ORIENTED_EDGE('',*,*,#2384,.T.);
#3221=ORIENTED_EDGE('',*,*,#2518,.T.);
#3222=ORIENTED_EDGE('',*,*,#2519,.T.);
#3223=ORIENTED_EDGE('',*,*,#2385,.T.);
#3224=ORIENTED_EDGE('',*,*,#2517,.F.);
#3225=ORIENTED_EDGE('',*,*,#2520,.T.);
#3226=ORIENTED_EDGE('',*,*,#2521,.T.);
#3227=ORIENTED_EDGE('',*,*,#2386,.T.);
#3228=ORIENTED_EDGE('',*,*,#2519,.F.);
#3229=ORIENTED_EDGE('',*,*,#2522,.T.);
#3230=ORIENTED_EDGE('',*,*,#2523,.T.);
#3231=ORIENTED_EDGE('',*,*,#2521,.F.);
#3232=ORIENTED_EDGE('',*,*,#2518,.F.);
#3233=ORIENTED_EDGE('',*,*,#2524,.T.);
#3234=ORIENTED_EDGE('',*,*,#2525,.T.);
#3235=ORIENTED_EDGE('',*,*,#2526,.T.);
#3236=ORIENTED_EDGE('',*,*,#2527,.T.);
#3237=ORIENTED_EDGE('',*,*,#2477,.T.);
#3238=ORIENTED_EDGE('',*,*,#2528,.T.);
#3239=ORIENTED_EDGE('',*,*,#2524,.F.);
#3240=ORIENTED_EDGE('',*,*,#2516,.F.);
#3241=ORIENTED_EDGE('',*,*,#2482,.T.);
#3242=ORIENTED_EDGE('',*,*,#2467,.T.);
#3243=ORIENTED_EDGE('',*,*,#2529,.T.);
#3244=ORIENTED_EDGE('',*,*,#2488,.T.);
#3245=ORIENTED_EDGE('',*,*,#2530,.T.);
#3246=ORIENTED_EDGE('',*,*,#2531,.T.);
#3247=ORIENTED_EDGE('',*,*,#2465,.T.);
#3248=ORIENTED_EDGE('',*,*,#2532,.T.);
#3249=ORIENTED_EDGE('',*,*,#2466,.T.);
#3250=ORIENTED_EDGE('',*,*,#2531,.F.);
#3251=ORIENTED_EDGE('',*,*,#2533,.T.);
#3252=ORIENTED_EDGE('',*,*,#2529,.F.);
#3253=ORIENTED_EDGE('',*,*,#2464,.T.);
#3254=ORIENTED_EDGE('',*,*,#2534,.T.);
#3255=ORIENTED_EDGE('',*,*,#2535,.T.);
#3256=ORIENTED_EDGE('',*,*,#2532,.F.);
#3257=ORIENTED_EDGE('',*,*,#2533,.F.);
#3258=ORIENTED_EDGE('',*,*,#2536,.T.);
#3259=ORIENTED_EDGE('',*,*,#2485,.T.);
#3260=ORIENTED_EDGE('',*,*,#2489,.T.);
#3261=ORIENTED_EDGE('',*,*,#2530,.F.);
#3262=ORIENTED_EDGE('',*,*,#2537,.T.);
#3263=ORIENTED_EDGE('',*,*,#2486,.T.);
#3264=ORIENTED_EDGE('',*,*,#2536,.F.);
#3265=ORIENTED_EDGE('',*,*,#2535,.F.);
#3266=ORIENTED_EDGE('',*,*,#2538,.F.);
#3267=ORIENTED_EDGE('',*,*,#2487,.F.);
#3268=ORIENTED_EDGE('',*,*,#2537,.F.);
#3269=ORIENTED_EDGE('',*,*,#2514,.F.);
#3270=ORIENTED_EDGE('',*,*,#2539,.F.);
#3271=ORIENTED_EDGE('',*,*,#2540,.F.);
#3272=ORIENTED_EDGE('',*,*,#2541,.F.);
#3273=ORIENTED_EDGE('',*,*,#2538,.T.);
#3274=ORIENTED_EDGE('',*,*,#2534,.F.);
#3275=ORIENTED_EDGE('',*,*,#2463,.F.);
#3276=ORIENTED_EDGE('',*,*,#2481,.T.);
#3277=ORIENTED_EDGE('',*,*,#2483,.F.);
#3278=ORIENTED_EDGE('',*,*,#2541,.T.);
#3279=ORIENTED_EDGE('',*,*,#2542,.F.);
#3280=ORIENTED_EDGE('',*,*,#2270,.F.);
#3281=ORIENTED_EDGE('',*,*,#2380,.F.);
#3282=ORIENTED_EDGE('',*,*,#2515,.F.);
#3283=ORIENTED_EDGE('',*,*,#2540,.T.);
#3284=ORIENTED_EDGE('',*,*,#2543,.F.);
#3285=ORIENTED_EDGE('',*,*,#2495,.F.);
#3286=ORIENTED_EDGE('',*,*,#2501,.F.);
#3287=ORIENTED_EDGE('',*,*,#2544,.T.);
#3288=ORIENTED_EDGE('',*,*,#2271,.F.);
#3289=ORIENTED_EDGE('',*,*,#2542,.T.);
#3290=ORIENTED_EDGE('',*,*,#2496,.F.);
#3291=ORIENTED_EDGE('',*,*,#2543,.T.);
#3292=ORIENTED_EDGE('',*,*,#2539,.T.);
#3293=ORIENTED_EDGE('',*,*,#2512,.F.);
#3294=ORIENTED_EDGE('',*,*,#2361,.F.);
#3295=ORIENTED_EDGE('',*,*,#2545,.T.);
#3296=ORIENTED_EDGE('',*,*,#2471,.F.);
#3297=ORIENTED_EDGE('',*,*,#2263,.F.);
#3298=ORIENTED_EDGE('',*,*,#2546,.F.);
#3299=ORIENTED_EDGE('',*,*,#2547,.F.);
#3300=ORIENTED_EDGE('',*,*,#2392,.T.);
#3301=ORIENTED_EDGE('',*,*,#2548,.F.);
#3302=ORIENTED_EDGE('',*,*,#2549,.F.);
#3303=ORIENTED_EDGE('',*,*,#2522,.F.);
#3304=ORIENTED_EDGE('',*,*,#2520,.F.);
#3305=ORIENTED_EDGE('',*,*,#2527,.F.);
#3306=ORIENTED_EDGE('',*,*,#2549,.T.);
#3307=ORIENTED_EDGE('',*,*,#2550,.F.);
#3308=ORIENTED_EDGE('',*,*,#2551,.T.);
#3309=ORIENTED_EDGE('',*,*,#2552,.T.);
#3310=ORIENTED_EDGE('',*,*,#2387,.T.);
#3311=ORIENTED_EDGE('',*,*,#2523,.F.);
#3312=ORIENTED_EDGE('',*,*,#2553,.F.);
#3313=ORIENTED_EDGE('',*,*,#2554,.T.);
#3314=ORIENTED_EDGE('',*,*,#2555,.T.);
#3315=ORIENTED_EDGE('',*,*,#2554,.F.);
#3316=ORIENTED_EDGE('',*,*,#2556,.F.);
#3317=ORIENTED_EDGE('',*,*,#2557,.T.);
#3318=ORIENTED_EDGE('',*,*,#2558,.T.);
#3319=ORIENTED_EDGE('',*,*,#2557,.F.);
#3320=ORIENTED_EDGE('',*,*,#2559,.F.);
#3321=ORIENTED_EDGE('',*,*,#2560,.T.);
#3322=ORIENTED_EDGE('',*,*,#2561,.T.);
#3323=ORIENTED_EDGE('',*,*,#2560,.F.);
#3324=ORIENTED_EDGE('',*,*,#2562,.F.);
#3325=ORIENTED_EDGE('',*,*,#2563,.T.);
#3326=ORIENTED_EDGE('',*,*,#2564,.T.);
#3327=ORIENTED_EDGE('',*,*,#2563,.F.);
#3328=ORIENTED_EDGE('',*,*,#2565,.F.);
#3329=ORIENTED_EDGE('',*,*,#2566,.T.);
#3330=ORIENTED_EDGE('',*,*,#2509,.F.);
#3331=ORIENTED_EDGE('',*,*,#2375,.T.);
#3332=ORIENTED_EDGE('',*,*,#2565,.T.);
#3333=ORIENTED_EDGE('',*,*,#2374,.F.);
#3334=ORIENTED_EDGE('',*,*,#2567,.F.);
#3335=ORIENTED_EDGE('',*,*,#2568,.F.);
#3336=ORIENTED_EDGE('',*,*,#2569,.F.);
#3337=ORIENTED_EDGE('',*,*,#2570,.F.);
#3338=ORIENTED_EDGE('',*,*,#2503,.F.);
#3339=ORIENTED_EDGE('',*,*,#2511,.T.);
#3340=ORIENTED_EDGE('',*,*,#2566,.F.);
#3341=ORIENTED_EDGE('',*,*,#2569,.T.);
#3342=ORIENTED_EDGE('',*,*,#2571,.T.);
#3343=ORIENTED_EDGE('',*,*,#2572,.T.);
#3344=ORIENTED_EDGE('',*,*,#2572,.F.);
#3345=ORIENTED_EDGE('',*,*,#2573,.F.);
#3346=ORIENTED_EDGE('',*,*,#2574,.T.);
#3347=ORIENTED_EDGE('',*,*,#2575,.F.);
#3348=ORIENTED_EDGE('',*,*,#2576,.F.);
#3349=ORIENTED_EDGE('',*,*,#2577,.F.);
#3350=ORIENTED_EDGE('',*,*,#2578,.T.);
#3351=ORIENTED_EDGE('',*,*,#2579,.T.);
#3352=ORIENTED_EDGE('',*,*,#2580,.T.);
#3353=ORIENTED_EDGE('',*,*,#2580,.F.);
#3354=ORIENTED_EDGE('',*,*,#2570,.T.);
#3355=ORIENTED_EDGE('',*,*,#2510,.T.);
#3356=ORIENTED_EDGE('',*,*,#2571,.F.);
#3357=ORIENTED_EDGE('',*,*,#2568,.T.);
#3358=ORIENTED_EDGE('',*,*,#2581,.F.);
#3359=ORIENTED_EDGE('',*,*,#2581,.T.);
#3360=ORIENTED_EDGE('',*,*,#2567,.T.);
#3361=ORIENTED_EDGE('',*,*,#2373,.F.);
#3362=ORIENTED_EDGE('',*,*,#2582,.T.);
#3363=ORIENTED_EDGE('',*,*,#2583,.T.);
#3364=ORIENTED_EDGE('',*,*,#2584,.T.);
#3365=ORIENTED_EDGE('',*,*,#2585,.F.);
#3366=ORIENTED_EDGE('',*,*,#2586,.F.);
#3367=ORIENTED_EDGE('',*,*,#2290,.F.);
#3368=ORIENTED_EDGE('',*,*,#2393,.T.);
#3369=ORIENTED_EDGE('',*,*,#2587,.T.);
#3370=ORIENTED_EDGE('',*,*,#2257,.T.);
#3371=ORIENTED_EDGE('',*,*,#2588,.T.);
#3372=ORIENTED_EDGE('',*,*,#2589,.T.);
#3373=ORIENTED_EDGE('',*,*,#2590,.T.);
#3374=ORIENTED_EDGE('',*,*,#2258,.T.);
#3375=ORIENTED_EDGE('',*,*,#2588,.F.);
#3376=ORIENTED_EDGE('',*,*,#2587,.F.);
#3377=ORIENTED_EDGE('',*,*,#2547,.T.);
#3378=ORIENTED_EDGE('',*,*,#2591,.F.);
#3379=ORIENTED_EDGE('',*,*,#2592,.T.);
#3380=ORIENTED_EDGE('',*,*,#2593,.F.);
#3381=ORIENTED_EDGE('',*,*,#2371,.T.);
#3382=ORIENTED_EDGE('',*,*,#2593,.T.);
#3383=ORIENTED_EDGE('',*,*,#2594,.F.);
#3384=ORIENTED_EDGE('',*,*,#2595,.F.);
#3385=ORIENTED_EDGE('',*,*,#2582,.F.);
#3386=ORIENTED_EDGE('',*,*,#2372,.F.);
#3387=ORIENTED_EDGE('',*,*,#2592,.F.);
#3388=ORIENTED_EDGE('',*,*,#2596,.T.);
#3389=ORIENTED_EDGE('',*,*,#2597,.T.);
#3390=ORIENTED_EDGE('',*,*,#2598,.T.);
#3391=ORIENTED_EDGE('',*,*,#2598,.F.);
#3392=ORIENTED_EDGE('',*,*,#2599,.F.);
#3393=ORIENTED_EDGE('',*,*,#2600,.T.);
#3394=ORIENTED_EDGE('',*,*,#2601,.F.);
#3395=ORIENTED_EDGE('',*,*,#2602,.F.);
#3396=ORIENTED_EDGE('',*,*,#2603,.F.);
#3397=ORIENTED_EDGE('',*,*,#2604,.T.);
#3398=ORIENTED_EDGE('',*,*,#2605,.T.);
#3399=ORIENTED_EDGE('',*,*,#2606,.T.);
#3400=ORIENTED_EDGE('',*,*,#2606,.F.);
#3401=ORIENTED_EDGE('',*,*,#2607,.T.);
#3402=ORIENTED_EDGE('',*,*,#2594,.T.);
#3403=ORIENTED_EDGE('',*,*,#2591,.T.);
#3404=ORIENTED_EDGE('',*,*,#2370,.F.);
#3405=ORIENTED_EDGE('',*,*,#2608,.T.);
#3406=ORIENTED_EDGE('',*,*,#2609,.F.);
#3407=ORIENTED_EDGE('',*,*,#2596,.F.);
#3408=ORIENTED_EDGE('',*,*,#2597,.F.);
#3409=ORIENTED_EDGE('',*,*,#2609,.T.);
#3410=ORIENTED_EDGE('',*,*,#2610,.F.);
#3411=ORIENTED_EDGE('',*,*,#2610,.T.);
#3412=ORIENTED_EDGE('',*,*,#2608,.F.);
#3413=ORIENTED_EDGE('',*,*,#2369,.F.);
#3414=ORIENTED_EDGE('',*,*,#2611,.T.);
#3415=ORIENTED_EDGE('',*,*,#2612,.F.);
#3416=ORIENTED_EDGE('',*,*,#2613,.F.);
#3417=ORIENTED_EDGE('',*,*,#2607,.F.);
#3418=ORIENTED_EDGE('',*,*,#2583,.F.);
#3419=ORIENTED_EDGE('',*,*,#2595,.T.);
#3420=ORIENTED_EDGE('',*,*,#2589,.F.);
#3421=ORIENTED_EDGE('',*,*,#2546,.T.);
#3422=ORIENTED_EDGE('',*,*,#2526,.F.);
#3423=ORIENTED_EDGE('',*,*,#2614,.F.);
#3424=ORIENTED_EDGE('',*,*,#2548,.T.);
#3425=ORIENTED_EDGE('',*,*,#2391,.T.);
#3426=ORIENTED_EDGE('',*,*,#2615,.T.);
#3427=ORIENTED_EDGE('',*,*,#2616,.T.);
#3428=ORIENTED_EDGE('',*,*,#2550,.T.);
#3429=ORIENTED_EDGE('',*,*,#2293,.T.);
#3430=ORIENTED_EDGE('',*,*,#2389,.T.);
#3431=ORIENTED_EDGE('',*,*,#2617,.T.);
#3432=ORIENTED_EDGE('',*,*,#2618,.T.);
#3433=ORIENTED_EDGE('',*,*,#2294,.T.);
#3434=ORIENTED_EDGE('',*,*,#2618,.F.);
#3435=ORIENTED_EDGE('',*,*,#2305,.T.);
#3436=ORIENTED_EDGE('',*,*,#2307,.F.);
#3437=ORIENTED_EDGE('',*,*,#2298,.F.);
#3438=ORIENTED_EDGE('',*,*,#2619,.F.);
#3439=ORIENTED_EDGE('',*,*,#2367,.T.);
#3440=ORIENTED_EDGE('',*,*,#2620,.T.);
#3441=ORIENTED_EDGE('',*,*,#2621,.T.);
#3442=ORIENTED_EDGE('',*,*,#2340,.T.);
#3443=ORIENTED_EDGE('',*,*,#2622,.F.);
#3444=ORIENTED_EDGE('',*,*,#2621,.F.);
#3445=ORIENTED_EDGE('',*,*,#2623,.T.);
#3446=ORIENTED_EDGE('',*,*,#2364,.T.);
#3447=ORIENTED_EDGE('',*,*,#2624,.F.);
#3448=ORIENTED_EDGE('',*,*,#2625,.T.);
#3449=ORIENTED_EDGE('',*,*,#2626,.T.);
#3450=ORIENTED_EDGE('',*,*,#2343,.T.);
#3451=ORIENTED_EDGE('',*,*,#2627,.T.);
#3452=ORIENTED_EDGE('',*,*,#2365,.T.);
#3453=ORIENTED_EDGE('',*,*,#2626,.F.);
#3454=ORIENTED_EDGE('',*,*,#2624,.T.);
#3455=ORIENTED_EDGE('',*,*,#2363,.F.);
#3456=ORIENTED_EDGE('',*,*,#2628,.T.);
#3457=ORIENTED_EDGE('',*,*,#2629,.F.);
#3458=ORIENTED_EDGE('',*,*,#2630,.F.);
#3459=ORIENTED_EDGE('',*,*,#2631,.F.);
#3460=ORIENTED_EDGE('',*,*,#2632,.F.);
#3461=ORIENTED_EDGE('',*,*,#2630,.T.);
#3462=ORIENTED_EDGE('',*,*,#2633,.F.);
#3463=ORIENTED_EDGE('',*,*,#2362,.F.);
#3464=ORIENTED_EDGE('',*,*,#2283,.F.);
#3465=ORIENTED_EDGE('',*,*,#2634,.F.);
#3466=ORIENTED_EDGE('',*,*,#2635,.F.);
#3467=ORIENTED_EDGE('',*,*,#2628,.F.);
#3468=ORIENTED_EDGE('',*,*,#2629,.T.);
#3469=ORIENTED_EDGE('',*,*,#2635,.T.);
#3470=ORIENTED_EDGE('',*,*,#2636,.F.);
#3471=ORIENTED_EDGE('',*,*,#2282,.F.);
#3472=ORIENTED_EDGE('',*,*,#2637,.F.);
#3473=ORIENTED_EDGE('',*,*,#2634,.T.);
#3474=ORIENTED_EDGE('',*,*,#2619,.T.);
#3475=ORIENTED_EDGE('',*,*,#2622,.T.);
#3476=ORIENTED_EDGE('',*,*,#2339,.T.);
#3477=ORIENTED_EDGE('',*,*,#2344,.T.);
#3478=ORIENTED_EDGE('',*,*,#2625,.F.);
#3479=ORIENTED_EDGE('',*,*,#2631,.T.);
#3480=ORIENTED_EDGE('',*,*,#2632,.T.);
#3481=ORIENTED_EDGE('',*,*,#2638,.T.);
#3482=ORIENTED_EDGE('',*,*,#2638,.F.);
#3483=ORIENTED_EDGE('',*,*,#2639,.F.);
#3484=ORIENTED_EDGE('',*,*,#2640,.T.);
#3485=ORIENTED_EDGE('',*,*,#2641,.F.);
#3486=ORIENTED_EDGE('',*,*,#2642,.F.);
#3487=ORIENTED_EDGE('',*,*,#2643,.F.);
#3488=ORIENTED_EDGE('',*,*,#2644,.T.);
#3489=ORIENTED_EDGE('',*,*,#2645,.T.);
#3490=ORIENTED_EDGE('',*,*,#2645,.F.);
#3491=ORIENTED_EDGE('',*,*,#2368,.T.);
#3492=ORIENTED_EDGE('',*,*,#2646,.T.);
#3493=ORIENTED_EDGE('',*,*,#2633,.T.);
#3494=ORIENTED_EDGE('',*,*,#2636,.T.);
#3495=ORIENTED_EDGE('',*,*,#2637,.T.);
#3496=ORIENTED_EDGE('',*,*,#2647,.T.);
#3497=ORIENTED_EDGE('',*,*,#2648,.T.);
#3498=ORIENTED_EDGE('',*,*,#2649,.F.);
#3499=ORIENTED_EDGE('',*,*,#2650,.T.);
#3500=ORIENTED_EDGE('',*,*,#2620,.F.);
#3501=ORIENTED_EDGE('',*,*,#2366,.T.);
#3502=ORIENTED_EDGE('',*,*,#2627,.F.);
#3503=ORIENTED_EDGE('',*,*,#2341,.T.);
#3504=ORIENTED_EDGE('',*,*,#2623,.F.);
#3505=ORIENTED_EDGE('',*,*,#2650,.F.);
#3506=ORIENTED_EDGE('',*,*,#2342,.T.);
#3507=ORIENTED_EDGE('',*,*,#2302,.T.);
#3508=ORIENTED_EDGE('',*,*,#2617,.F.);
#3509=ORIENTED_EDGE('',*,*,#2388,.T.);
#3510=ORIENTED_EDGE('',*,*,#2552,.F.);
#3511=ORIENTED_EDGE('',*,*,#2651,.T.);
#3512=ORIENTED_EDGE('',*,*,#2259,.F.);
#3513=ORIENTED_EDGE('',*,*,#2590,.F.);
#3514=ORIENTED_EDGE('',*,*,#2614,.T.);
#3515=ORIENTED_EDGE('',*,*,#2525,.F.);
#3516=ORIENTED_EDGE('',*,*,#2528,.F.);
#3517=ORIENTED_EDGE('',*,*,#2476,.T.);
#3518=ORIENTED_EDGE('',*,*,#2551,.F.);
#3519=ORIENTED_EDGE('',*,*,#2652,.T.);
#3520=ORIENTED_EDGE('',*,*,#2300,.T.);
#3521=ORIENTED_EDGE('',*,*,#2306,.F.);
#3522=ORIENTED_EDGE('',*,*,#2303,.F.);
#3523=ORIENTED_EDGE('',*,*,#2653,.T.);
#3524=ORIENTED_EDGE('',*,*,#2654,.T.);
#3525=ORIENTED_EDGE('',*,*,#2655,.T.);
#3526=ORIENTED_EDGE('',*,*,#2656,.T.);
#3527=ORIENTED_EDGE('',*,*,#2657,.T.);
#3528=ORIENTED_EDGE('',*,*,#2658,.T.);
#3529=ORIENTED_EDGE('',*,*,#2655,.F.);
#3530=ORIENTED_EDGE('',*,*,#2659,.T.);
#3531=ORIENTED_EDGE('',*,*,#2660,.T.);
#3532=ORIENTED_EDGE('',*,*,#2661,.T.);
#3533=ORIENTED_EDGE('',*,*,#2657,.F.);
#3534=ORIENTED_EDGE('',*,*,#2662,.T.);
#3535=ORIENTED_EDGE('',*,*,#2663,.T.);
#3536=ORIENTED_EDGE('',*,*,#2664,.T.);
#3537=ORIENTED_EDGE('',*,*,#2660,.F.);
#3538=ORIENTED_EDGE('',*,*,#2665,.T.);
#3539=ORIENTED_EDGE('',*,*,#2666,.T.);
#3540=ORIENTED_EDGE('',*,*,#2667,.T.);
#3541=ORIENTED_EDGE('',*,*,#2663,.F.);
#3542=ORIENTED_EDGE('',*,*,#2668,.T.);
#3543=ORIENTED_EDGE('',*,*,#2669,.T.);
#3544=ORIENTED_EDGE('',*,*,#2670,.T.);
#3545=ORIENTED_EDGE('',*,*,#2666,.F.);
#3546=ORIENTED_EDGE('',*,*,#2671,.T.);
#3547=ORIENTED_EDGE('',*,*,#2672,.T.);
#3548=ORIENTED_EDGE('',*,*,#2673,.T.);
#3549=ORIENTED_EDGE('',*,*,#2669,.F.);
#3550=ORIENTED_EDGE('',*,*,#2674,.T.);
#3551=ORIENTED_EDGE('',*,*,#2653,.F.);
#3552=ORIENTED_EDGE('',*,*,#2675,.T.);
#3553=ORIENTED_EDGE('',*,*,#2672,.F.);
#3554=ORIENTED_EDGE('',*,*,#2676,.T.);
#3555=ORIENTED_EDGE('',*,*,#2665,.F.);
#3556=ORIENTED_EDGE('',*,*,#2677,.T.);
#3557=ORIENTED_EDGE('',*,*,#2678,.F.);
#3558=ORIENTED_EDGE('',*,*,#2679,.T.);
#3559=ORIENTED_EDGE('',*,*,#2662,.F.);
#3560=ORIENTED_EDGE('',*,*,#2680,.F.);
#3561=ORIENTED_EDGE('',*,*,#2681,.F.);
#3562=ORIENTED_EDGE('',*,*,#2677,.F.);
#3563=ORIENTED_EDGE('',*,*,#2659,.F.);
#3564=ORIENTED_EDGE('',*,*,#2682,.T.);
#3565=ORIENTED_EDGE('',*,*,#2683,.F.);
#3566=ORIENTED_EDGE('',*,*,#2680,.T.);
#3567=ORIENTED_EDGE('',*,*,#2654,.F.);
#3568=ORIENTED_EDGE('',*,*,#2684,.F.);
#3569=ORIENTED_EDGE('',*,*,#2685,.F.);
#3570=ORIENTED_EDGE('',*,*,#2682,.F.);
#3571=ORIENTED_EDGE('',*,*,#2686,.T.);
#3572=ORIENTED_EDGE('',*,*,#2656,.F.);
#3573=ORIENTED_EDGE('',*,*,#2658,.F.);
#3574=ORIENTED_EDGE('',*,*,#2661,.F.);
#3575=ORIENTED_EDGE('',*,*,#2664,.F.);
#3576=ORIENTED_EDGE('',*,*,#2667,.F.);
#3577=ORIENTED_EDGE('',*,*,#2670,.F.);
#3578=ORIENTED_EDGE('',*,*,#2673,.F.);
#3579=ORIENTED_EDGE('',*,*,#2675,.F.);
#3580=ORIENTED_EDGE('',*,*,#2642,.T.);
#3581=ORIENTED_EDGE('',*,*,#2687,.T.);
#3582=ORIENTED_EDGE('',*,*,#2277,.T.);
#3583=ORIENTED_EDGE('',*,*,#2688,.T.);
#3584=ORIENTED_EDGE('',*,*,#2576,.T.);
#3585=ORIENTED_EDGE('',*,*,#2689,.T.);
#3586=ORIENTED_EDGE('',*,*,#2602,.T.);
#3587=ORIENTED_EDGE('',*,*,#2690,.T.);
#3588=ORIENTED_EDGE('',*,*,#2691,.T.);
#3589=ORIENTED_EDGE('',*,*,#2692,.T.);
#3590=ORIENTED_EDGE('',*,*,#2693,.T.);
#3591=ORIENTED_EDGE('',*,*,#2694,.T.);
#3592=ORIENTED_EDGE('',*,*,#2695,.T.);
#3593=ORIENTED_EDGE('',*,*,#2696,.T.);
#3594=ORIENTED_EDGE('',*,*,#2693,.F.);
#3595=ORIENTED_EDGE('',*,*,#2697,.T.);
#3596=ORIENTED_EDGE('',*,*,#2698,.T.);
#3597=ORIENTED_EDGE('',*,*,#2699,.T.);
#3598=ORIENTED_EDGE('',*,*,#2695,.F.);
#3599=ORIENTED_EDGE('',*,*,#2700,.T.);
#3600=ORIENTED_EDGE('',*,*,#2701,.T.);
#3601=ORIENTED_EDGE('',*,*,#2685,.T.);
#3602=ORIENTED_EDGE('',*,*,#2698,.F.);
#3603=ORIENTED_EDGE('',*,*,#2702,.T.);
#3604=ORIENTED_EDGE('',*,*,#2703,.T.);
#3605=ORIENTED_EDGE('',*,*,#2683,.T.);
#3606=ORIENTED_EDGE('',*,*,#2701,.F.);
#3607=ORIENTED_EDGE('',*,*,#2704,.T.);
#3608=ORIENTED_EDGE('',*,*,#2705,.T.);
#3609=ORIENTED_EDGE('',*,*,#2681,.T.);
#3610=ORIENTED_EDGE('',*,*,#2703,.F.);
#3611=ORIENTED_EDGE('',*,*,#2706,.T.);
#3612=ORIENTED_EDGE('',*,*,#2707,.T.);
#3613=ORIENTED_EDGE('',*,*,#2678,.T.);
#3614=ORIENTED_EDGE('',*,*,#2705,.F.);
#3615=ORIENTED_EDGE('',*,*,#2708,.T.);
#3616=ORIENTED_EDGE('',*,*,#2707,.F.);
#3617=ORIENTED_EDGE('',*,*,#2709,.T.);
#3618=ORIENTED_EDGE('',*,*,#2691,.F.);
#3619=ORIENTED_EDGE('',*,*,#2710,.T.);
#3620=ORIENTED_EDGE('',*,*,#2668,.F.);
#3621=ORIENTED_EDGE('',*,*,#2679,.F.);
#3622=ORIENTED_EDGE('',*,*,#2710,.F.);
#3623=ORIENTED_EDGE('',*,*,#2711,.F.);
#3624=ORIENTED_EDGE('',*,*,#2671,.F.);
#3625=ORIENTED_EDGE('',*,*,#2711,.T.);
#3626=ORIENTED_EDGE('',*,*,#2694,.F.);
#3627=ORIENTED_EDGE('',*,*,#2712,.T.);
#3628=ORIENTED_EDGE('',*,*,#2692,.F.);
#3629=ORIENTED_EDGE('',*,*,#2709,.F.);
#3630=ORIENTED_EDGE('',*,*,#2708,.F.);
#3631=ORIENTED_EDGE('',*,*,#2706,.F.);
#3632=ORIENTED_EDGE('',*,*,#2704,.F.);
#3633=ORIENTED_EDGE('',*,*,#2702,.F.);
#3634=ORIENTED_EDGE('',*,*,#2700,.F.);
#3635=ORIENTED_EDGE('',*,*,#2697,.F.);
#3636=ORIENTED_EDGE('',*,*,#2713,.T.);
#3637=ORIENTED_EDGE('',*,*,#2714,.T.);
#3638=ORIENTED_EDGE('',*,*,#2715,.T.);
#3639=ORIENTED_EDGE('',*,*,#2716,.T.);
#3640=ORIENTED_EDGE('',*,*,#2717,.T.);
#3641=ORIENTED_EDGE('',*,*,#2718,.T.);
#3642=ORIENTED_EDGE('',*,*,#2719,.T.);
#3643=ORIENTED_EDGE('',*,*,#2720,.T.);
#3644=ORIENTED_EDGE('',*,*,#2721,.T.);
#3645=ORIENTED_EDGE('',*,*,#2722,.T.);
#3646=ORIENTED_EDGE('',*,*,#2723,.T.);
#3647=ORIENTED_EDGE('',*,*,#2724,.T.);
#3648=ORIENTED_EDGE('',*,*,#2725,.T.);
#3649=ORIENTED_EDGE('',*,*,#2726,.T.);
#3650=ORIENTED_EDGE('',*,*,#2727,.T.);
#3651=ORIENTED_EDGE('',*,*,#2728,.T.);
#3652=ORIENTED_EDGE('',*,*,#2729,.T.);
#3653=ORIENTED_EDGE('',*,*,#2730,.T.);
#3654=ORIENTED_EDGE('',*,*,#2731,.T.);
#3655=ORIENTED_EDGE('',*,*,#2732,.T.);
#3656=ORIENTED_EDGE('',*,*,#2733,.T.);
#3657=ORIENTED_EDGE('',*,*,#2734,.T.);
#3658=ORIENTED_EDGE('',*,*,#2735,.T.);
#3659=ORIENTED_EDGE('',*,*,#2736,.T.);
#3660=ORIENTED_EDGE('',*,*,#2737,.T.);
#3661=ORIENTED_EDGE('',*,*,#2738,.T.);
#3662=ORIENTED_EDGE('',*,*,#2739,.T.);
#3663=ORIENTED_EDGE('',*,*,#2740,.T.);
#3664=ORIENTED_EDGE('',*,*,#2741,.T.);
#3665=ORIENTED_EDGE('',*,*,#2742,.T.);
#3666=ORIENTED_EDGE('',*,*,#2743,.T.);
#3667=ORIENTED_EDGE('',*,*,#2744,.T.);
#3668=ORIENTED_EDGE('',*,*,#2745,.T.);
#3669=ORIENTED_EDGE('',*,*,#2746,.T.);
#3670=ORIENTED_EDGE('',*,*,#2747,.T.);
#3671=ORIENTED_EDGE('',*,*,#2748,.T.);
#3672=ORIENTED_EDGE('',*,*,#2749,.T.);
#3673=ORIENTED_EDGE('',*,*,#2750,.T.);
#3674=ORIENTED_EDGE('',*,*,#2751,.T.);
#3675=ORIENTED_EDGE('',*,*,#2752,.T.);
#3676=ORIENTED_EDGE('',*,*,#2753,.T.);
#3677=ORIENTED_EDGE('',*,*,#2754,.T.);
#3678=ORIENTED_EDGE('',*,*,#2755,.T.);
#3679=ORIENTED_EDGE('',*,*,#2756,.T.);
#3680=ORIENTED_EDGE('',*,*,#2757,.T.);
#3681=ORIENTED_EDGE('',*,*,#2758,.T.);
#3682=ORIENTED_EDGE('',*,*,#2759,.T.);
#3683=ORIENTED_EDGE('',*,*,#2760,.T.);
#3684=ORIENTED_EDGE('',*,*,#2761,.T.);
#3685=ORIENTED_EDGE('',*,*,#2762,.T.);
#3686=ORIENTED_EDGE('',*,*,#2763,.T.);
#3687=ORIENTED_EDGE('',*,*,#2764,.T.);
#3688=ORIENTED_EDGE('',*,*,#2765,.T.);
#3689=ORIENTED_EDGE('',*,*,#2766,.T.);
#3690=ORIENTED_EDGE('',*,*,#2767,.T.);
#3691=ORIENTED_EDGE('',*,*,#2768,.T.);
#3692=ORIENTED_EDGE('',*,*,#2769,.T.);
#3693=ORIENTED_EDGE('',*,*,#2770,.T.);
#3694=ORIENTED_EDGE('',*,*,#2771,.T.);
#3695=ORIENTED_EDGE('',*,*,#2772,.T.);
#3696=ORIENTED_EDGE('',*,*,#2773,.T.);
#3697=ORIENTED_EDGE('',*,*,#2774,.T.);
#3698=ORIENTED_EDGE('',*,*,#2775,.T.);
#3699=ORIENTED_EDGE('',*,*,#2776,.T.);
#3700=ORIENTED_EDGE('',*,*,#2320,.T.);
#3701=ORIENTED_EDGE('',*,*,#2777,.T.);
#3702=ORIENTED_EDGE('',*,*,#2778,.T.);
#3703=ORIENTED_EDGE('',*,*,#2317,.T.);
#3704=ORIENTED_EDGE('',*,*,#2561,.F.);
#3705=ORIENTED_EDGE('',*,*,#2564,.F.);
#3706=ORIENTED_EDGE('',*,*,#2605,.F.);
#3707=ORIENTED_EDGE('',*,*,#2779,.F.);
#3708=ORIENTED_EDGE('',*,*,#2573,.T.);
#3709=ORIENTED_EDGE('',*,*,#2586,.T.);
#3710=ORIENTED_EDGE('',*,*,#2780,.F.);
#3711=ORIENTED_EDGE('',*,*,#2584,.F.);
#3712=ORIENTED_EDGE('',*,*,#2585,.T.);
#3713=ORIENTED_EDGE('',*,*,#2780,.T.);
#3714=ORIENTED_EDGE('',*,*,#2559,.T.);
#3715=ORIENTED_EDGE('',*,*,#2779,.T.);
#3716=ORIENTED_EDGE('',*,*,#2604,.F.);
#3717=ORIENTED_EDGE('',*,*,#2781,.T.);
#3718=ORIENTED_EDGE('',*,*,#2574,.F.);
#3719=ORIENTED_EDGE('',*,*,#2611,.F.);
#3720=ORIENTED_EDGE('',*,*,#2782,.F.);
#3721=ORIENTED_EDGE('',*,*,#2599,.T.);
#3722=ORIENTED_EDGE('',*,*,#2613,.T.);
#3723=ORIENTED_EDGE('',*,*,#2783,.F.);
#3724=ORIENTED_EDGE('',*,*,#2612,.T.);
#3725=ORIENTED_EDGE('',*,*,#2783,.T.);
#3726=ORIENTED_EDGE('',*,*,#2562,.T.);
#3727=ORIENTED_EDGE('',*,*,#2782,.T.);
#3728=ORIENTED_EDGE('',*,*,#2644,.F.);
#3729=ORIENTED_EDGE('',*,*,#2784,.T.);
#3730=ORIENTED_EDGE('',*,*,#2600,.F.);
#3731=ORIENTED_EDGE('',*,*,#2784,.F.);
#3732=ORIENTED_EDGE('',*,*,#2643,.T.);
#3733=ORIENTED_EDGE('',*,*,#2690,.F.);
#3734=ORIENTED_EDGE('',*,*,#2601,.T.);
#3735=ORIENTED_EDGE('',*,*,#2781,.F.);
#3736=ORIENTED_EDGE('',*,*,#2603,.T.);
#3737=ORIENTED_EDGE('',*,*,#2689,.F.);
#3738=ORIENTED_EDGE('',*,*,#2575,.T.);
#3739=ORIENTED_EDGE('',*,*,#2558,.F.);
#3740=ORIENTED_EDGE('',*,*,#2555,.F.);
#3741=ORIENTED_EDGE('',*,*,#2280,.F.);
#3742=ORIENTED_EDGE('',*,*,#2785,.F.);
#3743=ORIENTED_EDGE('',*,*,#2639,.T.);
#3744=ORIENTED_EDGE('',*,*,#2649,.T.);
#3745=ORIENTED_EDGE('',*,*,#2786,.T.);
#3746=ORIENTED_EDGE('',*,*,#2647,.F.);
#3747=ORIENTED_EDGE('',*,*,#2648,.F.);
#3748=ORIENTED_EDGE('',*,*,#2786,.F.);
#3749=ORIENTED_EDGE('',*,*,#2553,.T.);
#3750=ORIENTED_EDGE('',*,*,#2785,.T.);
#3751=ORIENTED_EDGE('',*,*,#2279,.F.);
#3752=ORIENTED_EDGE('',*,*,#2787,.T.);
#3753=ORIENTED_EDGE('',*,*,#2640,.F.);
#3754=ORIENTED_EDGE('',*,*,#2579,.F.);
#3755=ORIENTED_EDGE('',*,*,#2788,.F.);
#3756=ORIENTED_EDGE('',*,*,#2506,.T.);
#3757=ORIENTED_EDGE('',*,*,#2789,.F.);
#3758=ORIENTED_EDGE('',*,*,#2504,.F.);
#3759=ORIENTED_EDGE('',*,*,#2505,.T.);
#3760=ORIENTED_EDGE('',*,*,#2789,.T.);
#3761=ORIENTED_EDGE('',*,*,#2556,.T.);
#3762=ORIENTED_EDGE('',*,*,#2508,.T.);
#3763=ORIENTED_EDGE('',*,*,#2790,.F.);
#3764=ORIENTED_EDGE('',*,*,#2272,.F.);
#3765=ORIENTED_EDGE('',*,*,#2544,.F.);
#3766=ORIENTED_EDGE('',*,*,#2507,.T.);
#3767=ORIENTED_EDGE('',*,*,#2273,.F.);
#3768=ORIENTED_EDGE('',*,*,#2790,.T.);
#3769=ORIENTED_EDGE('',*,*,#2788,.T.);
#3770=ORIENTED_EDGE('',*,*,#2578,.F.);
#3771=ORIENTED_EDGE('',*,*,#2791,.T.);
#3772=ORIENTED_EDGE('',*,*,#2275,.F.);
#3773=ORIENTED_EDGE('',*,*,#2349,.T.);
#3774=ORIENTED_EDGE('',*,*,#2792,.T.);
#3775=ORIENTED_EDGE('',*,*,#2413,.F.);
#3776=ORIENTED_EDGE('',*,*,#2792,.F.);
#3777=ORIENTED_EDGE('',*,*,#2346,.T.);
#3778=ORIENTED_EDGE('',*,*,#2793,.T.);
#3779=ORIENTED_EDGE('',*,*,#2446,.F.);
#3780=ORIENTED_EDGE('',*,*,#2793,.F.);
#3781=ORIENTED_EDGE('',*,*,#2352,.T.);
#3782=ORIENTED_EDGE('',*,*,#2794,.T.);
#3783=ORIENTED_EDGE('',*,*,#2412,.F.);
#3784=ORIENTED_EDGE('',*,*,#2794,.F.);
#3785=ORIENTED_EDGE('',*,*,#2311,.T.);
#3786=ORIENTED_EDGE('',*,*,#2795,.F.);
#3787=ORIENTED_EDGE('',*,*,#2394,.F.);
#3788=ORIENTED_EDGE('',*,*,#2324,.T.);
#3789=ORIENTED_EDGE('',*,*,#2310,.T.);
#3790=ORIENTED_EDGE('',*,*,#2323,.F.);
#3791=ORIENTED_EDGE('',*,*,#2395,.F.);
#3792=ORIENTED_EDGE('',*,*,#2795,.T.);
#3793=ORIENTED_EDGE('',*,*,#2713,.F.);
#3794=ORIENTED_EDGE('',*,*,#2796,.T.);
#3795=ORIENTED_EDGE('',*,*,#2402,.F.);
#3796=ORIENTED_EDGE('',*,*,#2797,.F.);
#3797=ORIENTED_EDGE('',*,*,#2716,.F.);
#3798=ORIENTED_EDGE('',*,*,#2798,.T.);
#3799=ORIENTED_EDGE('',*,*,#2403,.F.);
#3800=ORIENTED_EDGE('',*,*,#2796,.F.);
#3801=ORIENTED_EDGE('',*,*,#2715,.F.);
#3802=ORIENTED_EDGE('',*,*,#2799,.T.);
#3803=ORIENTED_EDGE('',*,*,#2400,.F.);
#3804=ORIENTED_EDGE('',*,*,#2798,.F.);
#3805=ORIENTED_EDGE('',*,*,#2714,.F.);
#3806=ORIENTED_EDGE('',*,*,#2797,.T.);
#3807=ORIENTED_EDGE('',*,*,#2401,.F.);
#3808=ORIENTED_EDGE('',*,*,#2799,.F.);
#3809=ORIENTED_EDGE('',*,*,#2717,.F.);
#3810=ORIENTED_EDGE('',*,*,#2800,.T.);
#3811=ORIENTED_EDGE('',*,*,#2432,.F.);
#3812=ORIENTED_EDGE('',*,*,#2801,.F.);
#3813=ORIENTED_EDGE('',*,*,#2720,.F.);
#3814=ORIENTED_EDGE('',*,*,#2802,.T.);
#3815=ORIENTED_EDGE('',*,*,#2433,.F.);
#3816=ORIENTED_EDGE('',*,*,#2800,.F.);
#3817=ORIENTED_EDGE('',*,*,#2719,.F.);
#3818=ORIENTED_EDGE('',*,*,#2803,.T.);
#3819=ORIENTED_EDGE('',*,*,#2430,.F.);
#3820=ORIENTED_EDGE('',*,*,#2802,.F.);
#3821=ORIENTED_EDGE('',*,*,#2718,.F.);
#3822=ORIENTED_EDGE('',*,*,#2801,.T.);
#3823=ORIENTED_EDGE('',*,*,#2431,.F.);
#3824=ORIENTED_EDGE('',*,*,#2803,.F.);
#3825=ORIENTED_EDGE('',*,*,#2721,.F.);
#3826=ORIENTED_EDGE('',*,*,#2804,.T.);
#3827=ORIENTED_EDGE('',*,*,#2420,.F.);
#3828=ORIENTED_EDGE('',*,*,#2805,.F.);
#3829=ORIENTED_EDGE('',*,*,#2724,.F.);
#3830=ORIENTED_EDGE('',*,*,#2806,.T.);
#3831=ORIENTED_EDGE('',*,*,#2421,.F.);
#3832=ORIENTED_EDGE('',*,*,#2804,.F.);
#3833=ORIENTED_EDGE('',*,*,#2723,.F.);
#3834=ORIENTED_EDGE('',*,*,#2807,.T.);
#3835=ORIENTED_EDGE('',*,*,#2418,.F.);
#3836=ORIENTED_EDGE('',*,*,#2806,.F.);
#3837=ORIENTED_EDGE('',*,*,#2722,.F.);
#3838=ORIENTED_EDGE('',*,*,#2805,.T.);
#3839=ORIENTED_EDGE('',*,*,#2419,.F.);
#3840=ORIENTED_EDGE('',*,*,#2807,.F.);
#3841=ORIENTED_EDGE('',*,*,#2725,.F.);
#3842=ORIENTED_EDGE('',*,*,#2808,.T.);
#3843=ORIENTED_EDGE('',*,*,#2424,.F.);
#3844=ORIENTED_EDGE('',*,*,#2809,.F.);
#3845=ORIENTED_EDGE('',*,*,#2728,.F.);
#3846=ORIENTED_EDGE('',*,*,#2810,.T.);
#3847=ORIENTED_EDGE('',*,*,#2425,.F.);
#3848=ORIENTED_EDGE('',*,*,#2808,.F.);
#3849=ORIENTED_EDGE('',*,*,#2727,.F.);
#3850=ORIENTED_EDGE('',*,*,#2811,.T.);
#3851=ORIENTED_EDGE('',*,*,#2422,.F.);
#3852=ORIENTED_EDGE('',*,*,#2810,.F.);
#3853=ORIENTED_EDGE('',*,*,#2726,.F.);
#3854=ORIENTED_EDGE('',*,*,#2809,.T.);
#3855=ORIENTED_EDGE('',*,*,#2423,.F.);
#3856=ORIENTED_EDGE('',*,*,#2811,.F.);
#3857=ORIENTED_EDGE('',*,*,#2729,.F.);
#3858=ORIENTED_EDGE('',*,*,#2812,.T.);
#3859=ORIENTED_EDGE('',*,*,#2447,.F.);
#3860=ORIENTED_EDGE('',*,*,#2813,.F.);
#3861=ORIENTED_EDGE('',*,*,#2732,.F.);
#3862=ORIENTED_EDGE('',*,*,#2814,.T.);
#3863=ORIENTED_EDGE('',*,*,#2448,.F.);
#3864=ORIENTED_EDGE('',*,*,#2812,.F.);
#3865=ORIENTED_EDGE('',*,*,#2731,.F.);
#3866=ORIENTED_EDGE('',*,*,#2815,.T.);
#3867=ORIENTED_EDGE('',*,*,#2449,.F.);
#3868=ORIENTED_EDGE('',*,*,#2814,.F.);
#3869=ORIENTED_EDGE('',*,*,#2730,.F.);
#3870=ORIENTED_EDGE('',*,*,#2813,.T.);
#3871=ORIENTED_EDGE('',*,*,#2450,.F.);
#3872=ORIENTED_EDGE('',*,*,#2815,.F.);
#3873=ORIENTED_EDGE('',*,*,#2733,.F.);
#3874=ORIENTED_EDGE('',*,*,#2816,.T.);
#3875=ORIENTED_EDGE('',*,*,#2416,.F.);
#3876=ORIENTED_EDGE('',*,*,#2817,.F.);
#3877=ORIENTED_EDGE('',*,*,#2736,.F.);
#3878=ORIENTED_EDGE('',*,*,#2818,.T.);
#3879=ORIENTED_EDGE('',*,*,#2417,.F.);
#3880=ORIENTED_EDGE('',*,*,#2816,.F.);
#3881=ORIENTED_EDGE('',*,*,#2735,.F.);
#3882=ORIENTED_EDGE('',*,*,#2819,.T.);
#3883=ORIENTED_EDGE('',*,*,#2414,.F.);
#3884=ORIENTED_EDGE('',*,*,#2818,.F.);
#3885=ORIENTED_EDGE('',*,*,#2734,.F.);
#3886=ORIENTED_EDGE('',*,*,#2817,.T.);
#3887=ORIENTED_EDGE('',*,*,#2415,.F.);
#3888=ORIENTED_EDGE('',*,*,#2819,.F.);
#3889=ORIENTED_EDGE('',*,*,#2737,.F.);
#3890=ORIENTED_EDGE('',*,*,#2820,.T.);
#3891=ORIENTED_EDGE('',*,*,#2436,.F.);
#3892=ORIENTED_EDGE('',*,*,#2821,.F.);
#3893=ORIENTED_EDGE('',*,*,#2740,.F.);
#3894=ORIENTED_EDGE('',*,*,#2822,.T.);
#3895=ORIENTED_EDGE('',*,*,#2437,.F.);
#3896=ORIENTED_EDGE('',*,*,#2820,.F.);
#3897=ORIENTED_EDGE('',*,*,#2739,.F.);
#3898=ORIENTED_EDGE('',*,*,#2823,.T.);
#3899=ORIENTED_EDGE('',*,*,#2434,.F.);
#3900=ORIENTED_EDGE('',*,*,#2822,.F.);
#3901=ORIENTED_EDGE('',*,*,#2738,.F.);
#3902=ORIENTED_EDGE('',*,*,#2821,.T.);
#3903=ORIENTED_EDGE('',*,*,#2435,.F.);
#3904=ORIENTED_EDGE('',*,*,#2823,.F.);
#3905=ORIENTED_EDGE('',*,*,#2741,.F.);
#3906=ORIENTED_EDGE('',*,*,#2824,.T.);
#3907=ORIENTED_EDGE('',*,*,#2398,.F.);
#3908=ORIENTED_EDGE('',*,*,#2825,.F.);
#3909=ORIENTED_EDGE('',*,*,#2744,.F.);
#3910=ORIENTED_EDGE('',*,*,#2826,.T.);
#3911=ORIENTED_EDGE('',*,*,#2399,.F.);
#3912=ORIENTED_EDGE('',*,*,#2824,.F.);
#3913=ORIENTED_EDGE('',*,*,#2743,.F.);
#3914=ORIENTED_EDGE('',*,*,#2827,.T.);
#3915=ORIENTED_EDGE('',*,*,#2396,.F.);
#3916=ORIENTED_EDGE('',*,*,#2826,.F.);
#3917=ORIENTED_EDGE('',*,*,#2742,.F.);
#3918=ORIENTED_EDGE('',*,*,#2825,.T.);
#3919=ORIENTED_EDGE('',*,*,#2397,.F.);
#3920=ORIENTED_EDGE('',*,*,#2827,.F.);
#3921=ORIENTED_EDGE('',*,*,#2745,.F.);
#3922=ORIENTED_EDGE('',*,*,#2828,.T.);
#3923=ORIENTED_EDGE('',*,*,#2406,.F.);
#3924=ORIENTED_EDGE('',*,*,#2829,.F.);
#3925=ORIENTED_EDGE('',*,*,#2748,.F.);
#3926=ORIENTED_EDGE('',*,*,#2830,.T.);
#3927=ORIENTED_EDGE('',*,*,#2407,.F.);
#3928=ORIENTED_EDGE('',*,*,#2828,.F.);
#3929=ORIENTED_EDGE('',*,*,#2747,.F.);
#3930=ORIENTED_EDGE('',*,*,#2831,.T.);
#3931=ORIENTED_EDGE('',*,*,#2404,.F.);
#3932=ORIENTED_EDGE('',*,*,#2830,.F.);
#3933=ORIENTED_EDGE('',*,*,#2746,.F.);
#3934=ORIENTED_EDGE('',*,*,#2829,.T.);
#3935=ORIENTED_EDGE('',*,*,#2405,.F.);
#3936=ORIENTED_EDGE('',*,*,#2831,.F.);
#3937=ORIENTED_EDGE('',*,*,#2749,.F.);
#3938=ORIENTED_EDGE('',*,*,#2832,.T.);
#3939=ORIENTED_EDGE('',*,*,#2442,.F.);
#3940=ORIENTED_EDGE('',*,*,#2833,.F.);
#3941=ORIENTED_EDGE('',*,*,#2752,.F.);
#3942=ORIENTED_EDGE('',*,*,#2834,.T.);
#3943=ORIENTED_EDGE('',*,*,#2443,.F.);
#3944=ORIENTED_EDGE('',*,*,#2832,.F.);
#3945=ORIENTED_EDGE('',*,*,#2751,.F.);
#3946=ORIENTED_EDGE('',*,*,#2835,.T.);
#3947=ORIENTED_EDGE('',*,*,#2444,.F.);
#3948=ORIENTED_EDGE('',*,*,#2834,.F.);
#3949=ORIENTED_EDGE('',*,*,#2750,.F.);
#3950=ORIENTED_EDGE('',*,*,#2833,.T.);
#3951=ORIENTED_EDGE('',*,*,#2445,.F.);
#3952=ORIENTED_EDGE('',*,*,#2835,.F.);
#3953=ORIENTED_EDGE('',*,*,#2753,.F.);
#3954=ORIENTED_EDGE('',*,*,#2836,.T.);
#3955=ORIENTED_EDGE('',*,*,#2451,.F.);
#3956=ORIENTED_EDGE('',*,*,#2837,.F.);
#3957=ORIENTED_EDGE('',*,*,#2756,.F.);
#3958=ORIENTED_EDGE('',*,*,#2838,.T.);
#3959=ORIENTED_EDGE('',*,*,#2452,.F.);
#3960=ORIENTED_EDGE('',*,*,#2836,.F.);
#3961=ORIENTED_EDGE('',*,*,#2755,.F.);
#3962=ORIENTED_EDGE('',*,*,#2839,.T.);
#3963=ORIENTED_EDGE('',*,*,#2453,.F.);
#3964=ORIENTED_EDGE('',*,*,#2838,.F.);
#3965=ORIENTED_EDGE('',*,*,#2754,.F.);
#3966=ORIENTED_EDGE('',*,*,#2837,.T.);
#3967=ORIENTED_EDGE('',*,*,#2454,.F.);
#3968=ORIENTED_EDGE('',*,*,#2839,.F.);
#3969=ORIENTED_EDGE('',*,*,#2757,.F.);
#3970=ORIENTED_EDGE('',*,*,#2840,.T.);
#3971=ORIENTED_EDGE('',*,*,#2427,.F.);
#3972=ORIENTED_EDGE('',*,*,#2841,.F.);
#3973=ORIENTED_EDGE('',*,*,#2760,.F.);
#3974=ORIENTED_EDGE('',*,*,#2842,.T.);
#3975=ORIENTED_EDGE('',*,*,#2428,.F.);
#3976=ORIENTED_EDGE('',*,*,#2840,.F.);
#3977=ORIENTED_EDGE('',*,*,#2759,.F.);
#3978=ORIENTED_EDGE('',*,*,#2843,.T.);
#3979=ORIENTED_EDGE('',*,*,#2429,.F.);
#3980=ORIENTED_EDGE('',*,*,#2842,.F.);
#3981=ORIENTED_EDGE('',*,*,#2758,.F.);
#3982=ORIENTED_EDGE('',*,*,#2841,.T.);
#3983=ORIENTED_EDGE('',*,*,#2426,.F.);
#3984=ORIENTED_EDGE('',*,*,#2843,.F.);
#3985=ORIENTED_EDGE('',*,*,#2761,.F.);
#3986=ORIENTED_EDGE('',*,*,#2844,.T.);
#3987=ORIENTED_EDGE('',*,*,#2455,.F.);
#3988=ORIENTED_EDGE('',*,*,#2845,.F.);
#3989=ORIENTED_EDGE('',*,*,#2764,.F.);
#3990=ORIENTED_EDGE('',*,*,#2846,.T.);
#3991=ORIENTED_EDGE('',*,*,#2456,.F.);
#3992=ORIENTED_EDGE('',*,*,#2844,.F.);
#3993=ORIENTED_EDGE('',*,*,#2763,.F.);
#3994=ORIENTED_EDGE('',*,*,#2847,.T.);
#3995=ORIENTED_EDGE('',*,*,#2457,.F.);
#3996=ORIENTED_EDGE('',*,*,#2846,.F.);
#3997=ORIENTED_EDGE('',*,*,#2762,.F.);
#3998=ORIENTED_EDGE('',*,*,#2845,.T.);
#3999=ORIENTED_EDGE('',*,*,#2458,.F.);
#4000=ORIENTED_EDGE('',*,*,#2847,.F.);
#4001=ORIENTED_EDGE('',*,*,#2765,.F.);
#4002=ORIENTED_EDGE('',*,*,#2848,.T.);
#4003=ORIENTED_EDGE('',*,*,#2459,.F.);
#4004=ORIENTED_EDGE('',*,*,#2849,.F.);
#4005=ORIENTED_EDGE('',*,*,#2768,.F.);
#4006=ORIENTED_EDGE('',*,*,#2850,.T.);
#4007=ORIENTED_EDGE('',*,*,#2460,.F.);
#4008=ORIENTED_EDGE('',*,*,#2848,.F.);
#4009=ORIENTED_EDGE('',*,*,#2767,.F.);
#4010=ORIENTED_EDGE('',*,*,#2851,.T.);
#4011=ORIENTED_EDGE('',*,*,#2461,.F.);
#4012=ORIENTED_EDGE('',*,*,#2850,.F.);
#4013=ORIENTED_EDGE('',*,*,#2766,.F.);
#4014=ORIENTED_EDGE('',*,*,#2849,.T.);
#4015=ORIENTED_EDGE('',*,*,#2462,.F.);
#4016=ORIENTED_EDGE('',*,*,#2851,.F.);
#4017=ORIENTED_EDGE('',*,*,#2769,.F.);
#4018=ORIENTED_EDGE('',*,*,#2852,.T.);
#4019=ORIENTED_EDGE('',*,*,#2440,.F.);
#4020=ORIENTED_EDGE('',*,*,#2853,.F.);
#4021=ORIENTED_EDGE('',*,*,#2772,.F.);
#4022=ORIENTED_EDGE('',*,*,#2854,.T.);
#4023=ORIENTED_EDGE('',*,*,#2441,.F.);
#4024=ORIENTED_EDGE('',*,*,#2852,.F.);
#4025=ORIENTED_EDGE('',*,*,#2771,.F.);
#4026=ORIENTED_EDGE('',*,*,#2855,.T.);
#4027=ORIENTED_EDGE('',*,*,#2438,.F.);
#4028=ORIENTED_EDGE('',*,*,#2854,.F.);
#4029=ORIENTED_EDGE('',*,*,#2770,.F.);
#4030=ORIENTED_EDGE('',*,*,#2853,.T.);
#4031=ORIENTED_EDGE('',*,*,#2439,.F.);
#4032=ORIENTED_EDGE('',*,*,#2855,.F.);
#4033=ORIENTED_EDGE('',*,*,#2773,.F.);
#4034=ORIENTED_EDGE('',*,*,#2856,.T.);
#4035=ORIENTED_EDGE('',*,*,#2408,.F.);
#4036=ORIENTED_EDGE('',*,*,#2857,.F.);
#4037=ORIENTED_EDGE('',*,*,#2776,.F.);
#4038=ORIENTED_EDGE('',*,*,#2858,.T.);
#4039=ORIENTED_EDGE('',*,*,#2409,.F.);
#4040=ORIENTED_EDGE('',*,*,#2856,.F.);
#4041=ORIENTED_EDGE('',*,*,#2775,.F.);
#4042=ORIENTED_EDGE('',*,*,#2859,.T.);
#4043=ORIENTED_EDGE('',*,*,#2410,.F.);
#4044=ORIENTED_EDGE('',*,*,#2858,.F.);
#4045=ORIENTED_EDGE('',*,*,#2774,.F.);
#4046=ORIENTED_EDGE('',*,*,#2857,.T.);
#4047=ORIENTED_EDGE('',*,*,#2411,.F.);
#4048=ORIENTED_EDGE('',*,*,#2859,.F.);
#4049=ORIENTED_EDGE('',*,*,#2382,.F.);
#4050=ORIENTED_EDGE('',*,*,#2260,.F.);
#4051=ORIENTED_EDGE('',*,*,#2651,.F.);
#4052=ORIENTED_EDGE('',*,*,#2475,.T.);
#4053=ORIENTED_EDGE('',*,*,#2616,.F.);
#4054=ORIENTED_EDGE('',*,*,#2860,.F.);
#4055=ORIENTED_EDGE('',*,*,#2301,.F.);
#4056=ORIENTED_EDGE('',*,*,#2652,.F.);
#4057=ORIENTED_EDGE('',*,*,#2860,.T.);
#4058=ORIENTED_EDGE('',*,*,#2615,.F.);
#4059=ORIENTED_EDGE('',*,*,#2390,.F.);
#4060=ORIENTED_EDGE('',*,*,#2296,.T.);
#4061=ORIENTED_EDGE('',*,*,#2297,.F.);
#4062=ORIENTED_EDGE('',*,*,#2787,.F.);
#4063=ORIENTED_EDGE('',*,*,#2278,.T.);
#4064=ORIENTED_EDGE('',*,*,#2687,.F.);
#4065=ORIENTED_EDGE('',*,*,#2641,.T.);
#4066=ORIENTED_EDGE('',*,*,#2791,.F.);
#4067=ORIENTED_EDGE('',*,*,#2577,.T.);
#4068=ORIENTED_EDGE('',*,*,#2688,.F.);
#4069=ORIENTED_EDGE('',*,*,#2276,.T.);
#4070=ORIENTED_EDGE('',*,*,#2676,.F.);
#4071=ORIENTED_EDGE('',*,*,#2861,.T.);
#4072=ORIENTED_EDGE('',*,*,#2699,.F.);
#4073=ORIENTED_EDGE('',*,*,#2684,.T.);
#4074=ORIENTED_EDGE('',*,*,#2696,.F.);
#4075=ORIENTED_EDGE('',*,*,#2861,.F.);
#4076=ORIENTED_EDGE('',*,*,#2674,.F.);
#4077=ORIENTED_EDGE('',*,*,#2712,.F.);
#4078=ORIENTED_EDGE('',*,*,#2360,.F.);
#4079=ORIENTED_EDGE('',*,*,#2381,.T.);
#4080=ORIENTED_EDGE('',*,*,#2355,.F.);
#4081=ORIENTED_EDGE('',*,*,#2358,.T.);
#4082=ORIENTED_EDGE('',*,*,#2474,.F.);
#4083=ORIENTED_EDGE('',*,*,#2472,.T.);
#4084=ORIENTED_EDGE('',*,*,#2469,.F.);
#4085=ORIENTED_EDGE('',*,*,#2545,.F.);
#4086=ORIENTED_EDGE('',*,*,#2686,.F.);
#4087=ORIENTED_EDGE('',*,*,#2862,.T.);
#4088=ORIENTED_EDGE('',*,*,#2646,.F.);
#4089=ORIENTED_EDGE('',*,*,#2862,.F.);
#4090=ORIENTED_EDGE('',*,*,#2312,.T.);
#4091=ORIENTED_EDGE('',*,*,#2318,.F.);
#4092=ORIENTED_EDGE('',*,*,#2778,.F.);
#4093=ORIENTED_EDGE('',*,*,#2863,.T.);
#4094=ORIENTED_EDGE('',*,*,#2313,.T.);
#4095=ORIENTED_EDGE('',*,*,#2863,.F.);
#4096=ORIENTED_EDGE('',*,*,#2777,.F.);
#4097=ORIENTED_EDGE('',*,*,#2319,.T.);
#4098=CYLINDRICAL_SURFACE('',#4409,1.);
#4099=CYLINDRICAL_SURFACE('',#4412,1.);
#4100=CYLINDRICAL_SURFACE('',#4454,1.5);
#4101=CYLINDRICAL_SURFACE('',#4457,1.5);
#4102=CYLINDRICAL_SURFACE('',#4466,1.5);
#4103=CYLINDRICAL_SURFACE('',#4469,1.5);
#4104=CYLINDRICAL_SURFACE('',#4477,1.5);
#4105=CYLINDRICAL_SURFACE('',#4478,1.49999999999999);
#4106=CYLINDRICAL_SURFACE('',#4479,1.5);
#4107=CYLINDRICAL_SURFACE('',#4480,0.5);
#4108=CYLINDRICAL_SURFACE('',#4488,3.);
#4109=CYLINDRICAL_SURFACE('',#4495,0.5);
#4110=CYLINDRICAL_SURFACE('',#4497,0.5);
#4111=CYLINDRICAL_SURFACE('',#4499,0.5);
#4112=CYLINDRICAL_SURFACE('',#4501,0.5);
#4113=CYLINDRICAL_SURFACE('',#4503,0.5);
#4114=CYLINDRICAL_SURFACE('',#4509,0.5);
#4115=CYLINDRICAL_SURFACE('',#4511,0.5);
#4116=CYLINDRICAL_SURFACE('',#4514,0.5);
#4117=CYLINDRICAL_SURFACE('',#4515,0.5);
#4118=CYLINDRICAL_SURFACE('',#4526,1.);
#4119=CYLINDRICAL_SURFACE('',#4529,1.);
#4120=CYLINDRICAL_SURFACE('',#4532,1.5);
#4121=CYLINDRICAL_SURFACE('',#4535,1.5);
#4122=CYLINDRICAL_SURFACE('',#4538,1.49999999999999);
#4123=CYLINDRICAL_SURFACE('',#4541,1.49999999999999);
#4124=CYLINDRICAL_SURFACE('',#4544,1.);
#4125=CYLINDRICAL_SURFACE('',#4551,3.00000000000001);
#4126=CYLINDRICAL_SURFACE('',#4554,1.);
#4127=CYLINDRICAL_SURFACE('',#4556,1.);
#4128=CYLINDRICAL_SURFACE('',#4560,1.);
#4129=CYLINDRICAL_SURFACE('',#4568,3.);
#4130=CYLINDRICAL_SURFACE('',#4572,1.);
#4131=CYLINDRICAL_SURFACE('',#4574,1.);
#4132=CYLINDRICAL_SURFACE('',#4577,1.);
#4133=CYLINDRICAL_SURFACE('',#4581,1.);
#4134=CYLINDRICAL_SURFACE('',#4584,1.);
#4135=CYLINDRICAL_SURFACE('',#4596,3.);
#4136=CYLINDRICAL_SURFACE('',#4598,1.);
#4137=CYLINDRICAL_SURFACE('',#4600,1.);
#4138=CYLINDRICAL_SURFACE('',#4603,0.5);
#4139=CYLINDRICAL_SURFACE('',#4610,0.5);
#4140=CYLINDRICAL_SURFACE('',#4616,0.5);
#4141=CYLINDRICAL_SURFACE('',#4622,0.5);
#4142=CYLINDRICAL_SURFACE('',#4627,4.00000000000031);
#4143=CYLINDRICAL_SURFACE('',#4630,4.00000000000002);
#4144=CYLINDRICAL_SURFACE('',#4644,0.5);
#4145=CYLINDRICAL_SURFACE('',#4650,0.5);
#4146=CYLINDRICAL_SURFACE('',#4655,0.5);
#4147=CYLINDRICAL_SURFACE('',#4660,0.5);
#4148=CYLINDRICAL_SURFACE('',#4662,4.00000000000001);
#4149=CYLINDRICAL_SURFACE('',#4666,3.00000000000001);
#4150=CYLINDRICAL_SURFACE('',#4672,3.);
#4151=CYLINDRICAL_SURFACE('',#4678,2.00000000000002);
#4152=CYLINDRICAL_SURFACE('',#4679,2.00000000000031);
#4153=CYLINDRICAL_SURFACE('',#4682,3.);
#4154=CYLINDRICAL_SURFACE('',#4688,3.);
#4155=CYLINDRICAL_SURFACE('',#4696,3.000002540005);
#4156=CYLINDRICAL_SURFACE('',#4697,2.500002540005);
#4157=CYLINDRICAL_SURFACE('',#4698,3.000002540005);
#4158=CYLINDRICAL_SURFACE('',#4768,2.);
#4159=CYLINDRICAL_SURFACE('',#4769,2.00000000000001);
#4160=CYLINDRICAL_SURFACE('',#4770,4.);
#4161=CYLINDRICAL_SURFACE('',#4772,4.5);
#4162=ADVANCED_FACE('',(#243),#4098,.F.);
#4163=ADVANCED_FACE('',(#244),#4099,.F.);
#4164=ADVANCED_FACE('',(#245),#87,.T.);
#4165=ADVANCED_FACE('',(#246),#88,.T.);
#4166=ADVANCED_FACE('',(#247),#89,.F.);
#4167=ADVANCED_FACE('',(#248),#90,.T.);
#4168=ADVANCED_FACE('',(#249),#91,.T.);
#4169=ADVANCED_FACE('',(#250),#92,.T.);
#4170=ADVANCED_FACE('',(#251),#93,.T.);
#4171=ADVANCED_FACE('',(#252),#94,.T.);
#4172=ADVANCED_FACE('',(#253),#95,.T.);
#4173=ADVANCED_FACE('',(#254,#34),#96,.F.);
#4174=ADVANCED_FACE('',(#255),#97,.F.);
#4175=ADVANCED_FACE('',(#256),#98,.F.);
#4176=ADVANCED_FACE('',(#257),#99,.T.);
#4177=ADVANCED_FACE('',(#258),#100,.T.);
#4178=ADVANCED_FACE('',(#259),#101,.F.);
#4179=ADVANCED_FACE('',(#260),#102,.F.);
#4180=ADVANCED_FACE('',(#261),#103,.F.);
#4181=ADVANCED_FACE('',(#262),#104,.F.);
#4182=ADVANCED_FACE('',(#263),#105,.T.);
#4183=ADVANCED_FACE('',(#264),#106,.F.);
#4184=ADVANCED_FACE('',(#265,#35),#107,.F.);
#4185=ADVANCED_FACE('',(#266),#108,.F.);
#4186=ADVANCED_FACE('',(#267,#36),#109,.F.);
#4187=ADVANCED_FACE('',(#268),#110,.F.);
#4188=ADVANCED_FACE('',(#269,#37),#111,.F.);
#4189=ADVANCED_FACE('',(#270),#4100,.F.);
#4190=ADVANCED_FACE('',(#271),#112,.F.);
#4191=ADVANCED_FACE('',(#272),#4101,.F.);
#4192=ADVANCED_FACE('',(#273,#38,#39,#40,#41,#42,#43,#44,#45,#46,#47,#48,
#49,#50,#51,#52,#53,#54,#55,#56,#57,#58,#59,#60,#61),#113,.F.);
#4193=ADVANCED_FACE('',(#274),#4102,.F.);
#4194=ADVANCED_FACE('',(#275),#114,.F.);
#4195=ADVANCED_FACE('',(#276),#4103,.F.);
#4196=ADVANCED_FACE('',(#277),#115,.F.);
#4197=ADVANCED_FACE('',(#278),#116,.F.);
#4198=ADVANCED_FACE('',(#279),#117,.T.);
#4199=ADVANCED_FACE('',(#280),#118,.F.);
#4200=ADVANCED_FACE('',(#281),#4104,.F.);
#4201=ADVANCED_FACE('',(#282),#4105,.F.);
#4202=ADVANCED_FACE('',(#283),#4106,.F.);
#4203=ADVANCED_FACE('',(#284),#4107,.F.);
#4204=ADVANCED_FACE('',(#285),#25,.F.);
#4205=ADVANCED_FACE('',(#286),#20,.F.);
#4206=ADVANCED_FACE('',(#287),#4108,.T.);
#4207=ADVANCED_FACE('',(#288),#119,.T.);
#4208=ADVANCED_FACE('',(#289),#4109,.F.);
#4209=ADVANCED_FACE('',(#290),#4110,.F.);
#4210=ADVANCED_FACE('',(#291),#4111,.F.);
#4211=ADVANCED_FACE('',(#292),#4112,.F.);
#4212=ADVANCED_FACE('',(#293),#4113,.F.);
#4213=ADVANCED_FACE('',(#294),#19,.T.);
#4214=ADVANCED_FACE('',(#295),#120,.T.);
#4215=ADVANCED_FACE('',(#296),#121,.F.);
#4216=ADVANCED_FACE('',(#297),#4114,.F.);
#4217=ADVANCED_FACE('',(#298),#4115,.F.);
#4218=ADVANCED_FACE('',(#299),#4116,.F.);
#4219=ADVANCED_FACE('',(#300),#4117,.F.);
#4220=ADVANCED_FACE('',(#301),#122,.T.);
#4221=ADVANCED_FACE('',(#302),#123,.T.);
#4222=ADVANCED_FACE('',(#303),#124,.F.);
#4223=ADVANCED_FACE('',(#304),#125,.F.);
#4224=ADVANCED_FACE('',(#305),#126,.T.);
#4225=ADVANCED_FACE('',(#306),#127,.T.);
#4226=ADVANCED_FACE('',(#307),#128,.T.);
#4227=ADVANCED_FACE('',(#308),#129,.T.);
#4228=ADVANCED_FACE('',(#309),#130,.T.);
#4229=ADVANCED_FACE('',(#310),#4118,.F.);
#4230=ADVANCED_FACE('',(#311),#4119,.F.);
#4231=ADVANCED_FACE('',(#312),#4120,.F.);
#4232=ADVANCED_FACE('',(#313),#4121,.F.);
#4233=ADVANCED_FACE('',(#314),#4122,.F.);
#4234=ADVANCED_FACE('',(#315),#4123,.F.);
#4235=ADVANCED_FACE('',(#316),#4124,.F.);
#4236=ADVANCED_FACE('',(#317),#131,.T.);
#4237=ADVANCED_FACE('',(#318),#132,.T.);
#4238=ADVANCED_FACE('',(#319),#133,.T.);
#4239=ADVANCED_FACE('',(#320),#134,.T.);
#4240=ADVANCED_FACE('',(#321),#4125,.T.);
#4241=ADVANCED_FACE('',(#322),#4126,.F.);
#4242=ADVANCED_FACE('',(#323),#4127,.F.);
#4243=ADVANCED_FACE('',(#324),#21,.F.);
#4244=ADVANCED_FACE('',(#325),#4128,.F.);
#4245=ADVANCED_FACE('',(#326),#135,.T.);
#4246=ADVANCED_FACE('',(#327),#136,.T.);
#4247=ADVANCED_FACE('',(#328),#137,.T.);
#4248=ADVANCED_FACE('',(#329),#138,.T.);
#4249=ADVANCED_FACE('',(#330),#4129,.T.);
#4250=ADVANCED_FACE('',(#331),#139,.T.);
#4251=ADVANCED_FACE('',(#332),#140,.T.);
#4252=ADVANCED_FACE('',(#333),#4130,.F.);
#4253=ADVANCED_FACE('',(#334),#4131,.F.);
#4254=ADVANCED_FACE('',(#335),#141,.T.);
#4255=ADVANCED_FACE('',(#336),#4132,.F.);
#4256=ADVANCED_FACE('',(#337),#142,.T.);
#4257=ADVANCED_FACE('',(#338),#4133,.F.);
#4258=ADVANCED_FACE('',(#339),#4134,.F.);
#4259=ADVANCED_FACE('',(#340),#143,.T.);
#4260=ADVANCED_FACE('',(#341),#144,.T.);
#4261=ADVANCED_FACE('',(#342),#145,.T.);
#4262=ADVANCED_FACE('',(#343),#146,.T.);
#4263=ADVANCED_FACE('',(#344),#147,.T.);
#4264=ADVANCED_FACE('',(#345,#62),#148,.T.);
#4265=ADVANCED_FACE('',(#346),#4135,.T.);
#4266=ADVANCED_FACE('',(#347),#4136,.F.);
#4267=ADVANCED_FACE('',(#348),#149,.T.);
#4268=ADVANCED_FACE('',(#349),#4137,.F.);
#4269=ADVANCED_FACE('',(#350),#150,.T.);
#4270=ADVANCED_FACE('',(#351),#151,.T.);
#4271=ADVANCED_FACE('',(#352),#4138,.T.);
#4272=ADVANCED_FACE('',(#353),#26,.T.);
#4273=ADVANCED_FACE('',(#354),#4139,.T.);
#4274=ADVANCED_FACE('',(#355),#27,.T.);
#4275=ADVANCED_FACE('',(#356),#4140,.T.);
#4276=ADVANCED_FACE('',(#357),#28,.T.);
#4277=ADVANCED_FACE('',(#358),#4141,.T.);
#4278=ADVANCED_FACE('',(#359),#29,.T.);
#4279=ADVANCED_FACE('',(#360),#4142,.T.);
#4280=ADVANCED_FACE('',(#361),#152,.T.);
#4281=ADVANCED_FACE('',(#362),#4143,.T.);
#4282=ADVANCED_FACE('',(#363,#63),#153,.T.);
#4283=ADVANCED_FACE('',(#364,#64),#154,.F.);
#4284=ADVANCED_FACE('',(#365),#30,.T.);
#4285=ADVANCED_FACE('',(#366),#4144,.T.);
#4286=ADVANCED_FACE('',(#367),#31,.T.);
#4287=ADVANCED_FACE('',(#368),#4145,.T.);
#4288=ADVANCED_FACE('',(#369),#32,.T.);
#4289=ADVANCED_FACE('',(#370),#4146,.T.);
#4290=ADVANCED_FACE('',(#371),#33,.T.);
#4291=ADVANCED_FACE('',(#372),#4147,.T.);
#4292=ADVANCED_FACE('',(#373),#155,.T.);
#4293=ADVANCED_FACE('',(#374),#4148,.T.);
#4294=ADVANCED_FACE('',(#375,#65,#66,#67,#68,#69,#70,#71,#72,#73,#74,#75,
#76,#77,#78,#79,#80,#81),#156,.T.);
#4295=ADVANCED_FACE('',(#376),#157,.F.);
#4296=ADVANCED_FACE('',(#377),#158,.F.);
#4297=ADVANCED_FACE('',(#378),#4149,.T.);
#4298=ADVANCED_FACE('',(#379,#82),#159,.T.);
#4299=ADVANCED_FACE('',(#380),#160,.F.);
#4300=ADVANCED_FACE('',(#381),#4150,.T.);
#4301=ADVANCED_FACE('',(#382,#83),#161,.T.);
#4302=ADVANCED_FACE('',(#383),#162,.F.);
#4303=ADVANCED_FACE('',(#384),#4151,.F.);
#4304=ADVANCED_FACE('',(#385),#4152,.F.);
#4305=ADVANCED_FACE('',(#386),#163,.F.);
#4306=ADVANCED_FACE('',(#387),#164,.F.);
#4307=ADVANCED_FACE('',(#388),#4153,.T.);
#4308=ADVANCED_FACE('',(#389,#84),#165,.T.);
#4309=ADVANCED_FACE('',(#390),#166,.F.);
#4310=ADVANCED_FACE('',(#391),#4154,.T.);
#4311=ADVANCED_FACE('',(#392,#85),#167,.T.);
#4312=ADVANCED_FACE('',(#393),#168,.T.);
#4313=ADVANCED_FACE('',(#394),#169,.F.);
#4314=ADVANCED_FACE('',(#395),#170,.F.);
#4315=ADVANCED_FACE('',(#396),#4155,.T.);
#4316=ADVANCED_FACE('',(#397),#4156,.T.);
#4317=ADVANCED_FACE('',(#398),#4157,.T.);
#4318=ADVANCED_FACE('',(#399),#171,.T.);
#4319=ADVANCED_FACE('',(#400),#172,.T.);
#4320=ADVANCED_FACE('',(#401),#173,.F.);
#4321=ADVANCED_FACE('',(#402),#174,.F.);
#4322=ADVANCED_FACE('',(#403),#175,.F.);
#4323=ADVANCED_FACE('',(#404),#176,.F.);
#4324=ADVANCED_FACE('',(#405),#177,.F.);
#4325=ADVANCED_FACE('',(#406),#178,.F.);
#4326=ADVANCED_FACE('',(#407),#179,.F.);
#4327=ADVANCED_FACE('',(#408),#180,.F.);
#4328=ADVANCED_FACE('',(#409),#181,.F.);
#4329=ADVANCED_FACE('',(#410),#182,.F.);
#4330=ADVANCED_FACE('',(#411),#183,.F.);
#4331=ADVANCED_FACE('',(#412),#184,.F.);
#4332=ADVANCED_FACE('',(#413),#185,.F.);
#4333=ADVANCED_FACE('',(#414),#186,.F.);
#4334=ADVANCED_FACE('',(#415),#187,.F.);
#4335=ADVANCED_FACE('',(#416),#188,.F.);
#4336=ADVANCED_FACE('',(#417),#189,.F.);
#4337=ADVANCED_FACE('',(#418),#190,.F.);
#4338=ADVANCED_FACE('',(#419),#191,.F.);
#4339=ADVANCED_FACE('',(#420),#192,.F.);
#4340=ADVANCED_FACE('',(#421),#193,.F.);
#4341=ADVANCED_FACE('',(#422),#194,.F.);
#4342=ADVANCED_FACE('',(#423),#195,.F.);
#4343=ADVANCED_FACE('',(#424),#196,.F.);
#4344=ADVANCED_FACE('',(#425),#197,.F.);
#4345=ADVANCED_FACE('',(#426),#198,.F.);
#4346=ADVANCED_FACE('',(#427),#199,.F.);
#4347=ADVANCED_FACE('',(#428),#200,.F.);
#4348=ADVANCED_FACE('',(#429),#201,.F.);
#4349=ADVANCED_FACE('',(#430),#202,.F.);
#4350=ADVANCED_FACE('',(#431),#203,.F.);
#4351=ADVANCED_FACE('',(#432),#204,.F.);
#4352=ADVANCED_FACE('',(#433),#205,.F.);
#4353=ADVANCED_FACE('',(#434),#206,.F.);
#4354=ADVANCED_FACE('',(#435),#207,.F.);
#4355=ADVANCED_FACE('',(#436),#208,.F.);
#4356=ADVANCED_FACE('',(#437),#209,.F.);
#4357=ADVANCED_FACE('',(#438),#210,.F.);
#4358=ADVANCED_FACE('',(#439),#211,.F.);
#4359=ADVANCED_FACE('',(#440),#212,.F.);
#4360=ADVANCED_FACE('',(#441),#213,.F.);
#4361=ADVANCED_FACE('',(#442),#214,.F.);
#4362=ADVANCED_FACE('',(#443),#215,.F.);
#4363=ADVANCED_FACE('',(#444),#216,.F.);
#4364=ADVANCED_FACE('',(#445),#217,.F.);
#4365=ADVANCED_FACE('',(#446),#218,.F.);
#4366=ADVANCED_FACE('',(#447),#219,.F.);
#4367=ADVANCED_FACE('',(#448),#220,.F.);
#4368=ADVANCED_FACE('',(#449),#221,.F.);
#4369=ADVANCED_FACE('',(#450),#222,.F.);
#4370=ADVANCED_FACE('',(#451),#223,.F.);
#4371=ADVANCED_FACE('',(#452),#224,.F.);
#4372=ADVANCED_FACE('',(#453),#225,.F.);
#4373=ADVANCED_FACE('',(#454),#226,.F.);
#4374=ADVANCED_FACE('',(#455),#227,.F.);
#4375=ADVANCED_FACE('',(#456),#228,.F.);
#4376=ADVANCED_FACE('',(#457),#229,.F.);
#4377=ADVANCED_FACE('',(#458),#230,.F.);
#4378=ADVANCED_FACE('',(#459),#231,.F.);
#4379=ADVANCED_FACE('',(#460),#232,.F.);
#4380=ADVANCED_FACE('',(#461),#233,.F.);
#4381=ADVANCED_FACE('',(#462),#234,.F.);
#4382=ADVANCED_FACE('',(#463),#235,.F.);
#4383=ADVANCED_FACE('',(#464),#236,.F.);
#4384=ADVANCED_FACE('',(#465),#237,.T.);
#4385=ADVANCED_FACE('',(#466),#238,.F.);
#4386=ADVANCED_FACE('',(#467),#239,.T.);
#4387=ADVANCED_FACE('',(#468),#4158,.F.);
#4388=ADVANCED_FACE('',(#469),#4159,.F.);
#4389=ADVANCED_FACE('',(#470),#4160,.T.);
#4390=ADVANCED_FACE('',(#471,#86),#240,.T.);
#4391=ADVANCED_FACE('',(#472),#4161,.F.);
#4392=ADVANCED_FACE('',(#473),#241,.F.);
#4393=ADVANCED_FACE('',(#474),#242,.F.);
#4394=CLOSED_SHELL('',(#4162,#4163,#4164,#4165,#4166,#4167,#4168,#4169,
#4170,#4171,#4172,#4173,#4174,#4175,#4176,#4177,#4178,#4179,#4180,#4181,
#4182,#4183,#4184,#4185,#4186,#4187,#4188,#4189,#4190,#4191,#4192,#4193,
#4194,#4195,#4196,#4197,#4198,#4199,#4200,#4201,#4202,#4203,#4204,#4205,
#4206,#4207,#4208,#4209,#4210,#4211,#4212,#4213,#4214,#4215,#4216,#4217,
#4218,#4219,#4220,#4221,#4222,#4223,#4224,#4225,#4226,#4227,#4228,#4229,
#4230,#4231,#4232,#4233,#4234,#4235,#4236,#4237,#4238,#4239,#4240,#4241,
#4242,#4243,#4244,#4245,#4246,#4247,#4248,#4249,#4250,#4251,#4252,#4253,
#4254,#4255,#4256,#4257,#4258,#4259,#4260,#4261,#4262,#4263,#4264,#4265,
#4266,#4267,#4268,#4269,#4270,#4271,#4272,#4273,#4274,#4275,#4276,#4277,
#4278,#4279,#4280,#4281,#4282,#4283,#4284,#4285,#4286,#4287,#4288,#4289,
#4290,#4291,#4292,#4293,#4294,#4295,#4296,#4297,#4298,#4299,#4300,#4301,
#4302,#4303,#4304,#4305,#4306,#4307,#4308,#4309,#4310,#4311,#4312,#4313,
#4314,#4315,#4316,#4317,#4318,#4319,#4320,#4321,#4322,#4323,#4324,#4325,
#4326,#4327,#4328,#4329,#4330,#4331,#4332,#4333,#4334,#4335,#4336,#4337,
#4338,#4339,#4340,#4341,#4342,#4343,#4344,#4345,#4346,#4347,#4348,#4349,
#4350,#4351,#4352,#4353,#4354,#4355,#4356,#4357,#4358,#4359,#4360,#4361,
#4362,#4363,#4364,#4365,#4366,#4367,#4368,#4369,#4370,#4371,#4372,#4373,
#4374,#4375,#4376,#4377,#4378,#4379,#4380,#4381,#4382,#4383,#4384,#4385,
#4386,#4387,#4388,#4389,#4390,#4391,#4392,#4393));
#4395=DERIVED_UNIT_ELEMENT(#4397,1.);
#4396=DERIVED_UNIT_ELEMENT(#7277,-3.);
#4397=(
MASS_UNIT()
NAMED_UNIT(*)
SI_UNIT(.KILO.,.GRAM.)
);
#4398=DERIVED_UNIT((#4395,#4396));
#4399=MEASURE_REPRESENTATION_ITEM('density measure',
POSITIVE_RATIO_MEASURE(7850.),#4398);
#4400=PROPERTY_DEFINITION_REPRESENTATION(#4405,#4402);
#4401=PROPERTY_DEFINITION_REPRESENTATION(#4406,#4403);
#4402=REPRESENTATION('material name',(#4404),#7274);
#4403=REPRESENTATION('density',(#4399),#7274);
#4404=DESCRIPTIVE_REPRESENTATION_ITEM('\X2\94A2\X0\','\X2\94A2\X0\');
#4405=PROPERTY_DEFINITION('material property','material name',#7289);
#4406=PROPERTY_DEFINITION('material property','density of part',#7289);
#4407=AXIS2_PLACEMENT_3D('',#5993,#4776,#4777);
#4408=AXIS2_PLACEMENT_3D('',#5994,#4778,#4779);
#4409=AXIS2_PLACEMENT_3D('',#5995,#4780,#4781);
#4410=AXIS2_PLACEMENT_3D('',#6000,#4783,#4784);
#4411=AXIS2_PLACEMENT_3D('',#6003,#4786,#4787);
#4412=AXIS2_PLACEMENT_3D('',#6004,#4788,#4789);
#4413=AXIS2_PLACEMENT_3D('',#6008,#4791,#4792);
#4414=AXIS2_PLACEMENT_3D('',#6010,#4794,#4795);
#4415=AXIS2_PLACEMENT_3D('',#6028,#4804,#4805);
#4416=AXIS2_PLACEMENT_3D('',#6032,#4807,#4808);
#4417=AXIS2_PLACEMENT_3D('',#6036,#4810,#4811);
#4418=AXIS2_PLACEMENT_3D('',#6040,#4813,#4814);
#4419=AXIS2_PLACEMENT_3D('',#6072,#4831,#4832);
#4420=AXIS2_PLACEMENT_3D('',#6076,#4835,#4836);
#4421=AXIS2_PLACEMENT_3D('',#6080,#4839,#4840);
#4422=AXIS2_PLACEMENT_3D('',#6083,#4842,#4843);
#4423=AXIS2_PLACEMENT_3D('',#6085,#4845,#4846);
#4424=AXIS2_PLACEMENT_3D('',#6086,#4847,#4848);
#4425=AXIS2_PLACEMENT_3D('',#6091,#4850,#4851);
#4426=AXIS2_PLACEMENT_3D('',#6097,#4855,#4856);
#4427=AXIS2_PLACEMENT_3D('',#6107,#4862,#4863);
#4428=AXIS2_PLACEMENT_3D('',#6116,#4868,#4869);
#4429=AXIS2_PLACEMENT_3D('',#6119,#4872,#4873);
#4430=AXIS2_PLACEMENT_3D('',#6136,#4882,#4883);
#4431=AXIS2_PLACEMENT_3D('',#6142,#4887,#4888);
#4432=AXIS2_PLACEMENT_3D('',#6146,#4891,#4892);
#4433=AXIS2_PLACEMENT_3D('',#6152,#4896,#4897);
#4434=AXIS2_PLACEMENT_3D('',#6156,#4900,#4901);
#4435=AXIS2_PLACEMENT_3D('',#6165,#4906,#4907);
#4436=AXIS2_PLACEMENT_3D('',#6174,#4912,#4913);
#4437=AXIS2_PLACEMENT_3D('',#6183,#4918,#4919);
#4438=AXIS2_PLACEMENT_3D('',#6192,#4924,#4925);
#4439=AXIS2_PLACEMENT_3D('',#6198,#4929,#4930);
#4440=AXIS2_PLACEMENT_3D('',#6200,#4931,#4932);
#4441=AXIS2_PLACEMENT_3D('',#6201,#4933,#4934);
#4442=AXIS2_PLACEMENT_3D('',#6203,#4935,#4936);
#4443=AXIS2_PLACEMENT_3D('',#6205,#4937,#4938);
#4444=AXIS2_PLACEMENT_3D('',#6206,#4939,#4940);
#4445=AXIS2_PLACEMENT_3D('',#6208,#4941,#4942);
#4446=AXIS2_PLACEMENT_3D('',#6209,#4943,#4944);
#4447=AXIS2_PLACEMENT_3D('',#6211,#4945,#4946);
#4448=AXIS2_PLACEMENT_3D('',#6213,#4947,#4948);
#4449=AXIS2_PLACEMENT_3D('',#6214,#4949,#4950);
#4450=AXIS2_PLACEMENT_3D('',#6216,#4951,#4952);
#4451=AXIS2_PLACEMENT_3D('',#6217,#4953,#4954);
#4452=AXIS2_PLACEMENT_3D('',#6219,#4955,#4956);
#4453=AXIS2_PLACEMENT_3D('',#6221,#4957,#4958);
#4454=AXIS2_PLACEMENT_3D('',#6222,#4959,#4960);
#4455=AXIS2_PLACEMENT_3D('',#6226,#4962,#4963);
#4456=AXIS2_PLACEMENT_3D('',#6228,#4965,#4966);
#4457=AXIS2_PLACEMENT_3D('',#6232,#4969,#4970);
#4458=AXIS2_PLACEMENT_3D('',#6236,#4972,#4973);
#4459=AXIS2_PLACEMENT_3D('',#6238,#4975,#4976);
#4460=AXIS2_PLACEMENT_3D('',#6254,#4984,#4985);
#4461=AXIS2_PLACEMENT_3D('',#6262,#4989,#4990);
#4462=AXIS2_PLACEMENT_3D('',#6270,#4994,#4995);
#4463=AXIS2_PLACEMENT_3D('',#6335,#5030,#5031);
#4464=AXIS2_PLACEMENT_3D('',#6337,#5032,#5033);
#4465=AXIS2_PLACEMENT_3D('',#6403,#5066,#5067);
#4466=AXIS2_PLACEMENT_3D('',#6448,#5090,#5091);
#4467=AXIS2_PLACEMENT_3D('',#6451,#5092,#5093);
#4468=AXIS2_PLACEMENT_3D('',#6454,#5096,#5097);
#4469=AXIS2_PLACEMENT_3D('',#6458,#5100,#5101);
#4470=AXIS2_PLACEMENT_3D('',#6459,#5102,#5103);
#4471=AXIS2_PLACEMENT_3D('',#6460,#5104,#5105);
#4472=AXIS2_PLACEMENT_3D('',#6467,#5109,#5110);
#4473=AXIS2_PLACEMENT_3D('',#6468,#5111,#5112);
#4474=AXIS2_PLACEMENT_3D('',#6475,#5116,#5117);
#4475=AXIS2_PLACEMENT_3D('',#6476,#5118,#5119);
#4476=AXIS2_PLACEMENT_3D('',#6486,#5125,#5126);
#4477=AXIS2_PLACEMENT_3D('',#6490,#5129,#5130);
#4478=AXIS2_PLACEMENT_3D('',#6492,#5132,#5133);
#4479=AXIS2_PLACEMENT_3D('',#6494,#5135,#5136);
#4480=AXIS2_PLACEMENT_3D('',#6496,#5138,#5139);
#4481=AXIS2_PLACEMENT_3D('',#6499,#5140,#5141);
#4482=AXIS2_PLACEMENT_3D('',#6503,#5143,#5144);
#4483=AXIS2_PLACEMENT_3D('',#6505,#5146,#5147);
#4484=AXIS2_PLACEMENT_3D('',#6517,#5148,#5149);
#4485=AXIS2_PLACEMENT_3D('',#6518,#5150,#5151);
#4486=AXIS2_PLACEMENT_3D('',#6519,#5152,#5153);
#4487=AXIS2_PLACEMENT_3D('',#6520,#5154,#5155);
#4488=AXIS2_PLACEMENT_3D('',#6521,#5156,#5157);
#4489=AXIS2_PLACEMENT_3D('',#6523,#5158,#5159);
#4490=AXIS2_PLACEMENT_3D('',#6527,#5161,#5162);
#4491=AXIS2_PLACEMENT_3D('',#6530,#5164,#5165);
#4492=AXIS2_PLACEMENT_3D('',#6533,#5167,#5168);
#4493=AXIS2_PLACEMENT_3D('',#6535,#5170,#5171);
#4494=AXIS2_PLACEMENT_3D('',#6537,#5172,#5173);
#4495=AXIS2_PLACEMENT_3D('',#6541,#5176,#5177);
#4496=AXIS2_PLACEMENT_3D('',#6544,#5179,#5180);
#4497=AXIS2_PLACEMENT_3D('',#6545,#5181,#5182);
#4498=AXIS2_PLACEMENT_3D('',#6548,#5184,#5185);
#4499=AXIS2_PLACEMENT_3D('',#6549,#5186,#5187);
#4500=AXIS2_PLACEMENT_3D('',#6552,#5189,#5190);
#4501=AXIS2_PLACEMENT_3D('',#6553,#5191,#5192);
#4502=AXIS2_PLACEMENT_3D('',#6556,#5194,#5195);
#4503=AXIS2_PLACEMENT_3D('',#6557,#5196,#5197);
#4504=AXIS2_PLACEMENT_3D('',#6563,#5198,#5199);
#4505=AXIS2_PLACEMENT_3D('',#6586,#5200,#5201);
#4506=AXIS2_PLACEMENT_3D('',#6587,#5202,#5203);
#4507=AXIS2_PLACEMENT_3D('',#6594,#5207,#5208);
#4508=AXIS2_PLACEMENT_3D('',#6595,#5209,#5210);
#4509=AXIS2_PLACEMENT_3D('',#6597,#5212,#5213);
#4510=AXIS2_PLACEMENT_3D('',#6598,#5214,#5215);
#4511=AXIS2_PLACEMENT_3D('',#6599,#5216,#5217);
#4512=AXIS2_PLACEMENT_3D('',#6603,#5219,#5220);
#4513=AXIS2_PLACEMENT_3D('',#6604,#5221,#5222);
#4514=AXIS2_PLACEMENT_3D('',#6605,#5223,#5224);
#4515=AXIS2_PLACEMENT_3D('',#6607,#5226,#5227);
#4516=AXIS2_PLACEMENT_3D('',#6609,#5228,#5229);
#4517=AXIS2_PLACEMENT_3D('',#6611,#5231,#5232);
#4518=AXIS2_PLACEMENT_3D('',#6613,#5234,#5235);
#4519=AXIS2_PLACEMENT_3D('',#6615,#5237,#5238);
#4520=AXIS2_PLACEMENT_3D('',#6617,#5240,#5241);
#4521=AXIS2_PLACEMENT_3D('',#6623,#5245,#5246);
#4522=AXIS2_PLACEMENT_3D('',#6624,#5247,#5248);
#4523=AXIS2_PLACEMENT_3D('',#6626,#5250,#5251);
#4524=AXIS2_PLACEMENT_3D('',#6629,#5254,#5255);
#4525=AXIS2_PLACEMENT_3D('',#6630,#5256,#5257);
#4526=AXIS2_PLACEMENT_3D('',#6632,#5259,#5260);
#4527=AXIS2_PLACEMENT_3D('',#6635,#5262,#5263);
#4528=AXIS2_PLACEMENT_3D('',#6637,#5264,#5265);
#4529=AXIS2_PLACEMENT_3D('',#6639,#5267,#5268);
#4530=AXIS2_PLACEMENT_3D('',#6641,#5269,#5270);
#4531=AXIS2_PLACEMENT_3D('',#6643,#5272,#5273);
#4532=AXIS2_PLACEMENT_3D('',#6644,#5274,#5275);
#4533=AXIS2_PLACEMENT_3D('',#6646,#5276,#5277);
#4534=AXIS2_PLACEMENT_3D('',#6649,#5279,#5280);
#4535=AXIS2_PLACEMENT_3D('',#6650,#5281,#5282);
#4536=AXIS2_PLACEMENT_3D('',#6652,#5283,#5284);
#4537=AXIS2_PLACEMENT_3D('',#6655,#5286,#5287);
#4538=AXIS2_PLACEMENT_3D('',#6656,#5288,#5289);
#4539=AXIS2_PLACEMENT_3D('',#6658,#5290,#5291);
#4540=AXIS2_PLACEMENT_3D('',#6661,#5293,#5294);
#4541=AXIS2_PLACEMENT_3D('',#6662,#5295,#5296);
#4542=AXIS2_PLACEMENT_3D('',#6664,#5297,#5298);
#4543=AXIS2_PLACEMENT_3D('',#6667,#5300,#5301);
#4544=AXIS2_PLACEMENT_3D('',#6668,#5302,#5303);
#4545=AXIS2_PLACEMENT_3D('',#6670,#5304,#5305);
#4546=AXIS2_PLACEMENT_3D('',#6672,#5307,#5308);
#4547=AXIS2_PLACEMENT_3D('',#6678,#5312,#5313);
#4548=AXIS2_PLACEMENT_3D('',#6680,#5315,#5316);
#4549=AXIS2_PLACEMENT_3D('',#6699,#5327,#5328);
#4550=AXIS2_PLACEMENT_3D('',#6700,#5329,#5330);
#4551=AXIS2_PLACEMENT_3D('',#6701,#5331,#5332);
#4552=AXIS2_PLACEMENT_3D('',#6705,#5334,#5335);
#4553=AXIS2_PLACEMENT_3D('',#6708,#5337,#5338);
#4554=AXIS2_PLACEMENT_3D('',#6710,#5340,#5341);
#4555=AXIS2_PLACEMENT_3D('',#6711,#5342,#5343);
#4556=AXIS2_PLACEMENT_3D('',#6712,#5344,#5345);
#4557=AXIS2_PLACEMENT_3D('',#6713,#5346,#5347);
#4558=AXIS2_PLACEMENT_3D('',#6716,#5349,#5350);
#4559=AXIS2_PLACEMENT_3D('',#6717,#5351,#5352);
#4560=AXIS2_PLACEMENT_3D('',#6718,#5353,#5354);
#4561=AXIS2_PLACEMENT_3D('',#6720,#5355,#5356);
#4562=AXIS2_PLACEMENT_3D('',#6723,#5358,#5359);
#4563=AXIS2_PLACEMENT_3D('',#6724,#5360,#5361);
#4564=AXIS2_PLACEMENT_3D('',#6728,#5364,#5365);
#4565=AXIS2_PLACEMENT_3D('',#6750,#5378,#5379);
#4566=AXIS2_PLACEMENT_3D('',#6754,#5382,#5383);
#4567=AXIS2_PLACEMENT_3D('',#6755,#5384,#5385);
#4568=AXIS2_PLACEMENT_3D('',#6756,#5386,#5387);
#4569=AXIS2_PLACEMENT_3D('',#6759,#5389,#5390);
#4570=AXIS2_PLACEMENT_3D('',#6761,#5392,#5393);
#4571=AXIS2_PLACEMENT_3D('',#6762,#5394,#5395);
#4572=AXIS2_PLACEMENT_3D('',#6764,#5397,#5398);
#4573=AXIS2_PLACEMENT_3D('',#6766,#5399,#5400);
#4574=AXIS2_PLACEMENT_3D('',#6768,#5402,#5403);
#4575=AXIS2_PLACEMENT_3D('',#6769,#5404,#5405);
#4576=AXIS2_PLACEMENT_3D('',#6771,#5407,#5408);
#4577=AXIS2_PLACEMENT_3D('',#6772,#5409,#5410);
#4578=AXIS2_PLACEMENT_3D('',#6774,#5411,#5412);
#4579=AXIS2_PLACEMENT_3D('',#6776,#5413,#5414);
#4580=AXIS2_PLACEMENT_3D('',#6778,#5416,#5417);
#4581=AXIS2_PLACEMENT_3D('',#6781,#5420,#5421);
#4582=AXIS2_PLACEMENT_3D('',#6783,#5422,#5423);
#4583=AXIS2_PLACEMENT_3D('',#6785,#5425,#5426);
#4584=AXIS2_PLACEMENT_3D('',#6786,#5427,#5428);
#4585=AXIS2_PLACEMENT_3D('',#6787,#5429,#5430);
#4586=AXIS2_PLACEMENT_3D('',#6788,#5431,#5432);
#4587=AXIS2_PLACEMENT_3D('',#6796,#5437,#5438);
#4588=AXIS2_PLACEMENT_3D('',#6799,#5440,#5441);
#4589=AXIS2_PLACEMENT_3D('',#6800,#5442,#5443);
#4590=AXIS2_PLACEMENT_3D('',#6804,#5446,#5447);
#4591=AXIS2_PLACEMENT_3D('',#6805,#5448,#5449);
#4592=AXIS2_PLACEMENT_3D('',#6806,#5450,#5451);
#4593=AXIS2_PLACEMENT_3D('',#6807,#5452,#5453);
#4594=AXIS2_PLACEMENT_3D('',#6808,#5454,#5455);
#4595=AXIS2_PLACEMENT_3D('',#6824,#5464,#5465);
#4596=AXIS2_PLACEMENT_3D('',#6825,#5466,#5467);
#4597=AXIS2_PLACEMENT_3D('',#6827,#5469,#5470);
#4598=AXIS2_PLACEMENT_3D('',#6829,#5472,#5473);
#4599=AXIS2_PLACEMENT_3D('',#6831,#5475,#5476);
#4600=AXIS2_PLACEMENT_3D('',#6832,#5477,#5478);
#4601=AXIS2_PLACEMENT_3D('',#6833,#5479,#5480);
#4602=AXIS2_PLACEMENT_3D('',#6835,#5482,#5483);
#4603=AXIS2_PLACEMENT_3D('',#6837,#5485,#5486);
#4604=AXIS2_PLACEMENT_3D('',#6840,#5487,#5488);
#4605=AXIS2_PLACEMENT_3D('',#6844,#5490,#5491);
#4606=AXIS2_PLACEMENT_3D('',#6846,#5493,#5494);
#4607=AXIS2_PLACEMENT_3D('',#6849,#5495,#5496);
#4608=AXIS2_PLACEMENT_3D('',#6850,#5497,#5498);
#4609=AXIS2_PLACEMENT_3D('',#6851,#5499,#5500);
#4610=AXIS2_PLACEMENT_3D('',#6852,#5501,#5502);
#4611=AXIS2_PLACEMENT_3D('',#6855,#5503,#5504);
#4612=AXIS2_PLACEMENT_3D('',#6858,#5507,#5508);
#4613=AXIS2_PLACEMENT_3D('',#6861,#5509,#5510);
#4614=AXIS2_PLACEMENT_3D('',#6862,#5511,#5512);
#4615=AXIS2_PLACEMENT_3D('',#6863,#5513,#5514);
#4616=AXIS2_PLACEMENT_3D('',#6864,#5515,#5516);
#4617=AXIS2_PLACEMENT_3D('',#6867,#5517,#5518);
#4618=AXIS2_PLACEMENT_3D('',#6870,#5521,#5522);
#4619=AXIS2_PLACEMENT_3D('',#6873,#5523,#5524);
#4620=AXIS2_PLACEMENT_3D('',#6874,#5525,#5526);
#4621=AXIS2_PLACEMENT_3D('',#6875,#5527,#5528);
#4622=AXIS2_PLACEMENT_3D('',#6876,#5529,#5530);
#4623=AXIS2_PLACEMENT_3D('',#6879,#5531,#5532);
#4624=AXIS2_PLACEMENT_3D('',#6882,#5535,#5536);
#4625=AXIS2_PLACEMENT_3D('',#6883,#5537,#5538);
#4626=AXIS2_PLACEMENT_3D('',#6884,#5539,#5540);
#4627=AXIS2_PLACEMENT_3D('',#6885,#5541,#5542);
#4628=AXIS2_PLACEMENT_3D('',#6889,#5544,#5545);
#4629=AXIS2_PLACEMENT_3D('',#6891,#5547,#5548);
#4630=AXIS2_PLACEMENT_3D('',#6895,#5551,#5552);
#4631=AXIS2_PLACEMENT_3D('',#6898,#5554,#5555);
#4632=AXIS2_PLACEMENT_3D('',#6899,#5556,#5557);
#4633=AXIS2_PLACEMENT_3D('',#6904,#5560,#5561);
#4634=AXIS2_PLACEMENT_3D('',#6905,#5562,#5563);
#4635=AXIS2_PLACEMENT_3D('',#6906,#5564,#5565);
#4636=AXIS2_PLACEMENT_3D('',#6907,#5566,#5567);
#4637=AXIS2_PLACEMENT_3D('',#6908,#5568,#5569);
#4638=AXIS2_PLACEMENT_3D('',#6909,#5570,#5571);
#4639=AXIS2_PLACEMENT_3D('',#6910,#5572,#5573);
#4640=AXIS2_PLACEMENT_3D('',#6913,#5574,#5575);
#4641=AXIS2_PLACEMENT_3D('',#6915,#5576,#5577);
#4642=AXIS2_PLACEMENT_3D('',#6917,#5578,#5579);
#4643=AXIS2_PLACEMENT_3D('',#6918,#5580,#5581);
#4644=AXIS2_PLACEMENT_3D('',#6919,#5582,#5583);
#4645=AXIS2_PLACEMENT_3D('',#6922,#5584,#5585);
#4646=AXIS2_PLACEMENT_3D('',#6925,#5588,#5589);
#4647=AXIS2_PLACEMENT_3D('',#6927,#5590,#5591);
#4648=AXIS2_PLACEMENT_3D('',#6928,#5592,#5593);
#4649=AXIS2_PLACEMENT_3D('',#6929,#5594,#5595);
#4650=AXIS2_PLACEMENT_3D('',#6930,#5596,#5597);
#4651=AXIS2_PLACEMENT_3D('',#6932,#5598,#5599);
#4652=AXIS2_PLACEMENT_3D('',#6934,#5601,#5602);
#4653=AXIS2_PLACEMENT_3D('',#6936,#5603,#5604);
#4654=AXIS2_PLACEMENT_3D('',#6937,#5605,#5606);
#4655=AXIS2_PLACEMENT_3D('',#6938,#5607,#5608);
#4656=AXIS2_PLACEMENT_3D('',#6940,#5609,#5610);
#4657=AXIS2_PLACEMENT_3D('',#6942,#5612,#5613);
#4658=AXIS2_PLACEMENT_3D('',#6944,#5614,#5615);
#4659=AXIS2_PLACEMENT_3D('',#6945,#5616,#5617);
#4660=AXIS2_PLACEMENT_3D('',#6946,#5618,#5619);
#4661=AXIS2_PLACEMENT_3D('',#6949,#5622,#5623);
#4662=AXIS2_PLACEMENT_3D('',#6951,#5625,#5626);
#4663=AXIS2_PLACEMENT_3D('',#6953,#5628,#5629);
#4664=AXIS2_PLACEMENT_3D('',#7085,#5696,#5697);
#4665=AXIS2_PLACEMENT_3D('',#7086,#5698,#5699);
#4666=AXIS2_PLACEMENT_3D('',#7087,#5700,#5701);
#4667=AXIS2_PLACEMENT_3D('',#7088,#5702,#5703);
#4668=AXIS2_PLACEMENT_3D('',#7089,#5704,#5705);
#4669=AXIS2_PLACEMENT_3D('',#7090,#5706,#5707);
#4670=AXIS2_PLACEMENT_3D('',#7091,#5708,#5709);
#4671=AXIS2_PLACEMENT_3D('',#7092,#5710,#5711);
#4672=AXIS2_PLACEMENT_3D('',#7093,#5712,#5713);
#4673=AXIS2_PLACEMENT_3D('',#7094,#5714,#5715);
#4674=AXIS2_PLACEMENT_3D('',#7095,#5716,#5717);
#4675=AXIS2_PLACEMENT_3D('',#7096,#5718,#5719);
#4676=AXIS2_PLACEMENT_3D('',#7097,#5720,#5721);
#4677=AXIS2_PLACEMENT_3D('',#7098,#5722,#5723);
#4678=AXIS2_PLACEMENT_3D('',#7099,#5724,#5725);
#4679=AXIS2_PLACEMENT_3D('',#7100,#5726,#5727);
#4680=AXIS2_PLACEMENT_3D('',#7101,#5728,#5729);
#4681=AXIS2_PLACEMENT_3D('',#7102,#5730,#5731);
#4682=AXIS2_PLACEMENT_3D('',#7103,#5732,#5733);
#4683=AXIS2_PLACEMENT_3D('',#7104,#5734,#5735);
#4684=AXIS2_PLACEMENT_3D('',#7105,#5736,#5737);
#4685=AXIS2_PLACEMENT_3D('',#7106,#5738,#5739);
#4686=AXIS2_PLACEMENT_3D('',#7107,#5740,#5741);
#4687=AXIS2_PLACEMENT_3D('',#7108,#5742,#5743);
#4688=AXIS2_PLACEMENT_3D('',#7109,#5744,#5745);
#4689=AXIS2_PLACEMENT_3D('',#7110,#5746,#5747);
#4690=AXIS2_PLACEMENT_3D('',#7111,#5748,#5749);
#4691=AXIS2_PLACEMENT_3D('',#7112,#5750,#5751);
#4692=AXIS2_PLACEMENT_3D('',#7113,#5752,#5753);
#4693=AXIS2_PLACEMENT_3D('',#7115,#5755,#5756);
#4694=AXIS2_PLACEMENT_3D('',#7116,#5757,#5758);
#4695=AXIS2_PLACEMENT_3D('',#7117,#5759,#5760);
#4696=AXIS2_PLACEMENT_3D('',#7118,#5761,#5762);
#4697=AXIS2_PLACEMENT_3D('',#7120,#5764,#5765);
#4698=AXIS2_PLACEMENT_3D('',#7122,#5767,#5768);
#4699=AXIS2_PLACEMENT_3D('',#7124,#5770,#5771);
#4700=AXIS2_PLACEMENT_3D('',#7126,#5773,#5774);
#4701=AXIS2_PLACEMENT_3D('',#7127,#5775,#5776);
#4702=AXIS2_PLACEMENT_3D('',#7130,#5779,#5780);
#4703=AXIS2_PLACEMENT_3D('',#7132,#5782,#5783);
#4704=AXIS2_PLACEMENT_3D('',#7134,#5785,#5786);
#4705=AXIS2_PLACEMENT_3D('',#7135,#5787,#5788);
#4706=AXIS2_PLACEMENT_3D('',#7138,#5791,#5792);
#4707=AXIS2_PLACEMENT_3D('',#7140,#5794,#5795);
#4708=AXIS2_PLACEMENT_3D('',#7142,#5797,#5798);
#4709=AXIS2_PLACEMENT_3D('',#7143,#5799,#5800);
#4710=AXIS2_PLACEMENT_3D('',#7146,#5803,#5804);
#4711=AXIS2_PLACEMENT_3D('',#7148,#5806,#5807);
#4712=AXIS2_PLACEMENT_3D('',#7150,#5809,#5810);
#4713=AXIS2_PLACEMENT_3D('',#7151,#5811,#5812);
#4714=AXIS2_PLACEMENT_3D('',#7154,#5815,#5816);
#4715=AXIS2_PLACEMENT_3D('',#7156,#5818,#5819);
#4716=AXIS2_PLACEMENT_3D('',#7158,#5821,#5822);
#4717=AXIS2_PLACEMENT_3D('',#7159,#5823,#5824);
#4718=AXIS2_PLACEMENT_3D('',#7162,#5827,#5828);
#4719=AXIS2_PLACEMENT_3D('',#7164,#5830,#5831);
#4720=AXIS2_PLACEMENT_3D('',#7166,#5833,#5834);
#4721=AXIS2_PLACEMENT_3D('',#7167,#5835,#5836);
#4722=AXIS2_PLACEMENT_3D('',#7170,#5839,#5840);
#4723=AXIS2_PLACEMENT_3D('',#7172,#5842,#5843);
#4724=AXIS2_PLACEMENT_3D('',#7174,#5845,#5846);
#4725=AXIS2_PLACEMENT_3D('',#7175,#5847,#5848);
#4726=AXIS2_PLACEMENT_3D('',#7178,#5851,#5852);
#4727=AXIS2_PLACEMENT_3D('',#7180,#5854,#5855);
#4728=AXIS2_PLACEMENT_3D('',#7182,#5857,#5858);
#4729=AXIS2_PLACEMENT_3D('',#7183,#5859,#5860);
#4730=AXIS2_PLACEMENT_3D('',#7186,#5863,#5864);
#4731=AXIS2_PLACEMENT_3D('',#7188,#5866,#5867);
#4732=AXIS2_PLACEMENT_3D('',#7190,#5869,#5870);
#4733=AXIS2_PLACEMENT_3D('',#7191,#5871,#5872);
#4734=AXIS2_PLACEMENT_3D('',#7194,#5875,#5876);
#4735=AXIS2_PLACEMENT_3D('',#7196,#5878,#5879);
#4736=AXIS2_PLACEMENT_3D('',#7198,#5881,#5882);
#4737=AXIS2_PLACEMENT_3D('',#7199,#5883,#5884);
#4738=AXIS2_PLACEMENT_3D('',#7202,#5887,#5888);
#4739=AXIS2_PLACEMENT_3D('',#7204,#5890,#5891);
#4740=AXIS2_PLACEMENT_3D('',#7206,#5893,#5894);
#4741=AXIS2_PLACEMENT_3D('',#7207,#5895,#5896);
#4742=AXIS2_PLACEMENT_3D('',#7210,#5899,#5900);
#4743=AXIS2_PLACEMENT_3D('',#7212,#5902,#5903);
#4744=AXIS2_PLACEMENT_3D('',#7214,#5905,#5906);
#4745=AXIS2_PLACEMENT_3D('',#7215,#5907,#5908);
#4746=AXIS2_PLACEMENT_3D('',#7218,#5911,#5912);
#4747=AXIS2_PLACEMENT_3D('',#7220,#5914,#5915);
#4748=AXIS2_PLACEMENT_3D('',#7222,#5917,#5918);
#4749=AXIS2_PLACEMENT_3D('',#7223,#5919,#5920);
#4750=AXIS2_PLACEMENT_3D('',#7226,#5923,#5924);
#4751=AXIS2_PLACEMENT_3D('',#7228,#5926,#5927);
#4752=AXIS2_PLACEMENT_3D('',#7230,#5929,#5930);
#4753=AXIS2_PLACEMENT_3D('',#7231,#5931,#5932);
#4754=AXIS2_PLACEMENT_3D('',#7234,#5935,#5936);
#4755=AXIS2_PLACEMENT_3D('',#7236,#5938,#5939);
#4756=AXIS2_PLACEMENT_3D('',#7238,#5941,#5942);
#4757=AXIS2_PLACEMENT_3D('',#7239,#5943,#5944);
#4758=AXIS2_PLACEMENT_3D('',#7242,#5947,#5948);
#4759=AXIS2_PLACEMENT_3D('',#7244,#5950,#5951);
#4760=AXIS2_PLACEMENT_3D('',#7246,#5953,#5954);
#4761=AXIS2_PLACEMENT_3D('',#7247,#5955,#5956);
#4762=AXIS2_PLACEMENT_3D('',#7250,#5959,#5960);
#4763=AXIS2_PLACEMENT_3D('',#7252,#5962,#5963);
#4764=AXIS2_PLACEMENT_3D('',#7254,#5965,#5966);
#4765=AXIS2_PLACEMENT_3D('',#7255,#5967,#5968);
#4766=AXIS2_PLACEMENT_3D('',#7256,#5969,#5970);
#4767=AXIS2_PLACEMENT_3D('',#7258,#5972,#5973);
#4768=AXIS2_PLACEMENT_3D('',#7259,#5974,#5975);
#4769=AXIS2_PLACEMENT_3D('',#7260,#5976,#5977);
#4770=AXIS2_PLACEMENT_3D('',#7261,#5978,#5979);
#4771=AXIS2_PLACEMENT_3D('',#7263,#5981,#5982);
#4772=AXIS2_PLACEMENT_3D('',#7264,#5983,#5984);
#4773=AXIS2_PLACEMENT_3D('',#7266,#5986,#5987);
#4774=AXIS2_PLACEMENT_3D('',#7268,#5989,#5990);
#4775=AXIS2_PLACEMENT_3D('',#7269,#5991,#5992);
#4776=DIRECTION('axis',(0.,0.,1.));
#4777=DIRECTION('refdir',(1.,0.,0.));
#4778=DIRECTION('axis',(0.,0.,1.));
#4779=DIRECTION('refdir',(1.,0.,0.));
#4780=DIRECTION('center_axis',(1.,-8.43769498715119E-14,0.));
#4781=DIRECTION('ref_axis',(-5.96635134299835E-14,-0.70710678118655,0.707106781186545));
#4782=DIRECTION('',(-1.,8.43769498715119E-14,0.));
#4783=DIRECTION('center_axis',(1.,-8.57092729504711E-14,0.));
#4784=DIRECTION('ref_axis',(-5.96635134299835E-14,-0.70710678118655,0.707106781186545));
#4785=DIRECTION('',(1.,-8.43769498715119E-14,0.));
#4786=DIRECTION('center_axis',(0.70710678118652,-0.707106781186575,3.92523114670959E-16));
#4787=DIRECTION('ref_axis',(-0.707106781186575,-0.70710678118652,3.92523114670994E-16));
#4788=DIRECTION('center_axis',(0.,-1.,0.));
#4789=DIRECTION('ref_axis',(-0.707106781186548,0.,0.707106781186548));
#4790=DIRECTION('',(0.,-1.,0.));
#4791=DIRECTION('center_axis',(-8.32667268468868E-14,-1.,6.16790569236404E-17));
#4792=DIRECTION('ref_axis',(-0.707106781186548,0.,0.707106781186548));
#4793=DIRECTION('',(0.,1.,0.));
#4794=DIRECTION('center_axis',(1.,-8.57092729504711E-14,0.));
#4795=DIRECTION('ref_axis',(8.57092729504711E-14,1.,0.));
#4796=DIRECTION('',(0.,0.,-1.));
#4797=DIRECTION('',(-8.57092729504711E-14,-1.,3.28705724111105E-31));
#4798=DIRECTION('',(5.28646712519594E-30,6.16790569236404E-17,1.));
#4799=DIRECTION('',(8.57092729504711E-14,1.,0.));
#4800=DIRECTION('',(0.,0.,1.));
#4801=DIRECTION('',(-8.57092729504711E-14,-1.,0.));
#4802=DIRECTION('',(0.,0.,1.));
#4803=DIRECTION('',(0.,1.,0.));
#4804=DIRECTION('center_axis',(1.,-8.57092729504711E-14,0.));
#4805=DIRECTION('ref_axis',(0.,0.707106781186543,0.707106781186552));
#4806=DIRECTION('',(0.,0.,-1.));
#4807=DIRECTION('center_axis',(1.,-8.57092729504711E-14,0.));
#4808=DIRECTION('ref_axis',(0.,0.707106781186543,-0.707106781186552));
#4809=DIRECTION('',(-8.57092729504711E-14,-1.,0.));
#4810=DIRECTION('center_axis',(1.,-8.57092729504711E-14,0.));
#4811=DIRECTION('ref_axis',(0.,-0.707106781186543,-0.707106781186552));
#4812=DIRECTION('',(0.,0.,1.));
#4813=DIRECTION('center_axis',(1.,-8.57092729504711E-14,0.));
#4814=DIRECTION('ref_axis',(0.,-0.707106781186552,0.707106781186543));
#4815=DIRECTION('',(-8.57092729504711E-14,-1.,0.));
#4816=DIRECTION('',(0.,0.,-1.));
#4817=DIRECTION('',(-8.57092729504711E-14,-1.,0.));
#4818=DIRECTION('',(0.,0.,1.));
#4819=DIRECTION('',(-8.57092729504711E-14,-1.,0.));
#4820=DIRECTION('',(-2.23722523853936E-16,0.,-1.));
#4821=DIRECTION('',(-8.57092729504711E-14,-1.,0.));
#4822=DIRECTION('',(0.,0.,1.));
#4823=DIRECTION('',(-8.57092729504711E-14,-1.,0.));
#4824=DIRECTION('',(0.,0.,-1.));
#4825=DIRECTION('',(-8.57092729504711E-14,-1.,0.));
#4826=DIRECTION('',(-2.03384112594487E-16,-5.40239049079106E-17,-1.));
#4827=DIRECTION('',(-2.03384112594487E-16,-5.40239049079106E-17,-1.));
#4828=DIRECTION('',(-8.57092729504711E-14,-1.,5.55111512312768E-17));
#4829=DIRECTION('',(0.,0.,1.));
#4830=DIRECTION('',(-8.57092729504711E-14,-1.,0.));
#4831=DIRECTION('center_axis',(8.43769498715119E-14,1.,0.));
#4832=DIRECTION('ref_axis',(0.,0.,1.));
#4833=DIRECTION('',(0.,0.,-1.));
#4834=DIRECTION('',(-1.,8.44152334241023E-14,2.46716227694474E-16));
#4835=DIRECTION('center_axis',(-1.,0.,0.));
#4836=DIRECTION('ref_axis',(0.,0.,1.));
#4837=DIRECTION('',(0.,6.16790569236404E-17,1.));
#4838=DIRECTION('',(0.,-1.,6.16790569236198E-17));
#4839=DIRECTION('center_axis',(-8.32667268468868E-14,-1.,6.16790569236404E-17));
#4840=DIRECTION('ref_axis',(-1.,8.32667268468868E-14,2.22044604925027E-16));
#4841=DIRECTION('',(1.,-8.32667268468868E-14,0.));
#4842=DIRECTION('center_axis',(-8.32667268468868E-14,-1.,6.16790569236404E-17));
#4843=DIRECTION('ref_axis',(-0.707106781186548,7.53644380168215E-14,0.707106781186548));
#4844=DIRECTION('',(-1.,8.32667268468868E-14,2.22044604925027E-16));
#4845=DIRECTION('center_axis',(-2.46716227694479E-16,-6.16790569236198E-17,
-1.));
#4846=DIRECTION('ref_axis',(-1.,0.,2.46716227694479E-16));
#4847=DIRECTION('center_axis',(-1.,8.56121648922869E-14,2.46716227694474E-16));
#4848=DIRECTION('ref_axis',(8.56121648922869E-14,1.,-5.55111512312768E-17));
#4849=DIRECTION('',(-8.56121648922869E-14,-1.,0.));
#4850=DIRECTION('center_axis',(-1.,8.56121648922869E-14,2.46716227694474E-16));
#4851=DIRECTION('ref_axis',(-5.96635134299836E-14,-0.707106781186549,0.707106781186546));
#4852=DIRECTION('',(2.46716227694474E-16,-2.08171627766652E-29,1.));
#4853=DIRECTION('',(8.56121648922869E-14,1.,-6.16790569236409E-17));
#4854=DIRECTION('',(-2.46716227694479E-16,-6.16790569236198E-17,-1.));
#4855=DIRECTION('center_axis',(-2.46716227694479E-16,-6.16790569236198E-17,
-1.));
#4856=DIRECTION('ref_axis',(-1.,0.,2.46716227694479E-16));
#4857=DIRECTION('',(1.,-8.88178419700125E-14,-2.22044604925026E-16));
#4858=DIRECTION('',(1.,-7.105427357601E-14,0.));
#4859=DIRECTION('',(8.43769498715122E-14,1.,0.));
#4860=DIRECTION('',(1.,-8.88178419700124E-14,0.));
#4861=DIRECTION('',(-1.36955018267537E-32,1.,-6.16790569236198E-17));
#4862=DIRECTION('center_axis',(0.,0.,1.));
#4863=DIRECTION('ref_axis',(-8.88178419700124E-14,-1.,0.));
#4864=DIRECTION('',(8.88178419700124E-14,1.,0.));
#4865=DIRECTION('',(1.,-7.105427357601E-14,0.));
#4866=DIRECTION('',(-8.88178419700124E-14,-1.,0.));
#4867=DIRECTION('',(1.,-7.105427357601E-14,0.));
#4868=DIRECTION('center_axis',(1.,-7.105427357601E-14,0.));
#4869=DIRECTION('ref_axis',(0.,0.,-1.));
#4870=DIRECTION('',(-2.46716227694474E-16,2.11571890289197E-29,-1.));
#4871=DIRECTION('',(2.46716227694479E-16,6.16790569236198E-17,1.));
#4872=DIRECTION('center_axis',(0.,0.,1.));
#4873=DIRECTION('ref_axis',(1.,0.,0.));
#4874=DIRECTION('',(8.14842586880849E-17,-1.,0.));
#4875=DIRECTION('',(-1.,-1.06190628849848E-16,0.));
#4876=DIRECTION('',(-8.14842586880849E-17,1.,0.));
#4877=DIRECTION('',(1.,0.,0.));
#4878=DIRECTION('',(0.,1.,0.));
#4879=DIRECTION('',(-1.,0.,0.));
#4880=DIRECTION('',(0.,-1.,0.));
#4881=DIRECTION('',(1.,0.,0.));
#4882=DIRECTION('center_axis',(0.,1.,0.));
#4883=DIRECTION('ref_axis',(1.,0.,0.));
#4884=DIRECTION('',(0.,0.,-1.));
#4885=DIRECTION('',(1.,0.,0.));
#4886=DIRECTION('',(0.,0.,-1.));
#4887=DIRECTION('center_axis',(1.,0.,0.));
#4888=DIRECTION('ref_axis',(0.,-1.,0.));
#4889=DIRECTION('',(0.,0.,-1.));
#4890=DIRECTION('',(0.,-1.,0.));
#4891=DIRECTION('center_axis',(-1.06190628849848E-16,1.,0.));
#4892=DIRECTION('ref_axis',(1.,1.06190628849848E-16,-2.22044604925031E-16));
#4893=DIRECTION('',(0.,0.,-1.));
#4894=DIRECTION('',(-1.,-1.06190628849848E-16,0.));
#4895=DIRECTION('',(0.,0.,-1.));
#4896=DIRECTION('center_axis',(-1.,-8.14842586880849E-17,0.));
#4897=DIRECTION('ref_axis',(-8.14842586880849E-17,1.,-5.55111512312578E-17));
#4898=DIRECTION('',(0.,0.,-1.));
#4899=DIRECTION('',(8.14842586880849E-17,-1.,0.));
#4900=DIRECTION('center_axis',(0.,0.,1.));
#4901=DIRECTION('ref_axis',(1.,0.,0.));
#4902=DIRECTION('',(3.7599592269477E-33,1.,0.));
#4903=DIRECTION('',(1.,0.,0.));
#4904=DIRECTION('',(-3.7599592269477E-33,-1.,0.));
#4905=DIRECTION('',(-1.,0.,0.));
#4906=DIRECTION('center_axis',(0.,0.,1.));
#4907=DIRECTION('ref_axis',(1.,0.,0.));
#4908=DIRECTION('',(2.77461399752058E-33,1.,0.));
#4909=DIRECTION('',(1.,1.51005656415989E-32,0.));
#4910=DIRECTION('',(-2.77461399752058E-33,-1.,0.));
#4911=DIRECTION('',(-1.,-1.51005656415989E-32,0.));
#4912=DIRECTION('center_axis',(0.,0.,1.));
#4913=DIRECTION('ref_axis',(1.,0.,0.));
#4914=DIRECTION('',(2.77461399752058E-33,1.,0.));
#4915=DIRECTION('',(1.,0.,0.));
#4916=DIRECTION('',(-2.77461399752058E-33,-1.,0.));
#4917=DIRECTION('',(-1.,0.,0.));
#4918=DIRECTION('center_axis',(0.,0.,1.));
#4919=DIRECTION('ref_axis',(1.,0.,0.));
#4920=DIRECTION('',(-1.25613638000051E-33,-1.,0.));
#4921=DIRECTION('',(-1.,-9.30828157377435E-16,-2.58356713072459E-32));
#4922=DIRECTION('',(1.25613638000051E-33,1.,0.));
#4923=DIRECTION('',(1.,9.63282288225241E-18,0.));
#4924=DIRECTION('center_axis',(-1.,1.25613638000051E-33,2.44673146256619E-16));
#4925=DIRECTION('ref_axis',(-1.23259516440783E-32,1.,-5.55111512312578E-17));
#4926=DIRECTION('',(-2.44673146256619E-16,-6.11682865641546E-17,-1.));
#4927=DIRECTION('',(-1.25613638000051E-33,-1.,0.));
#4928=DIRECTION('',(2.44673146256619E-16,2.27748653889788E-31,1.));
#4929=DIRECTION('center_axis',(0.,-2.77555756156289E-17,1.));
#4930=DIRECTION('ref_axis',(-1.,0.,0.));
#4931=DIRECTION('center_axis',(2.22044604925031E-16,5.55111512312578E-17,
1.));
#4932=DIRECTION('ref_axis',(1.,0.,-2.22044604925031E-16));
#4933=DIRECTION('center_axis',(0.,-2.77555756156289E-17,1.));
#4934=DIRECTION('ref_axis',(1.,0.,0.));
#4935=DIRECTION('center_axis',(0.,-2.77555756156289E-17,1.));
#4936=DIRECTION('ref_axis',(1.,0.,0.));
#4937=DIRECTION('center_axis',(0.,2.77555756156289E-17,-1.));
#4938=DIRECTION('ref_axis',(1.,1.54074395550979E-32,0.));
#4939=DIRECTION('center_axis',(0.,-2.77555756156289E-17,1.));
#4940=DIRECTION('ref_axis',(-1.,0.,0.));
#4941=DIRECTION('center_axis',(2.22044604925031E-16,5.55111512312578E-17,
1.));
#4942=DIRECTION('ref_axis',(1.,0.,-2.22044604925031E-16));
#4943=DIRECTION('center_axis',(0.,-2.77555756156289E-17,1.));
#4944=DIRECTION('ref_axis',(1.,0.,0.));
#4945=DIRECTION('center_axis',(0.,-2.77555756156289E-17,1.));
#4946=DIRECTION('ref_axis',(1.,0.,0.));
#4947=DIRECTION('center_axis',(0.,2.77555756156289E-17,-1.));
#4948=DIRECTION('ref_axis',(1.,0.,0.));
#4949=DIRECTION('center_axis',(0.,-2.77555756156289E-17,1.));
#4950=DIRECTION('ref_axis',(-1.,0.,0.));
#4951=DIRECTION('center_axis',(2.22044604925031E-16,5.55111512312578E-17,
1.));
#4952=DIRECTION('ref_axis',(1.,0.,-2.22044604925031E-16));
#4953=DIRECTION('center_axis',(0.,-2.77555756156289E-17,1.));
#4954=DIRECTION('ref_axis',(1.,0.,0.));
#4955=DIRECTION('center_axis',(0.,-2.77555756156289E-17,1.));
#4956=DIRECTION('ref_axis',(1.,0.,0.));
#4957=DIRECTION('center_axis',(0.,2.77555756156289E-17,-1.));
#4958=DIRECTION('ref_axis',(1.,0.,0.));
#4959=DIRECTION('center_axis',(-1.,0.,0.));
#4960=DIRECTION('ref_axis',(0.,-0.707106781186552,0.707106781186543));
#4961=DIRECTION('',(-1.,0.,0.));
#4962=DIRECTION('center_axis',(-1.,8.57092729504713E-14,0.));
#4963=DIRECTION('ref_axis',(0.,-0.707106781186552,0.707106781186543));
#4964=DIRECTION('',(1.,0.,0.));
#4965=DIRECTION('center_axis',(0.,-1.,0.));
#4966=DIRECTION('ref_axis',(0.,0.,-1.));
#4967=DIRECTION('',(1.,0.,0.));
#4968=DIRECTION('',(0.,0.,-1.));
#4969=DIRECTION('center_axis',(1.,0.,0.));
#4970=DIRECTION('ref_axis',(0.,0.707106781186543,0.707106781186552));
#4971=DIRECTION('',(-1.,0.,0.));
#4972=DIRECTION('center_axis',(-1.,8.57092729504713E-14,0.));
#4973=DIRECTION('ref_axis',(0.,0.707106781186543,0.707106781186552));
#4974=DIRECTION('',(1.,0.,0.));
#4975=DIRECTION('center_axis',(0.,0.,1.));
#4976=DIRECTION('ref_axis',(1.,0.,0.));
#4977=DIRECTION('',(1.,-1.02973183999563E-13,0.));
#4978=DIRECTION('',(-7.40148672054363E-16,1.,0.));
#4979=DIRECTION('',(-1.,-9.30828157377435E-16,0.));
#4980=DIRECTION('',(1.25613638000051E-33,1.,0.));
#4981=DIRECTION('',(-1.,-9.63282288225241E-18,0.));
#4982=DIRECTION('',(-1.25613638000051E-33,-1.,0.));
#4983=DIRECTION('',(-1.,-9.30828157377435E-16,0.));
#4984=DIRECTION('center_axis',(0.,0.,1.));
#4985=DIRECTION('ref_axis',(1.,-9.38470643991999E-35,-2.23722523853936E-16));
#4986=DIRECTION('',(1.,6.05994100298453E-14,0.));
#4987=DIRECTION('',(-6.00260970318032E-14,1.,0.));
#4988=DIRECTION('',(-1.,-7.4046222820519E-14,0.));
#4989=DIRECTION('center_axis',(0.,0.,1.));
#4990=DIRECTION('ref_axis',(1.,0.,-2.23722523853936E-16));
#4991=DIRECTION('',(-8.7338750082691E-14,-1.,0.));
#4992=DIRECTION('',(1.,-8.57851229838864E-14,0.));
#4993=DIRECTION('',(8.63664341951128E-14,1.,0.));
#4994=DIRECTION('center_axis',(0.,0.,-1.));
#4995=DIRECTION('ref_axis',(0.953445538800533,0.30156525751711,0.));
#4996=DIRECTION('',(-1.,0.,0.));
#4997=DIRECTION('',(1.23259516440783E-32,-1.,0.));
#4998=DIRECTION('',(-1.,0.,0.));
#4999=DIRECTION('',(-8.57092729504713E-14,-1.,5.55111512312578E-17));
#5000=DIRECTION('',(1.,0.,0.));
#5001=DIRECTION('',(1.23259516440783E-32,-1.,0.));
#5002=DIRECTION('',(-1.,-5.00939623180621E-46,0.));
#5003=DIRECTION('',(0.,-1.,0.));
#5004=DIRECTION('',(0.,-1.,0.));
#5005=DIRECTION('',(-1.,8.43769498715122E-14,0.));
#5006=DIRECTION('',(-8.88178419700124E-14,-1.,0.));
#5007=DIRECTION('',(1.,-8.43769498715119E-14,0.));
#5008=DIRECTION('',(-1.,8.88178419700125E-14,0.));
#5009=DIRECTION('',(0.,1.,0.));
#5010=DIRECTION('',(1.,0.,0.));
#5011=DIRECTION('',(-8.57092729504711E-14,-1.,0.));
#5012=DIRECTION('',(1.,0.,0.));
#5013=DIRECTION('',(-8.14842586880849E-17,1.,0.));
#5014=DIRECTION('',(-3.46944695194939E-16,1.,0.));
#5015=DIRECTION('',(-1.,-3.21964677141295E-13,0.));
#5016=DIRECTION('',(1.73472347597526E-16,-1.,0.));
#5017=DIRECTION('',(1.,0.,0.));
#5018=DIRECTION('',(-1.73472347597549E-16,1.,0.));
#5019=DIRECTION('',(-1.,-3.21964677141295E-13,0.));
#5020=DIRECTION('',(1.08420217248503E-16,-1.,0.));
#5021=DIRECTION('',(1.,0.,0.));
#5022=DIRECTION('',(-8.67361737988136E-17,1.,0.));
#5023=DIRECTION('',(-1.,-3.21964677141295E-13,0.));
#5024=DIRECTION('',(-1.73472347597683E-16,-1.,0.));
#5025=DIRECTION('',(1.,0.,0.));
#5026=DIRECTION('',(1.23259516440783E-32,-1.,0.));
#5027=DIRECTION('',(1.,0.,0.));
#5028=DIRECTION('',(-3.1849523018881E-13,1.,0.));
#5029=DIRECTION('',(-1.,-3.21964677141395E-13,0.));
#5030=DIRECTION('center_axis',(0.,0.,1.));
#5031=DIRECTION('ref_axis',(1.,0.,0.));
#5032=DIRECTION('center_axis',(0.,0.,1.));
#5033=DIRECTION('ref_axis',(1.,0.,0.));
#5034=DIRECTION('',(-3.18495230189868E-13,1.,0.));
#5035=DIRECTION('',(-1.,0.,0.));
#5036=DIRECTION('',(6.93889390391647E-16,-1.,0.));
#5037=DIRECTION('',(1.,3.21964677141649E-13,0.));
#5038=DIRECTION('',(-3.46944695195777E-16,1.,0.));
#5039=DIRECTION('',(-1.,0.,0.));
#5040=DIRECTION('',(-1.73472347597833E-16,-1.,0.));
#5041=DIRECTION('',(1.,3.21964677141295E-13,0.));
#5042=DIRECTION('',(1.7347234759781E-16,1.,0.));
#5043=DIRECTION('',(-1.,0.,0.));
#5044=DIRECTION('',(-4.33680868994385E-17,-1.,0.));
#5045=DIRECTION('',(1.,3.21964677141295E-13,0.));
#5046=DIRECTION('',(-8.67361737988656E-17,1.,0.));
#5047=DIRECTION('',(-1.,0.,0.));
#5048=DIRECTION('',(-1.04083408558605E-15,-1.,0.));
#5049=DIRECTION('',(1.,3.21964677141295E-13,0.));
#5050=DIRECTION('',(-3.46944695195362E-16,1.,0.));
#5051=DIRECTION('',(-1.,-3.21964677141295E-13,0.));
#5052=DIRECTION('',(1.73472347597681E-16,-1.,0.));
#5053=DIRECTION('',(1.,3.21964677141295E-13,0.));
#5054=DIRECTION('',(-1.23259516440783E-32,1.,0.));
#5055=DIRECTION('',(-1.,-3.21964677141295E-13,0.));
#5056=DIRECTION('',(2.16840434497102E-17,-1.,0.));
#5057=DIRECTION('',(1.,3.21964677141295E-13,0.));
#5058=DIRECTION('',(8.67361737988405E-17,1.,0.));
#5059=DIRECTION('',(-1.,-3.21964677141295E-13,0.));
#5060=DIRECTION('',(1.23259516440783E-32,-1.,0.));
#5061=DIRECTION('',(1.,3.21964677141295E-13,0.));
#5062=DIRECTION('',(1.23259516440783E-32,-1.,0.));
#5063=DIRECTION('',(1.,3.21964677141411E-13,0.));
#5064=DIRECTION('',(-3.18495230189343E-13,1.,0.));
#5065=DIRECTION('',(-1.,-3.21964677141514E-13,0.));
#5066=DIRECTION('center_axis',(0.,0.,1.));
#5067=DIRECTION('ref_axis',(1.,0.,0.));
#5068=DIRECTION('',(8.67361737988405E-17,-1.,0.));
#5069=DIRECTION('',(1.,3.21964677141295E-13,0.));
#5070=DIRECTION('',(1.73472347597681E-16,1.,0.));
#5071=DIRECTION('',(-1.,-3.21964677141295E-13,0.));
#5072=DIRECTION('',(1.23259516440783E-32,-1.,0.));
#5073=DIRECTION('',(1.,3.21964677141295E-13,0.));
#5074=DIRECTION('',(-1.23259516440783E-32,1.,0.));
#5075=DIRECTION('',(-1.,-3.21964677141295E-13,0.));
#5076=DIRECTION('',(1.23259516440783E-32,-1.,0.));
#5077=DIRECTION('',(1.,3.21964677141295E-13,0.));
#5078=DIRECTION('',(-1.73472347597681E-16,1.,0.));
#5079=DIRECTION('',(-1.,-3.21964677141295E-13,0.));
#5080=DIRECTION('',(1.23259516440783E-32,-1.,0.));
#5081=DIRECTION('',(1.,3.2196467714153E-13,0.));
#5082=DIRECTION('',(-3.18495230189342E-13,1.,0.));
#5083=DIRECTION('',(-1.,-3.21964677141632E-13,0.));
#5084=DIRECTION('',(-1.,0.,0.));
#5085=DIRECTION('',(-1.23259516440783E-32,1.,0.));
#5086=DIRECTION('',(-1.,0.,0.));
#5087=DIRECTION('',(0.,-1.,0.));
#5088=DIRECTION('',(1.,0.,0.));
#5089=DIRECTION('',(1.23259516440783E-32,-1.,0.));
#5090=DIRECTION('center_axis',(1.,0.,0.));
#5091=DIRECTION('ref_axis',(0.,0.707106781186543,-0.707106781186552));
#5092=DIRECTION('center_axis',(-1.,8.57092729504713E-14,0.));
#5093=DIRECTION('ref_axis',(0.,0.707106781186543,-0.707106781186552));
#5094=DIRECTION('',(1.,0.,0.));
#5095=DIRECTION('',(-1.,0.,0.));
#5096=DIRECTION('center_axis',(0.,0.,-1.));
#5097=DIRECTION('ref_axis',(-1.,0.,0.));
#5098=DIRECTION('',(8.57092729504713E-14,1.,0.));
#5099=DIRECTION('',(-1.,0.,0.));
#5100=DIRECTION('center_axis',(-1.,0.,0.));
#5101=DIRECTION('ref_axis',(0.,-0.707106781186543,-0.707106781186552));
#5102=DIRECTION('center_axis',(-1.,8.57092729504713E-14,0.));
#5103=DIRECTION('ref_axis',(0.,-0.707106781186543,-0.707106781186552));
#5104=DIRECTION('center_axis',(1.,0.,0.));
#5105=DIRECTION('ref_axis',(0.,0.,-1.));
#5106=DIRECTION('',(0.,0.,1.));
#5107=DIRECTION('',(0.,1.,0.));
#5108=DIRECTION('',(0.,0.,-1.));
#5109=DIRECTION('center_axis',(-1.,0.,0.));
#5110=DIRECTION('ref_axis',(0.,0.707106781186554,0.707106781186541));
#5111=DIRECTION('center_axis',(1.,0.,0.));
#5112=DIRECTION('ref_axis',(0.,0.,-1.));
#5113=DIRECTION('',(0.,0.,1.));
#5114=DIRECTION('',(0.,1.,0.));
#5115=DIRECTION('',(0.,0.,-1.));
#5116=DIRECTION('center_axis',(-1.,0.,0.));
#5117=DIRECTION('ref_axis',(0.,-0.707106781186554,0.707106781186541));
#5118=DIRECTION('center_axis',(0.,0.,-1.));
#5119=DIRECTION('ref_axis',(-1.,0.,0.));
#5120=DIRECTION('',(1.,0.,-2.22044604925031E-16));
#5121=DIRECTION('',(1.,0.,0.));
#5122=DIRECTION('',(0.,1.,0.));
#5123=DIRECTION('',(1.,0.,0.));
#5124=DIRECTION('',(-1.23259516440783E-32,1.,0.));
#5125=DIRECTION('center_axis',(0.,-1.,0.));
#5126=DIRECTION('ref_axis',(1.,0.,-2.22044604925031E-16));
#5127=DIRECTION('',(-1.,0.,0.));
#5128=DIRECTION('',(0.,0.,1.));
#5129=DIRECTION('center_axis',(0.,0.,1.));
#5130=DIRECTION('ref_axis',(1.,0.,0.));
#5131=DIRECTION('',(0.,0.,1.));
#5132=DIRECTION('center_axis',(0.,0.,1.));
#5133=DIRECTION('ref_axis',(1.,0.,0.));
#5134=DIRECTION('',(0.,0.,1.));
#5135=DIRECTION('center_axis',(0.,6.93889390390723E-17,1.));
#5136=DIRECTION('ref_axis',(1.,1.54074395550979E-32,0.));
#5137=DIRECTION('',(0.,6.93889390390723E-17,1.));
#5138=DIRECTION('center_axis',(2.23722523853936E-16,0.,1.));
#5139=DIRECTION('ref_axis',(-0.894801791408708,0.446463608922125,0.));
#5140=DIRECTION('center_axis',(0.,0.,1.));
#5141=DIRECTION('ref_axis',(0.,1.,0.));
#5142=DIRECTION('',(-2.23722523853936E-16,0.,-1.));
#5143=DIRECTION('center_axis',(0.,0.,-1.));
#5144=DIRECTION('ref_axis',(-0.894801791408708,0.446463608922125,0.));
#5145=DIRECTION('',(2.23722523853936E-16,0.,1.));
#5146=DIRECTION('center_axis',(0.,0.,1.));
#5147=DIRECTION('ref_axis',(1.,0.,0.));
#5148=DIRECTION('center_axis',(0.,0.,1.));
#5149=DIRECTION('ref_axis',(0.953445538800533,0.30156525751711,0.));
#5150=DIRECTION('center_axis',(-0.601340491816482,0.798992874124614,-5.34097647723271E-15));
#5151=DIRECTION('ref_axis',(-0.798992874124614,-0.601340491816482,0.));
#5152=DIRECTION('center_axis',(-0.185619609651655,-0.954763940681214,0.232316977613879));
#5153=DIRECTION('ref_axis',(-0.59597812752874,0.297364788727379,0.74591169311954));
#5154=DIRECTION('center_axis',(1.,0.,0.));
#5155=DIRECTION('ref_axis',(0.,0.707106781186552,0.707106781186543));
#5156=DIRECTION('center_axis',(-2.23722523853936E-16,0.,-1.));
#5157=DIRECTION('ref_axis',(1.,0.,-2.23722523853936E-16));
#5158=DIRECTION('center_axis',(0.,0.,-1.));
#5159=DIRECTION('ref_axis',(1.,0.,-2.23722523853936E-16));
#5160=DIRECTION('',(-2.23722523853936E-16,0.,-1.));
#5161=DIRECTION('center_axis',(-2.22044604925031E-16,-5.55111512312578E-17,
-1.));
#5162=DIRECTION('ref_axis',(1.,0.,-2.23722523853936E-16));
#5163=DIRECTION('',(-2.23722523853936E-16,0.,-1.));
#5164=DIRECTION('center_axis',(-2.22044604925031E-16,-5.55111512312578E-17,
-1.));
#5165=DIRECTION('ref_axis',(1.,0.,-2.22044604925031E-16));
#5166=DIRECTION('',(-2.23722523853936E-16,0.,-1.));
#5167=DIRECTION('center_axis',(0.,0.,1.));
#5168=DIRECTION('ref_axis',(1.,0.,-2.23722523853936E-16));
#5169=DIRECTION('',(2.23722523853936E-16,0.,1.));
#5170=DIRECTION('center_axis',(1.,-8.63664341951128E-14,0.));
#5171=DIRECTION('ref_axis',(-8.63664341951128E-14,-1.,5.5511151231277E-17));
#5172=DIRECTION('center_axis',(1.,-8.63664341951128E-14,0.));
#5173=DIRECTION('ref_axis',(-5.65233285126166E-14,-0.707106781186541,0.707106781186554));
#5174=DIRECTION('',(0.,0.,1.));
#5175=DIRECTION('',(-8.63664341951128E-14,-1.,5.5511151231277E-17));
#5176=DIRECTION('center_axis',(-1.,0.,0.));
#5177=DIRECTION('ref_axis',(0.,0.707106781186554,0.707106781186541));
#5178=DIRECTION('',(1.,0.,0.));
#5179=DIRECTION('center_axis',(0.707106781186554,0.707106781186541,0.));
#5180=DIRECTION('ref_axis',(0.707106781186541,-0.707106781186554,0.));
#5181=DIRECTION('center_axis',(1.23259516440783E-32,-1.,0.));
#5182=DIRECTION('ref_axis',(-0.707106781186548,0.,0.707106781186548));
#5183=DIRECTION('',(-1.23259516440783E-32,1.,0.));
#5184=DIRECTION('center_axis',(0.,1.,0.));
#5185=DIRECTION('ref_axis',(-0.707106781186548,0.,0.707106781186548));
#5186=DIRECTION('center_axis',(-1.,-5.00939623180621E-46,0.));
#5187=DIRECTION('ref_axis',(0.,0.707106781186554,0.707106781186541));
#5188=DIRECTION('',(1.,5.00939623180621E-46,0.));
#5189=DIRECTION('center_axis',(0.707106781186551,0.707106781186544,0.));
#5190=DIRECTION('ref_axis',(0.707106781186544,-0.707106781186551,0.));
#5191=DIRECTION('center_axis',(0.,1.,0.));
#5192=DIRECTION('ref_axis',(-0.707106781186544,0.,0.707106781186551));
#5193=DIRECTION('',(0.,1.,0.));
#5194=DIRECTION('center_axis',(0.,1.,0.));
#5195=DIRECTION('ref_axis',(-1.,0.,0.));
#5196=DIRECTION('center_axis',(0.,1.,0.));
#5197=DIRECTION('ref_axis',(-0.707106781186544,0.,0.707106781186551));
#5198=DIRECTION('center_axis',(0.,1.,0.));
#5199=DIRECTION('ref_axis',(-1.,0.,0.));
#5200=DIRECTION('center_axis',(1.,0.,0.));
#5201=DIRECTION('ref_axis',(0.,0.185662254721562,0.982613620489613));
#5202=DIRECTION('center_axis',(1.,0.,0.));
#5203=DIRECTION('ref_axis',(0.,0.,-1.));
#5204=DIRECTION('',(0.,0.,-1.));
#5205=DIRECTION('',(-7.30409884621814E-17,1.,0.));
#5206=DIRECTION('',(0.,0.,1.));
#5207=DIRECTION('center_axis',(-1.,0.,0.));
#5208=DIRECTION('ref_axis',(0.,-0.707106781186541,0.707106781186554));
#5209=DIRECTION('center_axis',(-5.00939623180621E-46,1.,0.));
#5210=DIRECTION('ref_axis',(-1.,-5.00939623180621E-46,2.22044604925022E-16));
#5211=DIRECTION('',(1.,0.,0.));
#5212=DIRECTION('center_axis',(-1.,0.,0.));
#5213=DIRECTION('ref_axis',(0.,-0.707106781186554,0.707106781186541));
#5214=DIRECTION('center_axis',(0.707106781186551,-0.707106781186544,0.));
#5215=DIRECTION('ref_axis',(0.707106781186544,0.707106781186551,0.));
#5216=DIRECTION('center_axis',(-1.,0.,0.));
#5217=DIRECTION('ref_axis',(0.,0.707106781186554,0.707106781186541));
#5218=DIRECTION('',(1.,0.,0.));
#5219=DIRECTION('center_axis',(0.707106781186551,0.707106781186544,0.));
#5220=DIRECTION('ref_axis',(0.707106781186544,-0.707106781186551,0.));
#5221=DIRECTION('center_axis',(-0.707106781186554,0.707106781186541,0.));
#5222=DIRECTION('ref_axis',(0.707106781186541,0.707106781186554,0.));
#5223=DIRECTION('center_axis',(0.,1.,0.));
#5224=DIRECTION('ref_axis',(-0.707106781186541,0.,0.707106781186554));
#5225=DIRECTION('',(0.,1.,0.));
#5226=DIRECTION('center_axis',(-1.23259516440783E-32,1.,0.));
#5227=DIRECTION('ref_axis',(0.707106781186548,0.,0.707106781186548));
#5228=DIRECTION('center_axis',(0.,1.,0.));
#5229=DIRECTION('ref_axis',(0.707106781186548,0.,0.707106781186548));
#5230=DIRECTION('',(1.23259516440783E-32,-1.,0.));
#5231=DIRECTION('center_axis',(1.,0.,0.));
#5232=DIRECTION('ref_axis',(0.,0.,-1.));
#5233=DIRECTION('',(0.,0.,-1.));
#5234=DIRECTION('center_axis',(0.,-1.,0.));
#5235=DIRECTION('ref_axis',(-1.,0.,2.22044604925031E-16));
#5236=DIRECTION('',(0.,0.,-1.));
#5237=DIRECTION('center_axis',(1.,1.23259516440783E-32,0.));
#5238=DIRECTION('ref_axis',(-1.23259516440783E-32,1.,-5.55111512312578E-17));
#5239=DIRECTION('',(0.,0.,1.));
#5240=DIRECTION('center_axis',(-1.,-1.23259516440783E-32,0.));
#5241=DIRECTION('ref_axis',(1.23259516440783E-32,-1.,5.55111512312578E-17));
#5242=DIRECTION('',(0.,0.,1.));
#5243=DIRECTION('',(1.23259516440783E-32,-1.,0.));
#5244=DIRECTION('',(0.,0.,-1.));
#5245=DIRECTION('center_axis',(0.,1.,0.));
#5246=DIRECTION('ref_axis',(1.,0.,-2.22044604925031E-16));
#5247=DIRECTION('center_axis',(0.,1.,0.));
#5248=DIRECTION('ref_axis',(1.,0.,-2.22044604925031E-16));
#5249=DIRECTION('',(1.,0.,-2.22044604925031E-16));
#5250=DIRECTION('center_axis',(0.,0.,-1.));
#5251=DIRECTION('ref_axis',(-1.,0.,0.));
#5252=DIRECTION('',(1.,0.,0.));
#5253=DIRECTION('',(-1.,0.,2.22044604925031E-16));
#5254=DIRECTION('center_axis',(0.,-1.,0.));
#5255=DIRECTION('ref_axis',(-1.,0.,2.22044604925031E-16));
#5256=DIRECTION('center_axis',(0.,-1.,0.));
#5257=DIRECTION('ref_axis',(0.,0.,-1.));
#5258=DIRECTION('',(-4.75782041267477E-30,-5.55111512312578E-17,-1.));
#5259=DIRECTION('center_axis',(-1.,0.,0.));
#5260=DIRECTION('ref_axis',(0.,-0.707106781186541,0.707106781186554));
#5261=DIRECTION('',(1.,0.,0.));
#5262=DIRECTION('center_axis',(1.,0.,0.));
#5263=DIRECTION('ref_axis',(0.,-0.707106781186543,0.707106781186552));
#5264=DIRECTION('center_axis',(-0.707106781186546,-0.707106781186549,0.));
#5265=DIRECTION('ref_axis',(0.707106781186549,-0.707106781186546,-4.90653893338679E-17));
#5266=DIRECTION('',(-1.,0.,0.));
#5267=DIRECTION('center_axis',(1.,-8.43769498715122E-14,0.));
#5268=DIRECTION('ref_axis',(5.96635134299832E-14,0.707106781186554,0.707106781186541));
#5269=DIRECTION('center_axis',(0.707106781186546,-0.707106781186549,0.));
#5270=DIRECTION('ref_axis',(0.707106781186549,0.707106781186546,0.));
#5271=DIRECTION('',(1.,-8.43769498715122E-14,0.));
#5272=DIRECTION('center_axis',(0.707106781186609,0.707106781186486,0.));
#5273=DIRECTION('ref_axis',(-0.707106781186486,0.707106781186609,4.90653893338681E-17));
#5274=DIRECTION('center_axis',(0.,5.55111512312578E-17,1.));
#5275=DIRECTION('ref_axis',(1.,1.23259516440783E-32,0.));
#5276=DIRECTION('center_axis',(2.22044604925031E-16,5.55111512312578E-17,
1.));
#5277=DIRECTION('ref_axis',(1.,1.23259516440783E-32,0.));
#5278=DIRECTION('',(0.,5.55111512312578E-17,1.));
#5279=DIRECTION('center_axis',(2.22044604925031E-16,5.55111512312578E-17,
1.));
#5280=DIRECTION('ref_axis',(1.,0.,-2.22044604925031E-16));
#5281=DIRECTION('center_axis',(0.,0.,1.));
#5282=DIRECTION('ref_axis',(1.,0.,0.));
#5283=DIRECTION('center_axis',(2.22044604925031E-16,5.55111512312578E-17,
1.));
#5284=DIRECTION('ref_axis',(1.,0.,0.));
#5285=DIRECTION('',(0.,0.,1.));
#5286=DIRECTION('center_axis',(2.22044604925031E-16,5.55111512312578E-17,
1.));
#5287=DIRECTION('ref_axis',(1.,0.,-2.22044604925031E-16));
#5288=DIRECTION('center_axis',(0.,0.,1.));
#5289=DIRECTION('ref_axis',(1.,0.,0.));
#5290=DIRECTION('center_axis',(2.22044604925031E-16,5.55111512312578E-17,
1.));
#5291=DIRECTION('ref_axis',(1.,0.,0.));
#5292=DIRECTION('',(0.,0.,1.));
#5293=DIRECTION('center_axis',(2.22044604925031E-16,5.55111512312578E-17,
1.));
#5294=DIRECTION('ref_axis',(1.,0.,-2.22044604925031E-16));
#5295=DIRECTION('center_axis',(0.,5.55111512312578E-17,1.));
#5296=DIRECTION('ref_axis',(1.,1.84889274661175E-32,0.));
#5297=DIRECTION('center_axis',(2.22044604925031E-16,5.55111512312578E-17,
1.));
#5298=DIRECTION('ref_axis',(1.,1.84889274661175E-32,0.));
#5299=DIRECTION('',(0.,5.55111512312578E-17,1.));
#5300=DIRECTION('center_axis',(2.22044604925031E-16,5.55111512312578E-17,
1.));
#5301=DIRECTION('ref_axis',(1.,6.16297582203915E-33,-2.22044604925031E-16));
#5302=DIRECTION('center_axis',(1.,-8.57851229838864E-14,0.));
#5303=DIRECTION('ref_axis',(-5.65233285126166E-14,-0.707106781186541,0.707106781186554));
#5304=DIRECTION('center_axis',(-1.,8.7338750082691E-14,0.));
#5305=DIRECTION('ref_axis',(-5.65233285126166E-14,-0.707106781186541,0.707106781186554));
#5306=DIRECTION('',(-1.,8.57851229838864E-14,0.));
#5307=DIRECTION('center_axis',(-1.,8.7338750082691E-14,0.));
#5308=DIRECTION('ref_axis',(8.7338750082691E-14,1.,-5.55111512312772E-17));
#5309=DIRECTION('',(2.23722523853936E-16,0.,1.));
#5310=DIRECTION('',(8.7338750082691E-14,1.,-5.55111512312772E-17));
#5311=DIRECTION('',(0.,0.,-1.));
#5312=DIRECTION('center_axis',(-2.22044604925031E-16,-5.55111512312578E-17,
-1.));
#5313=DIRECTION('ref_axis',(1.,-5.76191050812704E-62,-2.22044604925031E-16));
#5314=DIRECTION('',(1.,-8.57851229838864E-14,-2.22044604925027E-16));
#5315=DIRECTION('center_axis',(8.57851229838864E-14,1.,0.));
#5316=DIRECTION('ref_axis',(-1.,8.57851229838864E-14,0.));
#5317=DIRECTION('',(1.,-8.57851229838864E-14,-2.22044604925027E-16));
#5318=DIRECTION('',(-2.23722523853936E-16,0.,-1.));
#5319=DIRECTION('',(-2.23722523853936E-16,0.,-1.));
#5320=DIRECTION('',(1.,-8.57851229838864E-14,0.));
#5321=DIRECTION('',(0.,0.,1.));
#5322=DIRECTION('',(1.,-8.57851229838864E-14,0.));
#5323=DIRECTION('',(0.,0.,-1.));
#5324=DIRECTION('',(1.,-8.57851229838864E-14,0.));
#5325=DIRECTION('',(-2.23722523853936E-16,0.,-1.));
#5326=DIRECTION('',(-2.23722523853936E-16,0.,-1.));
#5327=DIRECTION('center_axis',(-2.22044604925031E-16,-5.55111512312578E-17,
-1.));
#5328=DIRECTION('ref_axis',(1.,-2.73691106313439E-48,-2.22044604925031E-16));
#5329=DIRECTION('center_axis',(-2.22044604925031E-16,-5.55111512312578E-17,
-1.));
#5330=DIRECTION('ref_axis',(1.,0.,-2.23722523853936E-16));
#5331=DIRECTION('center_axis',(-2.23722523853936E-16,0.,-1.));
#5332=DIRECTION('ref_axis',(-0.707106781186539,0.707106781186556,1.58195713721285E-16));
#5333=DIRECTION('',(-2.23722523853936E-16,0.,-1.));
#5334=DIRECTION('center_axis',(-2.22044604925031E-16,-5.55111512312578E-17,
-1.));
#5335=DIRECTION('ref_axis',(1.,0.,-2.23722523853936E-16));
#5336=DIRECTION('',(-2.23722523853936E-16,0.,-1.));
#5337=DIRECTION('center_axis',(-2.22044604925031E-16,-5.55111512312578E-17,
-1.));
#5338=DIRECTION('ref_axis',(1.,0.,-2.22044604925031E-16));
#5339=DIRECTION('',(-2.23722523853936E-16,0.,-1.));
#5340=DIRECTION('center_axis',(-8.57092729504711E-14,-1.,0.));
#5341=DIRECTION('ref_axis',(-0.707106781186548,7.53644380168215E-14,0.707106781186548));
#5342=DIRECTION('center_axis',(-8.88178419700124E-14,-1.,3.94430452610505E-28));
#5343=DIRECTION('ref_axis',(4.44089209850062E-15,0.,1.));
#5344=DIRECTION('center_axis',(0.,0.,-1.));
#5345=DIRECTION('ref_axis',(-0.707106781186579,-0.707106781186516,0.));
#5346=DIRECTION('center_axis',(0.,0.,1.));
#5347=DIRECTION('ref_axis',(-1.,8.88178419700128E-14,0.));
#5348=DIRECTION('',(0.,0.,-1.));
#5349=DIRECTION('center_axis',(0.,0.,-1.));
#5350=DIRECTION('ref_axis',(-0.707106781186579,-0.707106781186516,0.));
#5351=DIRECTION('center_axis',(0.408248290463839,-0.816496580927749,-0.408248290463842));
#5352=DIRECTION('ref_axis',(-0.577350269189636,-0.577350269189594,0.577350269189647));
#5353=DIRECTION('center_axis',(-6.00260970318032E-14,1.,0.));
#5354=DIRECTION('ref_axis',(0.707106781186548,4.39625888431458E-14,0.707106781186548));
#5355=DIRECTION('center_axis',(6.05994100298453E-14,-1.,6.93889390390722E-17));
#5356=DIRECTION('ref_axis',(0.707106781186548,4.39625888431458E-14,0.707106781186548));
#5357=DIRECTION('',(6.00260970318032E-14,-1.,0.));
#5358=DIRECTION('center_axis',(-7.4046222820519E-14,1.,0.));
#5359=DIRECTION('ref_axis',(0.707106781186548,4.39625888431458E-14,0.707106781186548));
#5360=DIRECTION('center_axis',(-7.4046222820519E-14,1.,0.));
#5361=DIRECTION('ref_axis',(1.,7.4046222820519E-14,-2.22044604925035E-16));
#5362=DIRECTION('',(0.,0.,1.));
#5363=DIRECTION('',(1.,7.4046222820519E-14,-2.22044604925035E-16));
#5364=DIRECTION('center_axis',(-1.,-6.00260970318032E-14,0.));
#5365=DIRECTION('ref_axis',(6.00260970318032E-14,-1.,0.));
#5366=DIRECTION('',(4.16514718769322E-30,-6.93889390390722E-17,-1.));
#5367=DIRECTION('',(-6.00260970318032E-14,1.,-5.55111512312445E-17));
#5368=DIRECTION('',(-2.23722523853936E-16,-5.59306309634839E-17,-1.));
#5369=DIRECTION('',(-2.23722523853936E-16,-5.59306309634839E-17,-1.));
#5370=DIRECTION('',(-6.00260970318032E-14,1.,0.));
#5371=DIRECTION('',(0.,0.,1.));
#5372=DIRECTION('',(-6.00260970318032E-14,1.,0.));
#5373=DIRECTION('',(0.,0.,-1.));
#5374=DIRECTION('',(-6.00260970318032E-14,1.,0.));
#5375=DIRECTION('',(-2.23722523853936E-16,0.,-1.));
#5376=DIRECTION('',(-2.23722523853936E-16,0.,-1.));
#5377=DIRECTION('',(-6.00260970318032E-14,1.,-5.55111512312445E-17));
#5378=DIRECTION('center_axis',(6.05994100298453E-14,-1.,6.93889390390722E-17));
#5379=DIRECTION('ref_axis',(-1.,-6.05994100298453E-14,2.22044604925035E-16));
#5380=DIRECTION('',(-2.23722523853936E-16,-5.59306309634839E-17,-1.));
#5381=DIRECTION('',(-1.,-6.05994100298453E-14,2.22044604925035E-16));
#5382=DIRECTION('center_axis',(-2.22044604925031E-16,-5.55111512312578E-17,
-1.));
#5383=DIRECTION('ref_axis',(1.,6.7967788082536E-65,-2.22044604925031E-16));
#5384=DIRECTION('center_axis',(-2.22044604925031E-16,-5.55111512312578E-17,
-1.));
#5385=DIRECTION('ref_axis',(1.,-9.38470643991999E-35,-2.23722523853936E-16));
#5386=DIRECTION('center_axis',(-2.23722523853936E-16,-5.59306309634839E-17,
-1.));
#5387=DIRECTION('ref_axis',(-0.707106781186527,-0.707106781186568,1.97744642151605E-16));
#5388=DIRECTION('',(-2.23722523853936E-16,-5.59306309634839E-17,-1.));
#5389=DIRECTION('center_axis',(-2.22044604925031E-16,-5.55111512312578E-17,
-1.));
#5390=DIRECTION('ref_axis',(1.,0.,-2.22044604925031E-16));
#5391=DIRECTION('',(-2.23722523853936E-16,-5.59306309634839E-17,-1.));
#5392=DIRECTION('center_axis',(-2.22044604925031E-16,-5.55111512312578E-17,
-1.));
#5393=DIRECTION('ref_axis',(1.,-2.73691106313439E-48,-2.22044604925031E-16));
#5394=DIRECTION('center_axis',(0.,1.,0.));
#5395=DIRECTION('ref_axis',(1.,0.,-2.22044604925031E-16));
#5396=DIRECTION('',(1.,0.,-2.22044604925031E-16));
#5397=DIRECTION('center_axis',(0.,-1.,0.));
#5398=DIRECTION('ref_axis',(0.707106781186548,0.,0.707106781186548));
#5399=DIRECTION('center_axis',(8.88178419700125E-14,1.,0.));
#5400=DIRECTION('ref_axis',(0.707106781186548,0.,0.707106781186548));
#5401=DIRECTION('',(0.,-1.,0.));
#5402=DIRECTION('center_axis',(-1.,8.43769498715119E-14,0.));
#5403=DIRECTION('ref_axis',(-5.96635134299836E-14,-0.707106781186549,0.707106781186546));
#5404=DIRECTION('center_axis',(0.707106781186487,-0.707106781186609,0.));
#5405=DIRECTION('ref_axis',(-0.707106781186609,-0.707106781186487,4.90653893338679E-17));
#5406=DIRECTION('',(-1.,8.43769498715119E-14,0.));
#5407=DIRECTION('center_axis',(8.43769498715119E-14,1.,0.));
#5408=DIRECTION('ref_axis',(0.,0.,1.));
#5409=DIRECTION('center_axis',(1.25613638000051E-33,1.,0.));
#5410=DIRECTION('ref_axis',(-0.707106781186551,0.,0.707106781186544));
#5411=DIRECTION('center_axis',(9.30828157377435E-16,-1.,0.));
#5412=DIRECTION('ref_axis',(-0.707106781186551,0.,0.707106781186544));
#5413=DIRECTION('center_axis',(-0.707106781186549,-0.707106781186546,0.));
#5414=DIRECTION('ref_axis',(-0.707106781186546,0.707106781186549,-4.90653893338679E-17));
#5415=DIRECTION('',(1.25613638000051E-33,1.,0.));
#5416=DIRECTION('center_axis',(1.,-1.25613638000051E-33,-2.44673146256619E-16));
#5417=DIRECTION('ref_axis',(1.23259516440783E-32,-1.,5.55111512312578E-17));
#5418=DIRECTION('',(-2.44673146256619E-16,-2.27748653889788E-31,-1.));
#5419=DIRECTION('',(-2.44673146256619E-16,-6.11682865641547E-17,-1.));
#5420=DIRECTION('center_axis',(-1.,-9.30828157377435E-16,0.));
#5421=DIRECTION('ref_axis',(0.,0.707106781186549,0.707106781186546));
#5422=DIRECTION('center_axis',(1.,7.40148672054363E-16,-4.10865048680244E-32));
#5423=DIRECTION('ref_axis',(0.,0.707106781186549,0.707106781186546));
#5424=DIRECTION('',(1.,9.30828157377435E-16,0.));
#5425=DIRECTION('center_axis',(0.707106781186547,-0.707106781186548,-2.94392336003208E-16));
#5426=DIRECTION('ref_axis',(0.707106781186548,0.707106781186547,2.94392336003207E-16));
#5427=DIRECTION('center_axis',(-1.25613638000051E-33,-1.,0.));
#5428=DIRECTION('ref_axis',(0.707106781186548,0.,0.707106781186547));
#5429=DIRECTION('center_axis',(0.707106781186548,-0.707106781186547,0.));
#5430=DIRECTION('ref_axis',(0.707106781186547,0.707106781186548,-9.81307786677359E-17));
#5431=DIRECTION('center_axis',(1.,7.40148672054363E-16,-4.10865048680244E-32));
#5432=DIRECTION('ref_axis',(7.40148672054363E-16,-1.,5.55111512312576E-17));
#5433=DIRECTION('',(0.,-5.55111512312578E-17,-1.));
#5434=DIRECTION('',(7.40148672054363E-16,-1.,5.55111512312576E-17));
#5435=DIRECTION('',(7.40148672054363E-16,-1.,5.55111512312576E-17));
#5436=DIRECTION('',(-4.10865048680244E-32,-3.82444756193822E-47,-1.));
#5437=DIRECTION('center_axis',(-2.22044604925031E-16,-5.55111512312578E-17,
-1.));
#5438=DIRECTION('ref_axis',(1.,-8.89868822404315E-65,-2.22044604925031E-16));
#5439=DIRECTION('',(-1.,-9.30828157377435E-16,2.22044604925031E-16));
#5440=DIRECTION('center_axis',(-2.22044604925031E-16,-5.55111512312578E-17,
-1.));
#5441=DIRECTION('ref_axis',(1.,1.00811266320012E-33,-2.03384112594487E-16));
#5442=DIRECTION('center_axis',(-1.02973183999563E-13,-1.,5.55111512312578E-17));
#5443=DIRECTION('ref_axis',(-1.,1.02973183999563E-13,2.22044604925026E-16));
#5444=DIRECTION('',(-1.,1.02973183999563E-13,2.22044604925026E-16));
#5445=DIRECTION('',(-1.,1.02973183999563E-13,2.22044604925026E-16));
#5446=DIRECTION('center_axis',(-2.22044604925031E-16,-5.55111512312578E-17,
-1.));
#5447=DIRECTION('ref_axis',(1.,-8.89868822404315E-65,-2.22044604925031E-16));
#5448=DIRECTION('center_axis',(-2.22044604925031E-16,-5.55111512312578E-17,
-1.));
#5449=DIRECTION('ref_axis',(1.,1.00811266320012E-33,-2.03384112594487E-16));
#5450=DIRECTION('center_axis',(-2.22044604925031E-16,-5.55111512312578E-17,
-1.));
#5451=DIRECTION('ref_axis',(1.,-8.89868822404315E-65,-2.22044604925031E-16));
#5452=DIRECTION('center_axis',(-2.22044604925031E-16,-5.55111512312578E-17,
-1.));
#5453=DIRECTION('ref_axis',(1.,1.00811266320012E-33,-2.03384112594487E-16));
#5454=DIRECTION('center_axis',(9.30828157377435E-16,-1.,0.));
#5455=DIRECTION('ref_axis',(1.,9.30828157377435E-16,0.));
#5456=DIRECTION('',(-2.03384112594487E-16,-5.40239049079106E-17,-1.));
#5457=DIRECTION('',(-2.03384112594487E-16,-5.40239049079106E-17,-1.));
#5458=DIRECTION('',(-1.,-9.30828157377435E-16,0.));
#5459=DIRECTION('',(0.,0.,1.));
#5460=DIRECTION('',(-1.,-9.30828157377435E-16,0.));
#5461=DIRECTION('',(0.,0.,-1.));
#5462=DIRECTION('',(-1.,-9.30828157377435E-16,0.));
#5463=DIRECTION('',(-2.23722523853936E-16,-5.59306309634839E-17,-1.));
#5464=DIRECTION('center_axis',(-9.30828157377435E-16,1.,0.));
#5465=DIRECTION('ref_axis',(-1.,0.,0.));
#5466=DIRECTION('center_axis',(-2.03384112594487E-16,-5.40239049079106E-17,
-1.));
#5467=DIRECTION('ref_axis',(1.,1.00811266320012E-33,-2.03384112594487E-16));
#5468=DIRECTION('',(-2.03384112594487E-16,-5.40239049079106E-17,-1.));
#5469=DIRECTION('center_axis',(2.22044604925031E-16,5.55111512312578E-17,
1.));
#5470=DIRECTION('ref_axis',(1.,1.00811266320012E-33,-2.03384112594487E-16));
#5471=DIRECTION('',(-2.03384112594487E-16,-5.40239049079106E-17,-1.));
#5472=DIRECTION('center_axis',(1.,9.63282288225241E-18,0.));
#5473=DIRECTION('ref_axis',(0.,0.707106781186549,0.707106781186546));
#5474=DIRECTION('',(1.,9.63282288225241E-18,0.));
#5475=DIRECTION('center_axis',(9.63282288225241E-18,-1.,6.11682865641547E-17));
#5476=DIRECTION('ref_axis',(-1.,-9.63282288225239E-18,2.22044604925031E-16));
#5477=DIRECTION('center_axis',(8.88178419700124E-14,1.,0.));
#5478=DIRECTION('ref_axis',(-0.707106781186549,6.28036983473511E-14,0.707106781186546));
#5479=DIRECTION('center_axis',(0.,0.,-1.));
#5480=DIRECTION('ref_axis',(-1.,0.,0.));
#5481=DIRECTION('',(-1.,0.,0.));
#5482=DIRECTION('center_axis',(-8.43769498715122E-14,-1.,0.));
#5483=DIRECTION('ref_axis',(0.,0.,-1.));
#5484=DIRECTION('',(-2.22044604925031E-16,1.90414701260281E-29,-1.));
#5485=DIRECTION('center_axis',(1.,9.27443327714245E-16,0.));
#5486=DIRECTION('ref_axis',(0.,0.707106781186544,-0.707106781186551));
#5487=DIRECTION('center_axis',(1.,0.,0.));
#5488=DIRECTION('ref_axis',(0.,0.,-1.));
#5489=DIRECTION('',(1.,9.27443327714245E-16,0.));
#5490=DIRECTION('center_axis',(-1.,0.,0.));
#5491=DIRECTION('ref_axis',(0.,1.,-4.44089209850065E-15));
#5492=DIRECTION('',(-1.,-9.27443327714245E-16,0.));
#5493=DIRECTION('center_axis',(0.,0.,-1.));
#5494=DIRECTION('ref_axis',(-1.,0.,0.));
#5495=DIRECTION('center_axis',(-6.10995845084575E-14,1.,0.));
#5496=DIRECTION('ref_axis',(1.,6.10995845084575E-14,0.));
#5497=DIRECTION('center_axis',(0.,0.,1.));
#5498=DIRECTION('ref_axis',(0.707106781186526,0.707106781186569,0.));
#5499=DIRECTION('center_axis',(0.,0.,-1.));
#5500=DIRECTION('ref_axis',(0.707106781186527,0.707106781186569,0.));
#5501=DIRECTION('center_axis',(6.00260970318031E-14,-1.,0.));
#5502=DIRECTION('ref_axis',(0.707106781186551,5.02429586778803E-14,-0.707106781186544));
#5503=DIRECTION('center_axis',(-7.10542735760103E-14,1.,0.));
#5504=DIRECTION('ref_axis',(1.,7.10542735760103E-14,-4.44089209850064E-15));
#5505=DIRECTION('',(-6.00260970318031E-14,1.,0.));
#5506=DIRECTION('',(6.00260970318031E-14,-1.,0.));
#5507=DIRECTION('center_axis',(0.,0.,-1.));
#5508=DIRECTION('ref_axis',(-1.,0.,0.));
#5509=DIRECTION('center_axis',(1.,-8.88178419700113E-14,0.));
#5510=DIRECTION('ref_axis',(-8.88178419700113E-14,-1.,0.));
#5511=DIRECTION('center_axis',(0.,0.,1.));
#5512=DIRECTION('ref_axis',(0.707106781186538,-0.707106781186558,0.));
#5513=DIRECTION('center_axis',(0.,0.,-1.));
#5514=DIRECTION('ref_axis',(0.707106781186537,-0.707106781186557,0.));
#5515=DIRECTION('center_axis',(-1.,8.57851229838863E-14,0.));
#5516=DIRECTION('ref_axis',(-5.96635134299829E-14,-0.707106781186551,-0.707106781186544));
#5517=DIRECTION('center_axis',(1.,-8.88178419700113E-14,0.));
#5518=DIRECTION('ref_axis',(-8.88178419700113E-14,-1.,-4.44089209850056E-15));
#5519=DIRECTION('',(1.,-8.57851229838863E-14,0.));
#5520=DIRECTION('',(-1.,8.57851229838863E-14,0.));
#5521=DIRECTION('center_axis',(0.,0.,-1.));
#5522=DIRECTION('ref_axis',(-1.,0.,0.));
#5523=DIRECTION('center_axis',(-1.06581410364015E-13,-1.,0.));
#5524=DIRECTION('ref_axis',(-1.,1.06581410364015E-13,0.));
#5525=DIRECTION('center_axis',(0.,0.,1.));
#5526=DIRECTION('ref_axis',(-0.707106781186609,-0.707106781186486,0.));
#5527=DIRECTION('center_axis',(0.,0.,-1.));
#5528=DIRECTION('ref_axis',(-0.707106781186609,-0.707106781186487,0.));
#5529=DIRECTION('center_axis',(8.57092729504713E-14,1.,0.));
#5530=DIRECTION('ref_axis',(-0.707106781186538,6.28036983473515E-14,-0.707106781186557));
#5531=DIRECTION('center_axis',(-9.23662323926522E-14,-1.,0.));
#5532=DIRECTION('ref_axis',(-1.,9.23662323926522E-14,-4.44089209850072E-15));
#5533=DIRECTION('',(-8.57092729504713E-14,-1.,0.));
#5534=DIRECTION('',(8.57092729504713E-14,1.,0.));
#5535=DIRECTION('center_axis',(0.,0.,-1.));
#5536=DIRECTION('ref_axis',(-1.,0.,0.));
#5537=DIRECTION('center_axis',(0.,0.,1.));
#5538=DIRECTION('ref_axis',(-0.707106781186518,0.707106781186577,0.));
#5539=DIRECTION('center_axis',(0.,0.,-1.));
#5540=DIRECTION('ref_axis',(-0.707106781186518,0.707106781186577,0.));
#5541=DIRECTION('center_axis',(0.,0.,-1.));
#5542=DIRECTION('ref_axis',(0.707106781186538,-0.707106781186557,0.));
#5543=DIRECTION('',(0.,0.,1.));
#5544=DIRECTION('center_axis',(0.,0.,1.));
#5545=DIRECTION('ref_axis',(0.707106781186537,-0.707106781186557,0.));
#5546=DIRECTION('',(0.,0.,-1.));
#5547=DIRECTION('center_axis',(1.,6.00260970318031E-14,0.));
#5548=DIRECTION('ref_axis',(-6.00260970318031E-14,1.,0.));
#5549=DIRECTION('',(0.,0.,-1.));
#5550=DIRECTION('',(-6.00260970318031E-14,1.,0.));
#5551=DIRECTION('center_axis',(0.,0.,1.));
#5552=DIRECTION('ref_axis',(0.707106781186526,0.707106781186569,0.));
#5553=DIRECTION('',(0.,0.,1.));
#5554=DIRECTION('center_axis',(0.,0.,1.));
#5555=DIRECTION('ref_axis',(0.707106781186527,0.707106781186569,0.));
#5556=DIRECTION('center_axis',(-9.27443327714245E-16,1.,0.));
#5557=DIRECTION('ref_axis',(-1.,-9.27443327714245E-16,0.));
#5558=DIRECTION('',(0.,0.,-1.));
#5559=DIRECTION('',(-1.,-9.27443327714245E-16,0.));
#5560=DIRECTION('center_axis',(9.27443327714245E-16,-1.,0.));
#5561=DIRECTION('ref_axis',(-1.,0.,0.));
#5562=DIRECTION('center_axis',(0.,0.,1.));
#5563=DIRECTION('ref_axis',(-1.,0.,0.));
#5564=DIRECTION('center_axis',(0.,0.,1.));
#5565=DIRECTION('ref_axis',(-0.707106781186518,0.707106781186578,0.));
#5566=DIRECTION('center_axis',(0.,0.,1.));
#5567=DIRECTION('ref_axis',(-0.707106781186607,-0.707106781186488,0.));
#5568=DIRECTION('center_axis',(0.,0.,1.));
#5569=DIRECTION('ref_axis',(0.707106781186544,-0.707106781186551,0.));
#5570=DIRECTION('center_axis',(0.,0.,1.));
#5571=DIRECTION('ref_axis',(0.707106781186525,0.70710678118657,0.));
#5572=DIRECTION('center_axis',(0.,0.,-1.));
#5573=DIRECTION('ref_axis',(-1.,0.,0.));
#5574=DIRECTION('center_axis',(-1.,7.99360577730158E-14,0.));
#5575=DIRECTION('ref_axis',(-7.99360577730158E-14,-1.,0.));
#5576=DIRECTION('center_axis',(0.,0.,-1.));
#5577=DIRECTION('ref_axis',(-0.707106781186609,-0.707106781186486,0.));
#5578=DIRECTION('center_axis',(-1.06581410364015E-13,-1.,0.));
#5579=DIRECTION('ref_axis',(0.,0.,1.));
#5580=DIRECTION('center_axis',(0.,0.,1.));
#5581=DIRECTION('ref_axis',(-0.707106781186609,-0.707106781186487,0.));
#5582=DIRECTION('center_axis',(-8.57092729504713E-14,-1.,0.));
#5583=DIRECTION('ref_axis',(-0.707106781186541,6.28036983473518E-14,0.707106781186554));
#5584=DIRECTION('center_axis',(-9.23662323926522E-14,-1.,0.));
#5585=DIRECTION('ref_axis',(0.,0.,1.));
#5586=DIRECTION('',(-8.57092729504713E-14,-1.,0.));
#5587=DIRECTION('',(8.57092729504713E-14,1.,0.));
#5588=DIRECTION('center_axis',(0.,0.,-1.));
#5589=DIRECTION('ref_axis',(-1.,0.,0.));
#5590=DIRECTION('center_axis',(-1.,0.,0.));
#5591=DIRECTION('ref_axis',(0.,0.,1.));
#5592=DIRECTION('center_axis',(0.,0.,1.));
#5593=DIRECTION('ref_axis',(-0.707106781186518,0.707106781186577,0.));
#5594=DIRECTION('center_axis',(0.,0.,-1.));
#5595=DIRECTION('ref_axis',(-0.707106781186518,0.707106781186577,0.));
#5596=DIRECTION('center_axis',(-1.,-9.27443327714245E-16,0.));
#5597=DIRECTION('ref_axis',(0.,0.707106781186548,0.707106781186548));
#5598=DIRECTION('center_axis',(-1.,0.,0.));
#5599=DIRECTION('ref_axis',(0.,0.,1.));
#5600=DIRECTION('',(1.,9.27443327714245E-16,0.));
#5601=DIRECTION('center_axis',(0.,0.,-1.));
#5602=DIRECTION('ref_axis',(-1.,0.,0.));
#5603=DIRECTION('center_axis',(-6.10995845084575E-14,1.,0.));
#5604=DIRECTION('ref_axis',(0.,0.,1.));
#5605=DIRECTION('center_axis',(0.,0.,-1.));
#5606=DIRECTION('ref_axis',(0.707106781186526,0.707106781186569,0.));
#5607=DIRECTION('center_axis',(-6.00260970318031E-14,1.,0.));
#5608=DIRECTION('ref_axis',(0.707106781186554,5.02429586778805E-14,0.707106781186541));
#5609=DIRECTION('center_axis',(-7.10542735760103E-14,1.,0.));
#5610=DIRECTION('ref_axis',(0.,0.,1.));
#5611=DIRECTION('',(6.00260970318031E-14,-1.,0.));
#5612=DIRECTION('center_axis',(0.,0.,-1.));
#5613=DIRECTION('ref_axis',(-1.,0.,0.));
#5614=DIRECTION('center_axis',(1.,-8.88178419700113E-14,0.));
#5615=DIRECTION('ref_axis',(0.,0.,1.));
#5616=DIRECTION('center_axis',(0.,0.,-1.));
#5617=DIRECTION('ref_axis',(0.707106781186538,-0.707106781186558,0.));
#5618=DIRECTION('center_axis',(1.,-8.57851229838863E-14,0.));
#5619=DIRECTION('ref_axis',(-5.96635134299832E-14,-0.707106781186554,0.707106781186541));
#5620=DIRECTION('',(-1.,8.57851229838863E-14,0.));
#5621=DIRECTION('',(1.,-8.57851229838863E-14,0.));
#5622=DIRECTION('center_axis',(-8.57851229838863E-14,-1.,0.));
#5623=DIRECTION('ref_axis',(1.,-8.57851229838863E-14,0.));
#5624=DIRECTION('',(0.,0.,1.));
#5625=DIRECTION('center_axis',(0.,0.,1.));
#5626=DIRECTION('ref_axis',(-0.707106781186612,-0.707106781186483,0.));
#5627=DIRECTION('',(0.,0.,-1.));
#5628=DIRECTION('center_axis',(0.,0.,1.));
#5629=DIRECTION('ref_axis',(-1.,0.,0.));
#5630=DIRECTION('',(-1.08420217248503E-16,1.,0.));
#5631=DIRECTION('',(1.,3.21964677141295E-13,0.));
#5632=DIRECTION('',(1.73472347597549E-16,-1.,0.));
#5633=DIRECTION('',(-1.,0.,0.));
#5634=DIRECTION('',(-1.73472347597681E-16,1.,0.));
#5635=DIRECTION('',(1.,3.21964677141295E-13,0.));
#5636=DIRECTION('',(3.46944695195362E-16,-1.,0.));
#5637=DIRECTION('',(-1.,-3.21964677141295E-13,0.));
#5638=DIRECTION('',(1.73472347597833E-16,1.,0.));
#5639=DIRECTION('',(1.,0.,0.));
#5640=DIRECTION('',(3.46944695195777E-16,-1.,0.));
#5641=DIRECTION('',(-1.,-3.21964677141295E-13,0.));
#5642=DIRECTION('',(4.33680868994385E-17,1.,0.));
#5643=DIRECTION('',(1.,0.,0.));
#5644=DIRECTION('',(-1.7347234759781E-16,-1.,0.));
#5645=DIRECTION('',(-1.,-3.21964677141295E-13,0.));
#5646=DIRECTION('',(-8.67361737988405E-17,1.,0.));
#5647=DIRECTION('',(1.,3.21964677141295E-13,0.));
#5648=DIRECTION('',(-1.73472347597681E-16,-1.,0.));
#5649=DIRECTION('',(-1.,-3.21964677141295E-13,0.));
#5650=DIRECTION('',(-6.93889390391647E-16,1.,0.));
#5651=DIRECTION('',(1.,0.,0.));
#5652=DIRECTION('',(3.18495230189868E-13,-1.,0.));
#5653=DIRECTION('',(-1.,-3.21964677141649E-13,0.));
#5654=DIRECTION('',(-2.16840434497102E-17,1.,0.));
#5655=DIRECTION('',(1.,3.21964677141295E-13,0.));
#5656=DIRECTION('',(1.23259516440783E-32,-1.,0.));
#5657=DIRECTION('',(-1.,-3.21964677141295E-13,0.));
#5658=DIRECTION('',(-1.73472347597526E-16,1.,0.));
#5659=DIRECTION('',(1.,3.21964677141295E-13,0.));
#5660=DIRECTION('',(3.46944695194939E-16,-1.,0.));
#5661=DIRECTION('',(-1.,0.,0.));
#5662=DIRECTION('',(1.73472347597683E-16,1.,0.));
#5663=DIRECTION('',(1.,3.21964677141295E-13,0.));
#5664=DIRECTION('',(8.67361737988136E-17,-1.,0.));
#5665=DIRECTION('',(-1.,0.,0.));
#5666=DIRECTION('',(-1.23259516440783E-32,1.,0.));
#5667=DIRECTION('',(1.,3.21964677141514E-13,0.));
#5668=DIRECTION('',(3.18495230189343E-13,-1.,0.));
#5669=DIRECTION('',(-1.,-3.21964677141411E-13,0.));
#5670=DIRECTION('',(-1.23259516440783E-32,1.,0.));
#5671=DIRECTION('',(1.,3.21964677141295E-13,0.));
#5672=DIRECTION('',(1.23259516440783E-32,-1.,0.));
#5673=DIRECTION('',(-1.,-3.21964677141295E-13,0.));
#5674=DIRECTION('',(1.,0.,0.));
#5675=DIRECTION('',(8.67361737988656E-17,-1.,0.));
#5676=DIRECTION('',(-1.,-3.21964677141295E-13,0.));
#5677=DIRECTION('',(1.04083408558605E-15,1.,0.));
#5678=DIRECTION('',(-1.23259516440783E-32,1.,0.));
#5679=DIRECTION('',(1.,3.21964677141295E-13,0.));
#5680=DIRECTION('',(1.73472347597681E-16,-1.,0.));
#5681=DIRECTION('',(-1.,-3.21964677141295E-13,0.));
#5682=DIRECTION('',(-1.23259516440783E-32,1.,0.));
#5683=DIRECTION('',(1.,3.21964677141632E-13,0.));
#5684=DIRECTION('',(3.18495230189342E-13,-1.,0.));
#5685=DIRECTION('',(-1.,-3.2196467714153E-13,0.));
#5686=DIRECTION('',(-1.23259516440783E-32,1.,0.));
#5687=DIRECTION('',(1.,3.21964677141295E-13,0.));
#5688=DIRECTION('',(-8.67361737988405E-17,-1.,0.));
#5689=DIRECTION('',(-1.,-3.21964677141295E-13,0.));
#5690=DIRECTION('',(-1.23259516440783E-32,1.,0.));
#5691=DIRECTION('',(1.,3.21964677141395E-13,0.));
#5692=DIRECTION('',(3.1849523018881E-13,-1.,0.));
#5693=DIRECTION('',(-1.,0.,0.));
#5694=DIRECTION('',(-1.,0.,0.));
#5695=DIRECTION('',(0.,1.,0.));
#5696=DIRECTION('center_axis',(2.22044604925031E-16,5.55111512312578E-17,
1.));
#5697=DIRECTION('ref_axis',(-1.,0.,2.22044604925031E-16));
#5698=DIRECTION('center_axis',(2.22044604925031E-16,5.55111512312578E-17,
1.));
#5699=DIRECTION('ref_axis',(-1.,0.,2.22044604925031E-16));
#5700=DIRECTION('center_axis',(-2.23722523853936E-16,0.,-1.));
#5701=DIRECTION('ref_axis',(1.,0.,-2.23722523853936E-16));
#5702=DIRECTION('center_axis',(0.,0.,1.));
#5703=DIRECTION('ref_axis',(1.,0.,-2.23722523853936E-16));
#5704=DIRECTION('center_axis',(-2.22044604925031E-16,-5.55111512312578E-17,
-1.));
#5705=DIRECTION('ref_axis',(1.,0.,-2.22044604925031E-16));
#5706=DIRECTION('center_axis',(-2.22044604925031E-16,-5.55111512312578E-17,
-1.));
#5707=DIRECTION('ref_axis',(1.,0.,-2.22044604925031E-16));
#5708=DIRECTION('center_axis',(0.,0.,1.));
#5709=DIRECTION('ref_axis',(1.,0.,0.));
#5710=DIRECTION('center_axis',(0.,0.,-1.));
#5711=DIRECTION('ref_axis',(0.707106781186544,-0.707106781186551,0.));
#5712=DIRECTION('center_axis',(-2.23722523853936E-16,-5.59306309634839E-17,
-1.));
#5713=DIRECTION('ref_axis',(1.,-9.38470643991999E-35,-2.23722523853936E-16));
#5714=DIRECTION('center_axis',(0.,0.,1.));
#5715=DIRECTION('ref_axis',(1.,-9.38470643991999E-35,-2.23722523853936E-16));
#5716=DIRECTION('center_axis',(-2.22044604925031E-16,-5.55111512312578E-17,
-1.));
#5717=DIRECTION('ref_axis',(1.,0.,-2.22044604925031E-16));
#5718=DIRECTION('center_axis',(-2.22044604925031E-16,-5.55111512312578E-17,
-1.));
#5719=DIRECTION('ref_axis',(1.,0.,-2.22044604925031E-16));
#5720=DIRECTION('center_axis',(0.,0.,1.));
#5721=DIRECTION('ref_axis',(1.,0.,0.));
#5722=DIRECTION('center_axis',(0.,0.,-1.));
#5723=DIRECTION('ref_axis',(0.707106781186525,0.70710678118657,0.));
#5724=DIRECTION('center_axis',(0.,0.,-1.));
#5725=DIRECTION('ref_axis',(0.707106781186525,0.70710678118657,0.));
#5726=DIRECTION('center_axis',(0.,0.,-1.));
#5727=DIRECTION('ref_axis',(0.707106781186544,-0.707106781186551,0.));
#5728=DIRECTION('center_axis',(2.22044604925031E-16,5.55111512312578E-17,
1.));
#5729=DIRECTION('ref_axis',(-1.,0.,2.22044604925031E-16));
#5730=DIRECTION('center_axis',(2.22044604925031E-16,5.55111512312578E-17,
1.));
#5731=DIRECTION('ref_axis',(-1.,0.,2.22044604925031E-16));
#5732=DIRECTION('center_axis',(-2.03384112594487E-16,-5.40239049079106E-17,
-1.));
#5733=DIRECTION('ref_axis',(1.,1.00811266320012E-33,-2.03384112594487E-16));
#5734=DIRECTION('center_axis',(0.,0.,1.));
#5735=DIRECTION('ref_axis',(1.,1.00811266320012E-33,-2.03384112594487E-16));
#5736=DIRECTION('center_axis',(2.22044604925031E-16,5.55111512312578E-17,
1.));
#5737=DIRECTION('ref_axis',(1.,1.00811266320012E-33,-2.03384112594487E-16));
#5738=DIRECTION('center_axis',(-2.22044604925031E-16,-5.55111512312578E-17,
-1.));
#5739=DIRECTION('ref_axis',(-1.,0.,2.22044604925031E-16));
#5740=DIRECTION('center_axis',(0.,0.,1.));
#5741=DIRECTION('ref_axis',(1.,0.,0.));
#5742=DIRECTION('center_axis',(0.,0.,-1.));
#5743=DIRECTION('ref_axis',(-0.707106781186518,0.707106781186578,0.));
#5744=DIRECTION('center_axis',(-2.23722523853936E-16,0.,-1.));
#5745=DIRECTION('ref_axis',(1.,0.,-2.23722523853936E-16));
#5746=DIRECTION('center_axis',(0.,0.,1.));
#5747=DIRECTION('ref_axis',(1.,0.,-2.23722523853936E-16));
#5748=DIRECTION('center_axis',(-2.22044604925031E-16,-5.55111512312578E-17,
-1.));
#5749=DIRECTION('ref_axis',(1.,0.,-2.22044604925031E-16));
#5750=DIRECTION('center_axis',(-2.22044604925031E-16,-5.55111512312578E-17,
-1.));
#5751=DIRECTION('ref_axis',(1.,0.,-2.22044604925031E-16));
#5752=DIRECTION('center_axis',(0.,-1.,0.));
#5753=DIRECTION('ref_axis',(-1.,0.,2.22044604925031E-16));
#5754=DIRECTION('',(1.,0.,0.));
#5755=DIRECTION('center_axis',(0.,0.,1.));
#5756=DIRECTION('ref_axis',(1.,0.,0.));
#5757=DIRECTION('center_axis',(0.,0.,1.));
#5758=DIRECTION('ref_axis',(1.,0.,0.));
#5759=DIRECTION('center_axis',(0.,0.,-1.));
#5760=DIRECTION('ref_axis',(-0.707106781186607,-0.707106781186488,0.));
#5761=DIRECTION('center_axis',(0.,0.,-1.));
#5762=DIRECTION('ref_axis',(1.,0.,0.));
#5763=DIRECTION('',(0.,0.,1.));
#5764=DIRECTION('center_axis',(0.,3.05841432820773E-17,-1.));
#5765=DIRECTION('ref_axis',(1.,0.,0.));
#5766=DIRECTION('',(0.,-3.05841432820773E-17,1.));
#5767=DIRECTION('center_axis',(0.,0.,-1.));
#5768=DIRECTION('ref_axis',(1.,0.,0.));
#5769=DIRECTION('',(0.,0.,1.));
#5770=DIRECTION('center_axis',(0.,-1.,0.));
#5771=DIRECTION('ref_axis',(-1.,0.,2.22044604925031E-16));
#5772=DIRECTION('',(0.,0.,-1.));
#5773=DIRECTION('center_axis',(1.,8.14842586880849E-17,0.));
#5774=DIRECTION('ref_axis',(8.14842586880849E-17,-1.,5.55111512312578E-17));
#5775=DIRECTION('center_axis',(-1.,-1.08420217248503E-16,2.08166817117217E-16));
#5776=DIRECTION('ref_axis',(-1.08420217248503E-16,1.,-5.55111512312578E-17));
#5777=DIRECTION('',(-2.08166817117217E-16,0.,-1.));
#5778=DIRECTION('',(-2.08166817117217E-16,0.,-1.));
#5779=DIRECTION('center_axis',(0.,-1.,0.));
#5780=DIRECTION('ref_axis',(-1.,0.,2.22044604925031E-16));
#5781=DIRECTION('',(-2.08166817117217E-16,0.,-1.));
#5782=DIRECTION('center_axis',(1.,1.73472347597549E-16,-2.08166817117217E-16));
#5783=DIRECTION('ref_axis',(1.73472347597549E-16,-1.,5.55111512312578E-17));
#5784=DIRECTION('',(-2.08166817117217E-16,0.,-1.));
#5785=DIRECTION('center_axis',(-3.21964677141295E-13,1.,6.70223620646757E-29));
#5786=DIRECTION('ref_axis',(1.,3.21964677141295E-13,-2.22044604925049E-16));
#5787=DIRECTION('center_axis',(-1.,-1.73472347597681E-16,0.));
#5788=DIRECTION('ref_axis',(-1.73472347597681E-16,1.,-5.55111512312578E-17));
#5789=DIRECTION('',(0.,0.,-1.));
#5790=DIRECTION('',(0.,0.,-1.));
#5791=DIRECTION('center_axis',(3.21964677141295E-13,-1.,0.));
#5792=DIRECTION('ref_axis',(-1.,-3.21964677141295E-13,2.22044604925049E-16));
#5793=DIRECTION('',(0.,0.,-1.));
#5794=DIRECTION('center_axis',(1.,3.46944695195362E-16,0.));
#5795=DIRECTION('ref_axis',(3.46944695195362E-16,-1.,5.55111512312578E-17));
#5796=DIRECTION('',(0.,0.,-1.));
#5797=DIRECTION('center_axis',(-3.21964677141295E-13,1.,0.));
#5798=DIRECTION('ref_axis',(1.,3.21964677141295E-13,-2.22044604925049E-16));
#5799=DIRECTION('center_axis',(-1.,1.73472347597833E-16,0.));
#5800=DIRECTION('ref_axis',(1.73472347597833E-16,1.,-5.55111512312579E-17));
#5801=DIRECTION('',(0.,0.,-1.));
#5802=DIRECTION('',(0.,0.,-1.));
#5803=DIRECTION('center_axis',(3.21964677141295E-13,-1.,0.));
#5804=DIRECTION('ref_axis',(-1.,-3.21964677141295E-13,2.22044604925049E-16));
#5805=DIRECTION('',(0.,0.,-1.));
#5806=DIRECTION('center_axis',(1.,3.46944695195777E-16,0.));
#5807=DIRECTION('ref_axis',(3.46944695195777E-16,-1.,5.55111512312577E-17));
#5808=DIRECTION('',(0.,0.,-1.));
#5809=DIRECTION('center_axis',(0.,1.,0.));
#5810=DIRECTION('ref_axis',(1.,0.,-2.22044604925031E-16));
#5811=DIRECTION('center_axis',(-1.,4.33680868994385E-17,0.));
#5812=DIRECTION('ref_axis',(4.33680868994385E-17,1.,-5.55111512312578E-17));
#5813=DIRECTION('',(0.,0.,-1.));
#5814=DIRECTION('',(0.,0.,-1.));
#5815=DIRECTION('center_axis',(3.21964677141295E-13,-1.,0.));
#5816=DIRECTION('ref_axis',(-1.,-3.21964677141295E-13,2.22044604925049E-16));
#5817=DIRECTION('',(0.,0.,-1.));
#5818=DIRECTION('center_axis',(1.,-1.7347234759781E-16,0.));
#5819=DIRECTION('ref_axis',(-1.7347234759781E-16,-1.,5.55111512312579E-17));
#5820=DIRECTION('',(0.,0.,-1.));
#5821=DIRECTION('center_axis',(0.,1.,0.));
#5822=DIRECTION('ref_axis',(1.,0.,-2.22044604925031E-16));
#5823=DIRECTION('center_axis',(-1.,-8.67361737988405E-17,0.));
#5824=DIRECTION('ref_axis',(-8.67361737988405E-17,1.,-5.55111512312578E-17));
#5825=DIRECTION('',(0.,0.,-1.));
#5826=DIRECTION('',(0.,0.,-1.));
#5827=DIRECTION('center_axis',(3.21964677141295E-13,-1.,0.));
#5828=DIRECTION('ref_axis',(-1.,-3.21964677141295E-13,2.22044604925049E-16));
#5829=DIRECTION('',(0.,0.,-1.));
#5830=DIRECTION('center_axis',(1.,-1.73472347597681E-16,0.));
#5831=DIRECTION('ref_axis',(-1.73472347597681E-16,-1.,5.55111512312579E-17));
#5832=DIRECTION('',(0.,0.,-1.));
#5833=DIRECTION('center_axis',(-3.21964677141295E-13,1.,0.));
#5834=DIRECTION('ref_axis',(1.,3.21964677141295E-13,-2.22044604925049E-16));
#5835=DIRECTION('center_axis',(-1.,-6.93889390391647E-16,0.));
#5836=DIRECTION('ref_axis',(-6.93889390391647E-16,1.,-5.55111512312577E-17));
#5837=DIRECTION('',(0.,0.,-1.));
#5838=DIRECTION('',(0.,0.,-1.));
#5839=DIRECTION('center_axis',(3.21964677141649E-13,-1.,0.));
#5840=DIRECTION('ref_axis',(-1.,-3.21964677141649E-13,2.22044604925049E-16));
#5841=DIRECTION('',(0.,0.,-1.));
#5842=DIRECTION('center_axis',(1.,3.18495230189868E-13,0.));
#5843=DIRECTION('ref_axis',(3.18495230189868E-13,-1.,5.55111512311871E-17));
#5844=DIRECTION('',(0.,0.,-1.));
#5845=DIRECTION('center_axis',(0.,1.,0.));
#5846=DIRECTION('ref_axis',(1.,0.,-2.22044604925031E-16));
#5847=DIRECTION('center_axis',(-1.,-2.16840434497102E-17,0.));
#5848=DIRECTION('ref_axis',(-2.16840434497102E-17,1.,-5.55111512312578E-17));
#5849=DIRECTION('',(0.,0.,-1.));
#5850=DIRECTION('',(0.,0.,-1.));
#5851=DIRECTION('center_axis',(3.21964677141295E-13,-1.,0.));
#5852=DIRECTION('ref_axis',(-1.,-3.21964677141295E-13,2.22044604925049E-16));
#5853=DIRECTION('',(0.,0.,-1.));
#5854=DIRECTION('center_axis',(1.,1.23259516440783E-32,0.));
#5855=DIRECTION('ref_axis',(1.23259516440783E-32,-1.,5.55111512312578E-17));
#5856=DIRECTION('',(0.,0.,-1.));
#5857=DIRECTION('center_axis',(-3.21964677141295E-13,1.,0.));
#5858=DIRECTION('ref_axis',(1.,3.21964677141295E-13,-2.22044604925049E-16));
#5859=DIRECTION('center_axis',(-1.,-1.73472347597526E-16,0.));
#5860=DIRECTION('ref_axis',(-1.73472347597526E-16,1.,-5.55111512312578E-17));
#5861=DIRECTION('',(0.,0.,-1.));
#5862=DIRECTION('',(0.,0.,-1.));
#5863=DIRECTION('center_axis',(0.,-1.,0.));
#5864=DIRECTION('ref_axis',(-1.,0.,2.22044604925031E-16));
#5865=DIRECTION('',(0.,0.,-1.));
#5866=DIRECTION('center_axis',(1.,3.46944695194939E-16,0.));
#5867=DIRECTION('ref_axis',(3.46944695194939E-16,-1.,5.55111512312577E-17));
#5868=DIRECTION('',(0.,0.,-1.));
#5869=DIRECTION('center_axis',(-3.21964677141295E-13,1.,0.));
#5870=DIRECTION('ref_axis',(1.,3.21964677141295E-13,-2.22044604925049E-16));
#5871=DIRECTION('center_axis',(-1.,1.73472347597683E-16,0.));
#5872=DIRECTION('ref_axis',(1.73472347597683E-16,1.,-5.55111512312579E-17));
#5873=DIRECTION('',(0.,0.,-1.));
#5874=DIRECTION('',(0.,0.,-1.));
#5875=DIRECTION('center_axis',(0.,-1.,0.));
#5876=DIRECTION('ref_axis',(-1.,0.,2.22044604925031E-16));
#5877=DIRECTION('',(0.,0.,-1.));
#5878=DIRECTION('center_axis',(1.,8.67361737988136E-17,0.));
#5879=DIRECTION('ref_axis',(8.67361737988136E-17,-1.,5.55111512312578E-17));
#5880=DIRECTION('',(0.,0.,-1.));
#5881=DIRECTION('center_axis',(-3.21964677141295E-13,1.,0.));
#5882=DIRECTION('ref_axis',(1.,3.21964677141295E-13,-2.22044604925049E-16));
#5883=DIRECTION('center_axis',(-1.,-1.23259516440783E-32,0.));
#5884=DIRECTION('ref_axis',(-1.23259516440783E-32,1.,-5.55111512312578E-17));
#5885=DIRECTION('',(0.,0.,-1.));
#5886=DIRECTION('',(0.,0.,-1.));
#5887=DIRECTION('center_axis',(3.21964677141411E-13,-1.,0.));
#5888=DIRECTION('ref_axis',(-1.,-3.21964677141411E-13,2.22044604925049E-16));
#5889=DIRECTION('',(0.,0.,-1.));
#5890=DIRECTION('center_axis',(1.,3.18495230189343E-13,0.));
#5891=DIRECTION('ref_axis',(3.18495230189343E-13,-1.,5.55111512311871E-17));
#5892=DIRECTION('',(0.,0.,-1.));
#5893=DIRECTION('center_axis',(-3.21964677141514E-13,1.,0.));
#5894=DIRECTION('ref_axis',(1.,3.21964677141514E-13,-2.22044604925049E-16));
#5895=DIRECTION('center_axis',(-1.,-1.23259516440783E-32,0.));
#5896=DIRECTION('ref_axis',(-1.23259516440783E-32,1.,-5.55111512312579E-17));
#5897=DIRECTION('',(0.,0.,-1.));
#5898=DIRECTION('',(0.,0.,-1.));
#5899=DIRECTION('center_axis',(3.21964677141295E-13,-1.,0.));
#5900=DIRECTION('ref_axis',(-1.,-3.21964677141295E-13,2.22044604925049E-16));
#5901=DIRECTION('',(0.,0.,-1.));
#5902=DIRECTION('center_axis',(1.,1.23259516440783E-32,0.));
#5903=DIRECTION('ref_axis',(1.23259516440783E-32,-1.,5.55111512312579E-17));
#5904=DIRECTION('',(0.,0.,-1.));
#5905=DIRECTION('center_axis',(-3.21964677141295E-13,1.,0.));
#5906=DIRECTION('ref_axis',(1.,3.21964677141295E-13,-2.22044604925049E-16));
#5907=DIRECTION('center_axis',(0.,1.,0.));
#5908=DIRECTION('ref_axis',(1.,0.,-2.22044604925031E-16));
#5909=DIRECTION('',(0.,0.,-1.));
#5910=DIRECTION('',(0.,0.,-1.));
#5911=DIRECTION('center_axis',(-1.,1.04083408558605E-15,0.));
#5912=DIRECTION('ref_axis',(1.04083408558605E-15,1.,-5.5511151231258E-17));
#5913=DIRECTION('',(0.,0.,-1.));
#5914=DIRECTION('center_axis',(3.21964677141295E-13,-1.,0.));
#5915=DIRECTION('ref_axis',(-1.,-3.21964677141295E-13,2.22044604925049E-16));
#5916=DIRECTION('',(0.,0.,-1.));
#5917=DIRECTION('center_axis',(1.,8.67361737988656E-17,0.));
#5918=DIRECTION('ref_axis',(8.67361737988656E-17,-1.,5.55111512312578E-17));
#5919=DIRECTION('center_axis',(-1.,-1.23259516440783E-32,0.));
#5920=DIRECTION('ref_axis',(-1.23259516440783E-32,1.,-5.55111512312578E-17));
#5921=DIRECTION('',(0.,0.,-1.));
#5922=DIRECTION('',(0.,0.,-1.));
#5923=DIRECTION('center_axis',(3.21964677141295E-13,-1.,0.));
#5924=DIRECTION('ref_axis',(-1.,-3.21964677141295E-13,2.22044604925049E-16));
#5925=DIRECTION('',(0.,0.,-1.));
#5926=DIRECTION('center_axis',(1.,1.73472347597681E-16,0.));
#5927=DIRECTION('ref_axis',(1.73472347597681E-16,-1.,5.55111512312577E-17));
#5928=DIRECTION('',(0.,0.,-1.));
#5929=DIRECTION('center_axis',(-3.21964677141295E-13,1.,0.));
#5930=DIRECTION('ref_axis',(1.,3.21964677141295E-13,-2.22044604925049E-16));
#5931=DIRECTION('center_axis',(-1.,-1.23259516440783E-32,0.));
#5932=DIRECTION('ref_axis',(-1.23259516440783E-32,1.,-5.55111512312578E-17));
#5933=DIRECTION('',(0.,0.,-1.));
#5934=DIRECTION('',(0.,0.,-1.));
#5935=DIRECTION('center_axis',(3.2196467714153E-13,-1.,0.));
#5936=DIRECTION('ref_axis',(-1.,-3.2196467714153E-13,2.22044604925049E-16));
#5937=DIRECTION('',(0.,0.,-1.));
#5938=DIRECTION('center_axis',(1.,3.18495230189342E-13,0.));
#5939=DIRECTION('ref_axis',(3.18495230189342E-13,-1.,5.55111512311871E-17));
#5940=DIRECTION('',(0.,0.,-1.));
#5941=DIRECTION('center_axis',(-3.21964677141632E-13,1.,0.));
#5942=DIRECTION('ref_axis',(1.,3.21964677141632E-13,-2.22044604925049E-16));
#5943=DIRECTION('center_axis',(-1.,-1.23259516440783E-32,0.));
#5944=DIRECTION('ref_axis',(-1.23259516440783E-32,1.,-5.55111512312578E-17));
#5945=DIRECTION('',(0.,0.,-1.));
#5946=DIRECTION('',(0.,0.,-1.));
#5947=DIRECTION('center_axis',(3.21964677141295E-13,-1.,0.));
#5948=DIRECTION('ref_axis',(-1.,-3.21964677141295E-13,2.22044604925049E-16));
#5949=DIRECTION('',(0.,0.,-1.));
#5950=DIRECTION('center_axis',(1.,-8.67361737988405E-17,0.));
#5951=DIRECTION('ref_axis',(-8.67361737988405E-17,-1.,5.55111512312578E-17));
#5952=DIRECTION('',(0.,0.,-1.));
#5953=DIRECTION('center_axis',(-3.21964677141295E-13,1.,0.));
#5954=DIRECTION('ref_axis',(1.,3.21964677141295E-13,-2.22044604925049E-16));
#5955=DIRECTION('center_axis',(-1.,-1.23259516440783E-32,0.));
#5956=DIRECTION('ref_axis',(-1.23259516440783E-32,1.,-5.55111512312578E-17));
#5957=DIRECTION('',(0.,0.,-1.));
#5958=DIRECTION('',(0.,0.,-1.));
#5959=DIRECTION('center_axis',(0.,-1.,0.));
#5960=DIRECTION('ref_axis',(-1.,0.,2.22044604925031E-16));
#5961=DIRECTION('',(0.,0.,-1.));
#5962=DIRECTION('center_axis',(1.,3.1849523018881E-13,0.));
#5963=DIRECTION('ref_axis',(3.1849523018881E-13,-1.,5.55111512311871E-17));
#5964=DIRECTION('',(0.,0.,-1.));
#5965=DIRECTION('center_axis',(-3.21964677141395E-13,1.,0.));
#5966=DIRECTION('ref_axis',(1.,3.21964677141395E-13,-2.22044604925049E-16));
#5967=DIRECTION('center_axis',(0.,-1.,0.));
#5968=DIRECTION('ref_axis',(-1.,0.,2.22044604925031E-16));
#5969=DIRECTION('center_axis',(1.,0.,-2.22044604925031E-16));
#5970=DIRECTION('ref_axis',(2.22044604925031E-16,-5.55111512312578E-17,
1.));
#5971=DIRECTION('',(2.22044604925031E-16,-1.97215226305253E-29,1.));
#5972=DIRECTION('center_axis',(8.88178419700125E-14,1.,0.));
#5973=DIRECTION('ref_axis',(1.,-8.88178419700125E-14,-2.22044604925026E-16));
#5974=DIRECTION('center_axis',(0.,0.,-1.));
#5975=DIRECTION('ref_axis',(-0.707106781186518,0.707106781186578,0.));
#5976=DIRECTION('center_axis',(0.,0.,1.));
#5977=DIRECTION('ref_axis',(-0.707106781186607,-0.707106781186488,0.));
#5978=DIRECTION('center_axis',(0.,0.,-1.));
#5979=DIRECTION('ref_axis',(-0.707106781186516,0.707106781186579,0.));
#5980=DIRECTION('',(0.,0.,1.));
#5981=DIRECTION('center_axis',(-1.,8.57092729504713E-14,0.));
#5982=DIRECTION('ref_axis',(-8.57092729504713E-14,-1.,0.));
#5983=DIRECTION('center_axis',(0.,-1.,0.));
#5984=DIRECTION('ref_axis',(-1.,0.,0.));
#5985=DIRECTION('',(0.,-1.,0.));
#5986=DIRECTION('center_axis',(-1.,0.,0.));
#5987=DIRECTION('ref_axis',(0.,1.,0.));
#5988=DIRECTION('',(0.,0.,-1.));
#5989=DIRECTION('center_axis',(0.,-1.,0.));
#5990=DIRECTION('ref_axis',(-1.,0.,0.));
#5991=DIRECTION('',(2.22044604925031E-16,8.32667268468867E-17,1.));
#5992=DIRECTION('',(1.,0.,0.));
#5993=CARTESIAN_POINT('',(0.,0.,0.));
#5994=CARTESIAN_POINT('',(0.,0.,0.));
#5995=CARTESIAN_POINT('Origin',(-14.5114119385237,-4.22496423884284,22.786156972314));
#5996=CARTESIAN_POINT('',(-23.8228915368134,-5.22496423884206,22.786156972314));
#5997=CARTESIAN_POINT('',(-40.0228915368087,-5.22496423884069,22.786156972314));
#5998=CARTESIAN_POINT('',(-14.5114119385238,-5.22496423884285,22.786156972314));
#5999=CARTESIAN_POINT('',(-40.0228915368086,-4.2249642388407,23.786156972314));
#6000=CARTESIAN_POINT('Origin',(-40.0228915368088,-4.22496423884069,22.786156972314));
#6001=CARTESIAN_POINT('',(-22.8228915368134,-4.22496423884214,23.786156972314));
#6002=CARTESIAN_POINT('',(-14.5114119385237,-4.22496423884284,23.786156972314));
#6003=CARTESIAN_POINT('Origin',(-22.8228915368134,-4.22496423884214,22.786156972314));
#6004=CARTESIAN_POINT('Origin',(-22.8228915368134,-33.612460987352,22.786156972314));
#6005=CARTESIAN_POINT('',(-22.8228915368134,-7.22496423884218,23.786156972314));
#6006=CARTESIAN_POINT('',(-22.8228915368134,-33.612460987352,23.786156972314));
#6007=CARTESIAN_POINT('',(-23.8228915368134,-7.22496423884209,22.786156972314));
#6008=CARTESIAN_POINT('Origin',(-22.8228915368134,-7.22496423884268,22.786156972314));
#6009=CARTESIAN_POINT('',(-23.8228915368134,-33.612460987352,22.786156972314));
#6010=CARTESIAN_POINT('Origin',(-40.0228915368185,-119.999918918999,7.586156972314));
#6011=CARTESIAN_POINT('',(-40.0228915368087,-5.22496423884069,5.78615697231401));
#6012=CARTESIAN_POINT('',(-40.0228915368087,-5.22496423884069,15.686156972314));
#6013=CARTESIAN_POINT('',(-40.0228915368089,-7.22496423884069,5.78615697231401));
#6014=CARTESIAN_POINT('',(-40.0228915368136,-63.11244157892,5.78615697231401));
#6015=CARTESIAN_POINT('',(-40.0228915368089,-7.22496423884074,22.786156972314));
#6016=CARTESIAN_POINT('',(-40.0228915368089,-7.22496423884074,15.686156972314));
#6017=CARTESIAN_POINT('',(-40.0228915368155,-84.9952271976417,22.786156972314));
#6018=CARTESIAN_POINT('',(-40.0228915368159,-89.9999383274274,22.786156972314));
#6019=CARTESIAN_POINT('',(-40.0228915368155,-84.9952271976417,16.786156972314));
#6020=CARTESIAN_POINT('',(-40.0228915368155,-84.9952271976417,15.686156972314));
#6021=CARTESIAN_POINT('',(-40.0228915368158,-87.9952271976417,16.786156972314));
#6022=CARTESIAN_POINT('',(-40.0228915368177,-110.59757305832,16.786156972314));
#6023=CARTESIAN_POINT('',(-40.0228915368158,-87.9952271976417,23.786156972314));
#6024=CARTESIAN_POINT('',(-40.0228915368158,-87.9952271976417,15.686156972314));
#6025=CARTESIAN_POINT('',(-40.0228915368162,-92.6952271976452,23.786156972314));
#6026=CARTESIAN_POINT('',(-40.022891536816,-75.5475924667526,23.786156972314));
#6027=CARTESIAN_POINT('',(-40.0228915368161,-91.1952271976452,22.286156972314));
#6028=CARTESIAN_POINT('Origin',(-40.0228915368185,-92.6952271976452,22.286156972314));
#6029=CARTESIAN_POINT('',(-40.0228915368161,-91.1952271976452,21.786156972314));
#6030=CARTESIAN_POINT('',(-40.0228915368161,-91.1952271976452,14.086156972314));
#6031=CARTESIAN_POINT('',(-40.0228915368162,-92.6952271976452,20.286156972314));
#6032=CARTESIAN_POINT('Origin',(-40.0228915368185,-92.6952271976452,21.786156972314));
#6033=CARTESIAN_POINT('',(-40.0228915368167,-99.1952271976452,20.286156972314));
#6034=CARTESIAN_POINT('',(-40.0228915368173,-105.547573058322,20.286156972314));
#6035=CARTESIAN_POINT('',(-40.0228915368169,-100.695227197645,21.786156972314));
#6036=CARTESIAN_POINT('Origin',(-40.0228915368185,-99.1952271976452,21.786156972314));
#6037=CARTESIAN_POINT('',(-40.0228915368169,-100.695227197645,22.286156972314));
#6038=CARTESIAN_POINT('',(-40.0228915368169,-100.695227197645,14.086156972314));
#6039=CARTESIAN_POINT('',(-40.0228915368167,-99.1952271976452,23.786156972314));
#6040=CARTESIAN_POINT('Origin',(-40.0228915368185,-99.1952271976452,22.286156972314));
#6041=CARTESIAN_POINT('',(-40.0228915368139,-114.395227197642,23.786156972314));
#6042=CARTESIAN_POINT('',(-40.0228915368159,-89.9999383274274,23.786156972314));
#6043=CARTESIAN_POINT('',(-40.0228915368139,-114.395227197642,16.786156972314));
#6044=CARTESIAN_POINT('',(-40.022891536818,-114.395227197642,15.686156972314));
#6045=CARTESIAN_POINT('',(-40.0228915368137,-116.395227197642,16.786156972314));
#6046=CARTESIAN_POINT('',(-40.0228915368177,-110.59757305832,16.786156972314));
#6047=CARTESIAN_POINT('',(-40.0228915368137,-116.395227197642,23.786156972314));
#6048=CARTESIAN_POINT('',(-40.0228915368182,-116.395227197642,15.686156972314));
#6049=CARTESIAN_POINT('',(-40.0228915368184,-118.999918918999,23.786156972314));
#6050=CARTESIAN_POINT('',(-40.0228915368159,-89.9999383274274,23.786156972314));
#6051=CARTESIAN_POINT('',(-40.0228915368184,-118.999918918999,-15.913843027686));
#6052=CARTESIAN_POINT('',(-40.0228915368184,-118.999918918999,23.786156972314));
#6053=CARTESIAN_POINT('',(-40.0228915368185,-119.999918918999,23.786156972314));
#6054=CARTESIAN_POINT('',(-40.0228915368159,-89.9999383274274,23.786156972314));
#6055=CARTESIAN_POINT('',(-40.0228915368185,-119.999918918999,-18.813843027686));
#6056=CARTESIAN_POINT('',(-40.0228915368185,-119.999918918999,7.586156972314));
#6057=CARTESIAN_POINT('',(-40.0228915368082,3.44728734447131E-6,-18.813843027686));
#6058=CARTESIAN_POINT('',(-40.0228915368159,-89.9999383274274,-18.813843027686));
#6059=CARTESIAN_POINT('',(-40.0228915368082,3.44728734447131E-6,23.786156972314));
#6060=CARTESIAN_POINT('',(-40.0228915368082,3.44728735228372E-6,7.586156972314));
#6061=CARTESIAN_POINT('',(-40.0228915368082,-0.999996552712816,23.786156972314));
#6062=CARTESIAN_POINT('',(-40.0228915368159,-89.9999383274274,23.786156972314));
#6063=CARTESIAN_POINT('',(-40.0228915368082,-0.999996552712816,18.786156972314));
#6064=CARTESIAN_POINT('',(-40.0228915368083,-0.999996552712559,23.786156972314));
#6065=CARTESIAN_POINT('',(-40.0228915368082,-0.999996552712819,-15.913843027686));
#6066=CARTESIAN_POINT('',(-40.0228915368083,-0.999996552712559,23.786156972314));
#6067=CARTESIAN_POINT('',(-40.0228915368085,-3.99999664211916,18.786156972314));
#6068=CARTESIAN_POINT('',(-40.0228915368135,-61.2499577582076,18.786156972314));
#6069=CARTESIAN_POINT('',(-40.0228915368085,-3.99999664211916,23.786156972314));
#6070=CARTESIAN_POINT('',(-40.0228915368086,-3.99999664211916,15.686156972314));
#6071=CARTESIAN_POINT('',(-40.0228915368159,-89.9999383274274,23.786156972314));
#6072=CARTESIAN_POINT('Origin',(-40.0228915368087,-5.22496423884069,23.786156972314));
#6073=CARTESIAN_POINT('',(-23.8228915368133,-5.22496423884215,5.78615697231401));
#6074=CARTESIAN_POINT('',(-23.8228915368134,-5.22496423884206,14.786156972314));
#6075=CARTESIAN_POINT('',(-28.922891536811,-5.22496423884163,5.78615697231401));
#6076=CARTESIAN_POINT('Origin',(-23.8228915368134,-7.22496423884408,5.78615697231401));
#6077=CARTESIAN_POINT('',(-23.8228915368134,-7.22496423884408,5.78615697231401));
#6078=CARTESIAN_POINT('',(-23.8228915368134,-7.22496423884209,23.286156972314));
#6079=CARTESIAN_POINT('',(-23.8228915368134,-26.0999642388433,5.78615697231401));
#6080=CARTESIAN_POINT('Origin',(-16.8228915368134,-7.22496423884268,23.786156972314));
#6081=CARTESIAN_POINT('',(-39.0228915368089,-7.22496423884083,23.786156972314));
#6082=CARTESIAN_POINT('',(-2.91141193852628,-7.22496423884384,23.786156972314));
#6083=CARTESIAN_POINT('Origin',(-39.0228915368089,-7.22496423884078,22.786156972314));
#6084=CARTESIAN_POINT('',(-16.8228915368134,-7.22496423884268,5.786156972314));
#6085=CARTESIAN_POINT('Origin',(-17.8228915368166,-44.9749642388426,5.78615697231401));
#6086=CARTESIAN_POINT('Origin',(-18.1228915368198,-82.7249642388426,23.786156972314));
#6087=CARTESIAN_POINT('',(-18.1228915368131,-4.22496423884254,23.786156972314));
#6088=CARTESIAN_POINT('',(-18.1228915368198,-82.7249642388426,23.786156972314));
#6089=CARTESIAN_POINT('',(-18.1228915368189,-71.36246098735,23.786156972314));
#6090=CARTESIAN_POINT('',(-18.1228915368132,-5.22496423884254,22.786156972314));
#6091=CARTESIAN_POINT('Origin',(-18.1228915368132,-4.22496423884254,22.786156972314));
#6092=CARTESIAN_POINT('',(-18.1228915368132,-5.22496423884254,5.78615697231401));
#6093=CARTESIAN_POINT('',(-18.1228915368132,-5.22496423884254,23.786156972314));
#6094=CARTESIAN_POINT('',(-18.1228915368198,-82.7249642388426,5.78615697231401));
#6095=CARTESIAN_POINT('',(-18.1228915368182,-63.8499642388426,5.78615697231401));
#6096=CARTESIAN_POINT('',(-18.1228915368198,-82.7249642388426,23.786156972314));
#6097=CARTESIAN_POINT('Origin',(-17.8228915368166,-44.9749642388426,5.78615697231401));
#6098=CARTESIAN_POINT('',(-36.0228915368153,-82.7249642388442,5.78615697231401));
#6099=CARTESIAN_POINT('',(-18.8228915368198,-82.7249642388425,5.78615697231401));
#6100=CARTESIAN_POINT('',(-16.3228915368132,-5.22496423884269,5.78615697231401));
#6101=CARTESIAN_POINT('',(-16.8228915368132,-5.22496423884265,5.78615697231401));
#6102=CARTESIAN_POINT('',(-16.32289153682,-84.7249642388427,5.78615697231401));
#6103=CARTESIAN_POINT('',(-16.3228915368199,-83.7249642388427,5.78615697231401));
#6104=CARTESIAN_POINT('',(-36.0228915368154,-84.724964238841,5.78615697231401));
#6105=CARTESIAN_POINT('',(-17.82289153682,-84.7249642388426,5.78615697231401));
#6106=CARTESIAN_POINT('',(-36.0228915368153,-63.8499642388434,5.78615697231401));
#6107=CARTESIAN_POINT('Origin',(-16.822891536813,-5.22496423884266,22.786156972314));
#6108=CARTESIAN_POINT('',(-16.82289153682,-84.7249642388427,22.786156972314));
#6109=CARTESIAN_POINT('',(-16.8228915368132,-5.22496423884266,22.786156972314));
#6110=CARTESIAN_POINT('',(-16.8228915368155,-33.6124609873501,22.786156972314));
#6111=CARTESIAN_POINT('',(-16.32289153682,-84.7249642388427,22.786156972314));
#6112=CARTESIAN_POINT('',(-16.82289153682,-84.7249642388427,22.786156972314));
#6113=CARTESIAN_POINT('',(-16.3228915368132,-5.22496423884269,22.786156972314));
#6114=CARTESIAN_POINT('',(-16.3228915368155,-33.6124609873501,22.786156972314));
#6115=CARTESIAN_POINT('',(-16.8228915368132,-5.22496423884266,22.786156972314));
#6116=CARTESIAN_POINT('Origin',(-16.3228915368145,-7.22496423884272,23.786156972314));
#6117=CARTESIAN_POINT('',(-16.32289153682,-84.7249642388427,23.786156972314));
#6118=CARTESIAN_POINT('',(-16.3228915368132,-5.22496423884269,23.786156972314));
#6119=CARTESIAN_POINT('Origin',(6.984513767858,-33.175006350013,23.086156972314));
#6120=CARTESIAN_POINT('',(-13.925486232142,-5.925006350013,23.086156972314));
#6121=CARTESIAN_POINT('',(-13.925486232142,-60.425006350013,23.086156972314));
#6122=CARTESIAN_POINT('',(-13.925486232142,-46.800006350013,23.086156972314));
#6123=CARTESIAN_POINT('',(27.894513767858,-5.925006350013,23.086156972314));
#6124=CARTESIAN_POINT('',(-3.470486232142,-5.925006350013,23.086156972314));
#6125=CARTESIAN_POINT('',(27.894513767858,-60.425006350013,23.086156972314));
#6126=CARTESIAN_POINT('',(27.894513767858,-19.550006350013,23.086156972314));
#6127=CARTESIAN_POINT('',(17.439513767858,-60.425006350013,23.086156972314));
#6128=CARTESIAN_POINT('',(-12.425486232142,-58.925006350013,23.086156972314));
#6129=CARTESIAN_POINT('',(-12.425486232142,-7.425006350013,23.086156972314));
#6130=CARTESIAN_POINT('',(-12.425486232142,-46.050006350013,23.086156972314));
#6131=CARTESIAN_POINT('',(26.394513767858,-58.925006350013,23.086156972314));
#6132=CARTESIAN_POINT('',(16.689513767858,-58.925006350013,23.086156972314));
#6133=CARTESIAN_POINT('',(26.394513767858,-7.425006350013,23.086156972314));
#6134=CARTESIAN_POINT('',(26.394513767858,-20.300006350013,23.086156972314));
#6135=CARTESIAN_POINT('',(-2.720486232142,-7.425006350013,23.086156972314));
#6136=CARTESIAN_POINT('Origin',(-12.425486232142,-7.425006350013,25.786156972314));
#6137=CARTESIAN_POINT('',(26.394513767858,-7.425006350013,25.786156972314));
#6138=CARTESIAN_POINT('',(26.394513767858,-7.425006350013,23.786156972314));
#6139=CARTESIAN_POINT('',(-12.425486232142,-7.425006350013,25.786156972314));
#6140=CARTESIAN_POINT('',(-0.712709286192783,-7.425006350013,25.786156972314));
#6141=CARTESIAN_POINT('',(-12.425486232142,-7.425006350013,23.786156972314));
#6142=CARTESIAN_POINT('Origin',(26.394513767858,-7.425006350013,25.786156972314));
#6143=CARTESIAN_POINT('',(26.394513767858,-58.925006350013,25.786156972314));
#6144=CARTESIAN_POINT('',(26.394513767858,-58.925006350013,25.786156972314));
#6145=CARTESIAN_POINT('',(26.394513767858,-33.7124820429365,25.786156972314));
#6146=CARTESIAN_POINT('Origin',(-13.925486232142,-5.925006350013,23.786156972314));
#6147=CARTESIAN_POINT('',(-13.925486232142,-5.925006350013,23.786156972314));
#6148=CARTESIAN_POINT('',(-13.925486232142,-5.925006350013,23.786156972314));
#6149=CARTESIAN_POINT('',(27.894513767858,-5.925006350013,23.786156972314));
#6150=CARTESIAN_POINT('',(-1.46270928619279,-5.925006350013,23.786156972314));
#6151=CARTESIAN_POINT('',(27.894513767858,-5.925006350013,23.786156972314));
#6152=CARTESIAN_POINT('Origin',(-13.925486232142,-60.425006350013,23.786156972314));
#6153=CARTESIAN_POINT('',(-13.925486232142,-60.425006350013,23.786156972314));
#6154=CARTESIAN_POINT('',(-13.925486232142,-60.425006350013,23.786156972314));
#6155=CARTESIAN_POINT('',(-13.925486232142,-60.2124820429365,23.786156972314));
#6156=CARTESIAN_POINT('Origin',(41.3604132752558,-67.5844477265495,23.7858801876836));
#6157=CARTESIAN_POINT('',(49.1104132752558,-68.5844477265495,23.7860185799988));
#6158=CARTESIAN_POINT('',(49.1104132752558,-66.5844477265495,23.7858801876836));
#6159=CARTESIAN_POINT('',(49.1104132752558,-67.0844477265495,23.7858801876836));
#6160=CARTESIAN_POINT('',(33.6104132752558,-68.5844477265495,23.786156972314));
#6161=CARTESIAN_POINT('',(30.0552404675061,-68.5844477265495,23.786156972314));
#6162=CARTESIAN_POINT('',(33.6104132752558,-66.5844477265495,23.7860185797384));
#6163=CARTESIAN_POINT('',(33.6104132752558,-64.2922027312048,23.786156972314));
#6164=CARTESIAN_POINT('',(37.4854132752558,-66.5844477265495,23.7858801876836));
#6165=CARTESIAN_POINT('Origin',(41.1656662830764,-32.1327412236341,23.7858801876836));
#6166=CARTESIAN_POINT('',(48.9545297292312,-15.511877503566,23.7860185799988));
#6167=CARTESIAN_POINT('',(48.9545297292312,-13.511877503566,23.7858801876836));
#6168=CARTESIAN_POINT('',(48.9545297292312,-22.8223093636,23.7858801876836));
#6169=CARTESIAN_POINT('',(33.4545297292312,-15.511877503566,23.786156972314));
#6170=CARTESIAN_POINT('',(29.9772986944938,-15.511877503566,23.786156972314));
#6171=CARTESIAN_POINT('',(33.4545297292312,-13.511877503566,23.7860185797384));
#6172=CARTESIAN_POINT('',(33.4545297292312,-37.755917619713,23.786156972314));
#6173=CARTESIAN_POINT('',(37.3100980061538,-13.511877503566,23.7858801876836));
#6174=CARTESIAN_POINT('Origin',(41.1656662830764,-32.1327412236341,23.7858801876836));
#6175=CARTESIAN_POINT('',(48.8768028369215,-50.7536049437022,23.7860185799988));
#6176=CARTESIAN_POINT('',(48.8768028369215,-48.7536049437022,23.7858801876836));
#6177=CARTESIAN_POINT('',(48.8768028369215,-40.4431730836681,23.7858801876836));
#6178=CARTESIAN_POINT('',(33.3768028369215,-50.7536049437022,23.786156972314));
#6179=CARTESIAN_POINT('',(29.938435248339,-50.7536049437022,23.786156972314));
#6180=CARTESIAN_POINT('',(33.3768028369215,-48.7536049437022,23.7860185797384));
#6181=CARTESIAN_POINT('',(33.3768028369215,-55.3767813397811,23.786156972314));
#6182=CARTESIAN_POINT('',(37.271234559999,-48.7536049437022,23.7858801876836));
#6183=CARTESIAN_POINT('Origin',(6.4067713740562,0.142128730039273,9.28588018768357));
#6184=CARTESIAN_POINT('',(-8.00000011697062,2.00000344728721,9.28588018768357));
#6185=CARTESIAN_POINT('',(-8.00000011697062,-1.71574598720866,9.28588018768357));
#6186=CARTESIAN_POINT('',(-8.00000011697061,-0.696800775797095,9.28588018768357));
#6187=CARTESIAN_POINT('',(20.813542865083,2.00000344728721,9.28588018768357));
#6188=CARTESIAN_POINT('',(-11.796560081376,2.00000344728721,9.28588018768357));
#6189=CARTESIAN_POINT('',(20.813542865083,-1.71574598720866,9.28588018768357));
#6190=CARTESIAN_POINT('',(20.813542865083,1.07106608866324,9.28588018768357));
#6191=CARTESIAN_POINT('',(13.6101571195696,-1.71574598720866,9.28588018768357));
#6192=CARTESIAN_POINT('Origin',(-8.00000011697061,-1.53573028163346,23.786156972314));
#6193=CARTESIAN_POINT('',(-8.00000011697061,-1.71574598720866,22.786156972314));
#6194=CARTESIAN_POINT('',(-8.00000011697061,-1.71574598720866,23.786156972314));
#6195=CARTESIAN_POINT('',(-8.00000011697061,2.00000344728721,22.786156972314));
#6196=CARTESIAN_POINT('',(-8.00000011697061,-30.7678440087467,22.786156972314));
#6197=CARTESIAN_POINT('',(-8.00000011697061,2.00000344728721,15.686156972314));
#6198=CARTESIAN_POINT('Origin',(37.8141278554575,-2.37781377303835,13.2858801876836));
#6199=CARTESIAN_POINT('',(36.3141278554575,-2.37781377303835,13.2858801876836));
#6200=CARTESIAN_POINT('Origin',(37.8141278554575,-2.37781377303835,13.2858801876836));
#6201=CARTESIAN_POINT('Origin',(37.8141278554575,-2.37781377303835,9.28588018768357));
#6202=CARTESIAN_POINT('',(35.3141253154525,-2.37781377303835,9.28588018768357));
#6203=CARTESIAN_POINT('Origin',(37.8141278554575,-2.37781377303835,9.28588018768357));
#6204=CARTESIAN_POINT('',(36.3141278554575,-2.37781377303835,9.28588018768356));
#6205=CARTESIAN_POINT('Origin',(37.8141278554575,-2.37781377303835,9.28588018768357));
#6206=CARTESIAN_POINT('Origin',(33.8141634046435,-83.3779737933584,13.2858801876836));
#6207=CARTESIAN_POINT('',(32.3141634046435,-83.3779737933584,13.2858801876836));
#6208=CARTESIAN_POINT('Origin',(33.8141634046435,-83.3779737933584,13.2858801876836));
#6209=CARTESIAN_POINT('Origin',(33.8141634046435,-83.3779737933584,9.28588018768357));
#6210=CARTESIAN_POINT('',(30.8141608646385,-83.3779737933584,9.28588018768357));
#6211=CARTESIAN_POINT('Origin',(33.8141634046435,-83.3779737933584,9.28588018768357));
#6212=CARTESIAN_POINT('',(32.3141634046435,-83.3779737933584,9.28588018768357));
#6213=CARTESIAN_POINT('Origin',(33.8141634046435,-83.3779737933584,9.28588018768357));
#6214=CARTESIAN_POINT('Origin',(49.8141944247055,-83.3779737933584,13.2858801876836));
#6215=CARTESIAN_POINT('',(48.3141944247055,-83.3779737933583,13.2858801876836));
#6216=CARTESIAN_POINT('Origin',(49.8141944247055,-83.3779737933583,13.2858801876836));
#6217=CARTESIAN_POINT('Origin',(21.8141398145965,-42.8778937831984,9.28588018768357));
#6218=CARTESIAN_POINT('',(46.8141918847005,-83.3779737933583,9.28588018768357));
#6219=CARTESIAN_POINT('Origin',(49.8141944247055,-83.3779737933583,9.28588018768357));
#6220=CARTESIAN_POINT('',(48.3141944247055,-83.3779737933583,9.28588018768356));
#6221=CARTESIAN_POINT('Origin',(49.8141944247055,-83.3779737933583,9.28588018768357));
#6222=CARTESIAN_POINT('Origin',(-14.5114119385285,-99.1952271976452,22.286156972314));
#6223=CARTESIAN_POINT('',(-42.0228915368169,-100.695227197645,22.286156972314));
#6224=CARTESIAN_POINT('',(-14.5114119385285,-100.695227197645,22.286156972314));
#6225=CARTESIAN_POINT('',(-42.0228915368167,-99.1952271976452,23.786156972314));
#6226=CARTESIAN_POINT('Origin',(-42.0228915368082,-99.1952271976452,22.286156972314));
#6227=CARTESIAN_POINT('',(-14.5114119385285,-99.1952271976452,23.786156972314));
#6228=CARTESIAN_POINT('Origin',(-40.0228915368134,-100.695227197645,20.586156972314));
#6229=CARTESIAN_POINT('',(-42.0228915368169,-100.695227197645,21.786156972314));
#6230=CARTESIAN_POINT('',(-40.0228915368134,-100.695227197645,21.786156972314));
#6231=CARTESIAN_POINT('',(-42.0228915368169,-100.695227197645,14.086156972314));
#6232=CARTESIAN_POINT('Origin',(-14.5114119385285,-92.6952271976452,22.286156972314));
#6233=CARTESIAN_POINT('',(-42.0228915368162,-92.6952271976452,23.786156972314));
#6234=CARTESIAN_POINT('',(-14.5114119385285,-92.6952271976452,23.786156972314));
#6235=CARTESIAN_POINT('',(-42.022891536816,-91.1952271976452,22.286156972314));
#6236=CARTESIAN_POINT('Origin',(-42.0228915368082,-92.6952271976452,22.286156972314));
#6237=CARTESIAN_POINT('',(-14.5114119385285,-91.1952271976452,22.286156972314));
#6238=CARTESIAN_POINT('Origin',(11.0000676597564,-59.99995773586,23.786156972314));
#6239=CARTESIAN_POINT('',(-34.0228914474016,-3.99999664211978,23.786156972314));
#6240=CARTESIAN_POINT('',(-13.011411938523,-3.99999664212194,23.786156972314));
#6241=CARTESIAN_POINT('',(-34.0228914474016,1.00000344728719,23.786156972314));
#6242=CARTESIAN_POINT('',(-34.0228914474015,-30.4999771455118,23.786156972314));
#6243=CARTESIAN_POINT('',(-9.00000011697061,1.00000344728721,23.786156972314));
#6244=CARTESIAN_POINT('',(-9.49991193852593,1.00000344728721,23.786156972314));
#6245=CARTESIAN_POINT('',(-9.00000011697061,-2.71574598720866,23.786156972314));
#6246=CARTESIAN_POINT('',(-9.00000011697061,-30.7678440087467,23.786156972314));
#6247=CARTESIAN_POINT('',(21.813542865083,-2.71574598720866,23.786156972314));
#6248=CARTESIAN_POINT('',(15.9068052624197,-2.71574598720866,23.786156972314));
#6249=CARTESIAN_POINT('',(21.813542865083,2.00000344728723,23.786156972314));
#6250=CARTESIAN_POINT('',(21.813542865083,-28.9999771442864,23.786156972314));
#6251=CARTESIAN_POINT('',(55.0000268563242,2.00000344728726,23.786156972314));
#6252=CARTESIAN_POINT('',(-9.49991193852593,2.0000034472872,23.786156972314));
#6253=CARTESIAN_POINT('',(55.0000268563242,-4.0000000640978,23.786156972314));
#6254=CARTESIAN_POINT('Origin',(55.0000268563242,-0.999996552712732,23.786156972314));
#6255=CARTESIAN_POINT('',(57.0000268563244,-4.00000006409768,23.786156972314));
#6256=CARTESIAN_POINT('',(34.5000472580387,-4.00000006409905,23.786156972314));
#6257=CARTESIAN_POINT('',(57.0000268563311,-116.000001733028,23.786156972314));
#6258=CARTESIAN_POINT('',(57.000026856326,-29.9999771442848,23.786156972314));
#6259=CARTESIAN_POINT('',(55.0223176002465,-116.000001733028,23.786156972314));
#6260=CARTESIAN_POINT('',(33.0111926300035,-116.000001733029,23.786156972314));
#6261=CARTESIAN_POINT('',(52.0025675270888,-119.123359469623,23.786156972314));
#6262=CARTESIAN_POINT('Origin',(55.0000268563314,-118.999918919007,23.786156972314));
#6263=CARTESIAN_POINT('',(52.0025675270886,-120.999918919007,23.786156972314));
#6264=CARTESIAN_POINT('',(52.0025675270912,-90.9999383274354,23.786156972314));
#6265=CARTESIAN_POINT('',(-34.0635980120799,-120.999918919,23.786156972314));
#6266=CARTESIAN_POINT('',(31.5000472580411,-120.999918919005,23.786156972314));
#6267=CARTESIAN_POINT('',(-34.0635980120799,-120.868763972619,23.786156972314));
#6268=CARTESIAN_POINT('',(-34.0635980120772,-89.7462013141103,23.786156972314));
#6269=CARTESIAN_POINT('',(-34.2264164773824,-116.895227197642,23.786156972314));
#6270=CARTESIAN_POINT('Origin',(-37.0228915368185,-118.999918918999,23.786156972314));
#6271=CARTESIAN_POINT('',(-29.7228915368158,-116.895227197642,23.786156972314));
#6272=CARTESIAN_POINT('',(-4.01141193852968,-116.895227197642,23.786156972314));
#6273=CARTESIAN_POINT('',(-29.7228915368158,-114.395227197642,23.786156972314));
#6274=CARTESIAN_POINT('',(-29.7228915368158,-87.1975924667503,23.786156972314));
#6275=CARTESIAN_POINT('',(-14.5114119385287,-114.395227197642,23.786156972314));
#6276=CARTESIAN_POINT('',(-42.0228915368125,-50.0976118751786,23.786156972314));
#6277=CARTESIAN_POINT('',(-20.0228915368158,-87.9952271976417,23.786156972314));
#6278=CARTESIAN_POINT('',(-5.01141193852968,-87.9952271976417,23.786156972314));
#6279=CARTESIAN_POINT('',(-20.0228915368141,-96.6952271976417,23.786156972314));
#6280=CARTESIAN_POINT('',(-20.0228915368158,-87.1975924667508,23.786156972314));
#6281=CARTESIAN_POINT('',(-17.7228915368158,-96.6952271976417,23.786156972314));
#6282=CARTESIAN_POINT('',(-4.01141193852883,-96.6952271976417,23.786156972314));
#6283=CARTESIAN_POINT('',(-17.7228915368158,-85.8612526014262,23.786156972314));
#6284=CARTESIAN_POINT('',(-17.7228915368158,-72.9975924667509,23.786156972314));
#6285=CARTESIAN_POINT('',(-17.7228915368158,-85.7249642388426,23.786156972314));
#6286=CARTESIAN_POINT('',(-17.7228915368158,-72.9975924667509,23.786156972314));
#6287=CARTESIAN_POINT('',(-15.8228915368201,-85.7249642388427,23.786156972314));
#6288=CARTESIAN_POINT('',(-2.91141193853292,-85.7249642388438,23.786156972314));
#6289=CARTESIAN_POINT('',(-15.8228915368129,-4.22496423884274,23.786156972314));
#6290=CARTESIAN_POINT('',(-15.8228915368155,-33.6124609873502,23.786156972314));
#6291=CARTESIAN_POINT('',(-14.5114119385237,-4.22496423884285,23.786156972314));
#6292=CARTESIAN_POINT('',(-37.0228915368153,-82.7249642388409,23.786156972314));
#6293=CARTESIAN_POINT('',(-14.5114119385305,-82.7249642388429,23.786156972314));
#6294=CARTESIAN_POINT('',(-37.0228915368153,-84.9952271976417,23.786156972314));
#6295=CARTESIAN_POINT('',(-37.0228915368153,-71.3624609873521,23.786156972314));
#6296=CARTESIAN_POINT('',(-39.0228915368155,-84.9952271976417,23.786156972314));
#6297=CARTESIAN_POINT('',(-14.5114119385286,-84.9952271976417,23.786156972314));
#6298=CARTESIAN_POINT('',(-39.0228915368159,-89.9999383274275,23.786156972314));
#6299=CARTESIAN_POINT('',(27.894513767858,-60.425006350013,23.786156972314));
#6300=CARTESIAN_POINT('',(19.4472907138072,-60.425006350013,23.786156972314));
#6301=CARTESIAN_POINT('',(27.894513767858,-32.9624820429365,23.786156972314));
#6302=CARTESIAN_POINT('',(14.73451388107,-110.431153874122,23.786156972314));
#6303=CARTESIAN_POINT('',(14.73451388107,-104.031153874115,23.786156972314));
#6304=CARTESIAN_POINT('',(14.73451388107,-82.0155558049873,23.786156972314));
#6305=CARTESIAN_POINT('',(8.33451388106996,-104.031153874117,23.786156972314));
#6306=CARTESIAN_POINT('',(9.66729077042029,-104.031153874116,23.786156972314));
#6307=CARTESIAN_POINT('',(8.33451388106997,-110.431153874122,23.786156972314));
#6308=CARTESIAN_POINT('',(8.33451388106996,-85.2155558049912,23.786156972314));
#6309=CARTESIAN_POINT('',(12.8672907704132,-110.431153874122,23.786156972314));
#6310=CARTESIAN_POINT('',(5.63451388106997,-110.431153874122,23.786156972314));
#6311=CARTESIAN_POINT('',(5.63451388106996,-104.031153874117,23.786156972314));
#6312=CARTESIAN_POINT('',(5.63451388106996,-82.0155558049887,23.786156972314));
#6313=CARTESIAN_POINT('',(-0.765486118930037,-104.03115387412,23.786156972314));
#6314=CARTESIAN_POINT('',(5.11729077042029,-104.031153874118,23.786156972314));
#6315=CARTESIAN_POINT('',(-0.765486118930036,-110.431153874122,23.786156972314));
#6316=CARTESIAN_POINT('',(-0.765486118930039,-85.2155558049912,23.786156972314));
#6317=CARTESIAN_POINT('',(8.3172907704132,-110.431153874122,23.786156972314));
#6318=CARTESIAN_POINT('',(-3.46548611893004,-110.431153874122,23.786156972314));
#6319=CARTESIAN_POINT('',(-3.46548611893004,-104.03115387412,23.786156972314));
#6320=CARTESIAN_POINT('',(-3.46548611893004,-82.0155558049902,23.786156972314));
#6321=CARTESIAN_POINT('',(-9.86548611893004,-104.031153874122,23.786156972314));
#6322=CARTESIAN_POINT('',(0.567290770420281,-104.031153874119,23.786156972314));
#6323=CARTESIAN_POINT('',(-9.86548611893005,-110.431153874122,23.786156972314));
#6324=CARTESIAN_POINT('',(-9.86548611893004,-85.2155558049912,23.786156972314));
#6325=CARTESIAN_POINT('',(3.7672907704132,-110.431153874122,23.786156972314));
#6326=CARTESIAN_POINT('',(17.43451388107,-104.031153874114,23.786156972314));
#6327=CARTESIAN_POINT('',(17.43451388107,-110.431153874122,23.786156972314));
#6328=CARTESIAN_POINT('',(17.43451388107,-85.2155558049912,23.786156972314));
#6329=CARTESIAN_POINT('',(23.83451388107,-110.431153874122,23.786156972314));
#6330=CARTESIAN_POINT('',(17.4172907704132,-110.431153874122,23.786156972314));
#6331=CARTESIAN_POINT('',(23.834513881068,-104.031153874112,23.786156972314));
#6332=CARTESIAN_POINT('',(23.834513881061,-82.0155558049838,23.786156972314));
#6333=CARTESIAN_POINT('',(14.2172907704203,-104.031153874115,23.786156972314));
#6334=CARTESIAN_POINT('',(46.8141918847005,-83.3779737933583,23.786156972314));
#6335=CARTESIAN_POINT('Origin',(49.8141944247055,-83.3779737933583,23.786156972314));
#6336=CARTESIAN_POINT('',(30.8141608646385,-83.3779737933584,23.786156972314));
#6337=CARTESIAN_POINT('Origin',(33.8141634046435,-83.3779737933584,23.786156972314));
#6338=CARTESIAN_POINT('',(23.8345138810629,-88.2311538741116,23.786156972314));
#6339=CARTESIAN_POINT('',(23.8345138810609,-81.8311538741222,23.786156972314));
#6340=CARTESIAN_POINT('',(23.8345138810574,-70.9155558049891,23.786156972314));
#6341=CARTESIAN_POINT('',(17.43451388107,-81.8311538741222,23.786156972314));
#6342=CARTESIAN_POINT('',(14.2172907704132,-81.8311538741222,23.786156972314));
#6343=CARTESIAN_POINT('',(17.43451388107,-88.2311538741137,23.786156972314));
#6344=CARTESIAN_POINT('',(17.43451388107,-74.1155558049868,23.786156972314));
#6345=CARTESIAN_POINT('',(17.4172907704142,-88.2311538741137,23.786156972314));
#6346=CARTESIAN_POINT('',(14.73451388107,-88.2311538741146,23.786156972314));
#6347=CARTESIAN_POINT('',(14.73451388107,-81.8311538741222,23.786156972314));
#6348=CARTESIAN_POINT('',(14.73451388107,-70.9155558049911,23.786156972314));
#6349=CARTESIAN_POINT('',(8.33451388106996,-81.8311538741222,23.786156972314));
#6350=CARTESIAN_POINT('',(9.6672907704132,-81.8311538741222,23.786156972314));
#6351=CARTESIAN_POINT('',(8.33451388106996,-88.2311538741166,23.786156972314));
#6352=CARTESIAN_POINT('',(8.33451388106997,-74.1155558049883,23.786156972314));
#6353=CARTESIAN_POINT('',(12.8672907704177,-88.2311538741152,23.786156972314));
#6354=CARTESIAN_POINT('',(5.63451388106996,-88.2311538741175,23.786156972314));
#6355=CARTESIAN_POINT('',(5.63451388106996,-81.8311538741222,23.786156972314));
#6356=CARTESIAN_POINT('',(5.63451388106997,-70.9155558049911,23.786156972314));
#6357=CARTESIAN_POINT('',(-0.765486118930038,-81.8311538741222,23.786156972314));
#6358=CARTESIAN_POINT('',(5.1172907704132,-81.8311538741222,23.786156972314));
#6359=CARTESIAN_POINT('',(-0.765486118930038,-88.2311538741195,23.786156972314));
#6360=CARTESIAN_POINT('',(-0.765486118930035,-74.1155558049897,23.786156972314));
#6361=CARTESIAN_POINT('',(8.31729077041774,-88.2311538741166,23.786156972314));
#6362=CARTESIAN_POINT('',(-3.46548611893004,-88.2311538741204,23.786156972314));
#6363=CARTESIAN_POINT('',(-3.46548611893004,-81.8311538741222,23.786156972314));
#6364=CARTESIAN_POINT('',(-3.46548611893004,-70.9155558049911,23.786156972314));
#6365=CARTESIAN_POINT('',(-9.86548611893004,-81.8311538741222,23.786156972314));
#6366=CARTESIAN_POINT('',(0.567290770413196,-81.8311538741222,23.786156972314));
#6367=CARTESIAN_POINT('',(-9.86548611893005,-88.2311538741224,23.786156972314));
#6368=CARTESIAN_POINT('',(-9.86548611893003,-74.1155558049912,23.786156972314));
#6369=CARTESIAN_POINT('',(3.76729077041774,-88.231153874118,23.786156972314));
#6370=CARTESIAN_POINT('',(14.73451388107,-103.031153874115,23.786156972314));
#6371=CARTESIAN_POINT('',(14.73451388107,-96.6311538741146,23.786156972314));
#6372=CARTESIAN_POINT('',(14.73451388107,-78.3155558049873,23.786156972314));
#6373=CARTESIAN_POINT('',(8.33451388106996,-96.6311538741166,23.786156972314));
#6374=CARTESIAN_POINT('',(9.6672907704191,-96.6311538741162,23.786156972314));
#6375=CARTESIAN_POINT('',(8.33451388106997,-103.031153874117,23.786156972314));
#6376=CARTESIAN_POINT('',(8.33451388106996,-81.5155558049883,23.786156972314));
#6377=CARTESIAN_POINT('',(12.8672907704201,-103.031153874115,23.786156972314));
#6378=CARTESIAN_POINT('',(5.63451388106996,-103.031153874117,23.786156972314));
#6379=CARTESIAN_POINT('',(5.63451388106996,-96.6311538741175,23.786156972314));
#6380=CARTESIAN_POINT('',(5.63451388106996,-78.3155558049887,23.786156972314));
#6381=CARTESIAN_POINT('',(-0.765486118930037,-96.6311538741195,23.786156972314));
#6382=CARTESIAN_POINT('',(5.11729077041909,-96.6311538741176,23.786156972314));
#6383=CARTESIAN_POINT('',(-0.765486118930037,-103.03115387412,23.786156972314));
#6384=CARTESIAN_POINT('',(-0.765486118930037,-81.5155558049897,23.786156972314));
#6385=CARTESIAN_POINT('',(8.31729077042013,-103.031153874117,23.786156972314));
#6386=CARTESIAN_POINT('',(-3.46548611893004,-103.03115387412,23.786156972314));
#6387=CARTESIAN_POINT('',(-3.46548611893004,-96.6311538741204,23.786156972314));
#6388=CARTESIAN_POINT('',(-3.46548611893004,-78.3155558049902,23.786156972314));
#6389=CARTESIAN_POINT('',(-9.86548611893005,-96.6311538741224,23.786156972314));
#6390=CARTESIAN_POINT('',(0.567290770419089,-96.6311538741191,23.786156972314));
#6391=CARTESIAN_POINT('',(-9.86548611893005,-103.031153874122,23.786156972314));
#6392=CARTESIAN_POINT('',(-9.86548611893004,-81.5155558049912,23.786156972314));
#6393=CARTESIAN_POINT('',(3.76729077042012,-103.031153874118,23.786156972314));
#6394=CARTESIAN_POINT('',(17.43451388107,-96.6311538741137,23.786156972314));
#6395=CARTESIAN_POINT('',(17.43451388107,-103.031153874114,23.786156972314));
#6396=CARTESIAN_POINT('',(17.43451388107,-81.5155558049868,23.786156972314));
#6397=CARTESIAN_POINT('',(23.8345138810677,-103.031153874112,23.786156972314));
#6398=CARTESIAN_POINT('',(17.417290770419,-103.031153874114,23.786156972314));
#6399=CARTESIAN_POINT('',(23.8345138810656,-96.6311538741117,23.786156972314));
#6400=CARTESIAN_POINT('',(23.8345138810598,-78.3155558049838,23.786156972314));
#6401=CARTESIAN_POINT('',(14.2172907704191,-96.6311538741148,23.786156972314));
#6402=CARTESIAN_POINT('',(35.3141253154525,-2.37781377303835,23.786156972314));
#6403=CARTESIAN_POINT('Origin',(37.8141278554575,-2.37781377303835,23.786156972314));
#6404=CARTESIAN_POINT('',(-0.765486118930038,-89.2311538741195,23.786156972314));
#6405=CARTESIAN_POINT('',(-0.765486118930037,-95.6311538741195,23.786156972314));
#6406=CARTESIAN_POINT('',(-0.765486118930038,-77.8155558049897,23.786156972314));
#6407=CARTESIAN_POINT('',(5.63451388106996,-95.6311538741175,23.786156972314));
#6408=CARTESIAN_POINT('',(8.31729077041893,-95.6311538741166,23.786156972314));
#6409=CARTESIAN_POINT('',(5.63451388106996,-89.2311538741175,23.786156972314));
#6410=CARTESIAN_POINT('',(5.63451388106997,-74.6155558049887,23.786156972314));
#6411=CARTESIAN_POINT('',(5.1172907704179,-89.2311538741177,23.786156972314));
#6412=CARTESIAN_POINT('',(8.33451388106996,-89.2311538741166,23.786156972314));
#6413=CARTESIAN_POINT('',(8.33451388106996,-95.6311538741166,23.786156972314));
#6414=CARTESIAN_POINT('',(8.33451388106996,-77.8155558049883,23.786156972314));
#6415=CARTESIAN_POINT('',(14.73451388107,-95.6311538741146,23.786156972314));
#6416=CARTESIAN_POINT('',(12.8672907704189,-95.6311538741152,23.786156972314));
#6417=CARTESIAN_POINT('',(14.73451388107,-89.2311538741146,23.786156972314));
#6418=CARTESIAN_POINT('',(14.73451388107,-74.6155558049873,23.786156972314));
#6419=CARTESIAN_POINT('',(9.6672907704179,-89.2311538741162,23.786156972314));
#6420=CARTESIAN_POINT('',(-9.86548611893005,-89.2311538741224,23.786156972314));
#6421=CARTESIAN_POINT('',(-9.86548611893005,-95.6311538741224,23.786156972314));
#6422=CARTESIAN_POINT('',(-9.86548611893004,-77.8155558049912,23.786156972314));
#6423=CARTESIAN_POINT('',(-3.46548611893004,-95.6311538741204,23.786156972314));
#6424=CARTESIAN_POINT('',(3.76729077041893,-95.631153874118,23.786156972314));
#6425=CARTESIAN_POINT('',(-3.46548611893004,-89.2311538741204,23.786156972314));
#6426=CARTESIAN_POINT('',(-3.46548611893004,-74.6155558049902,23.786156972314));
#6427=CARTESIAN_POINT('',(0.567290770417898,-89.2311538741191,23.786156972314));
#6428=CARTESIAN_POINT('',(17.43451388107,-89.2311538741137,23.786156972314));
#6429=CARTESIAN_POINT('',(17.43451388107,-95.6311538741137,23.786156972314));
#6430=CARTESIAN_POINT('',(17.43451388107,-77.8155558049868,23.786156972314));
#6431=CARTESIAN_POINT('',(23.8345138810653,-95.6311538741117,23.786156972314));
#6432=CARTESIAN_POINT('',(17.4172907704166,-95.6311538741137,23.786156972314));
#6433=CARTESIAN_POINT('',(23.8345138810633,-89.2311538741117,23.786156972314));
#6434=CARTESIAN_POINT('',(23.8345138810586,-74.6155558049838,23.786156972314));
#6435=CARTESIAN_POINT('',(14.2172907704179,-89.2311538741148,23.786156972314));
#6436=CARTESIAN_POINT('',(-20.0228915368158,-114.395227197642,23.786156972314));
#6437=CARTESIAN_POINT('',(-25.7228915368158,-114.395227197642,23.786156972314));
#6438=CARTESIAN_POINT('',(-14.5114119385287,-114.395227197642,23.786156972314));
#6439=CARTESIAN_POINT('',(-25.7228915368158,-116.895227197642,23.786156972314));
#6440=CARTESIAN_POINT('',(-25.7228915368158,-88.1975924667508,23.786156972314));
#6441=CARTESIAN_POINT('',(-17.7228915368158,-116.895227197642,23.786156972314));
#6442=CARTESIAN_POINT('',(-4.01141193852968,-116.895227197642,23.786156972314));
#6443=CARTESIAN_POINT('',(-17.7228915368158,-105.695227197642,23.786156972314));
#6444=CARTESIAN_POINT('',(-17.7228915368158,-72.9975924667509,23.786156972314));
#6445=CARTESIAN_POINT('',(-20.0228915368158,-105.695227197642,23.786156972314));
#6446=CARTESIAN_POINT('',(-5.01141193852883,-105.695227197642,23.786156972314));
#6447=CARTESIAN_POINT('',(-20.0228915368158,-87.1975924667508,23.786156972314));
#6448=CARTESIAN_POINT('Origin',(-40.0228915368134,-92.6952271976452,21.786156972314));
#6449=CARTESIAN_POINT('',(-42.022891536816,-91.1952271976452,21.786156972314));
#6450=CARTESIAN_POINT('',(-42.0228915368162,-92.6952271976452,20.286156972314));
#6451=CARTESIAN_POINT('Origin',(-42.0228915368082,-92.6952271976452,21.786156972314));
#6452=CARTESIAN_POINT('',(-40.0228915368134,-92.6952271976452,20.286156972314));
#6453=CARTESIAN_POINT('',(-40.0228915368134,-91.1952271976452,21.786156972314));
#6454=CARTESIAN_POINT('Origin',(-40.0228915368134,-91.0952271976452,20.286156972314));
#6455=CARTESIAN_POINT('',(-42.0228915368168,-99.1952271976452,20.286156972314));
#6456=CARTESIAN_POINT('',(-42.0228915368121,-45.5476118751786,20.286156972314));
#6457=CARTESIAN_POINT('',(-40.0228915368134,-99.1952271976452,20.286156972314));
#6458=CARTESIAN_POINT('Origin',(-40.0228915368134,-99.1952271976452,21.786156972314));
#6459=CARTESIAN_POINT('Origin',(-42.0228915368082,-99.1952271976452,21.786156972314));
#6460=CARTESIAN_POINT('Origin',(-20.0228915368141,-114.395227197642,23.786156972314));
#6461=CARTESIAN_POINT('',(-20.0228915368158,-87.9952271976417,16.786156972314));
#6462=CARTESIAN_POINT('',(-20.0228915368158,-87.9952271976417,23.786156972314));
#6463=CARTESIAN_POINT('',(-20.0228915368141,-96.1952271976417,16.786156972314));
#6464=CARTESIAN_POINT('',(-20.0228915368141,-107.795227197642,16.786156972314));
#6465=CARTESIAN_POINT('',(-20.0228915368141,-96.1952271976417,23.286156972314));
#6466=CARTESIAN_POINT('',(-20.0228915368141,-96.1952271976417,21.286156972314));
#6467=CARTESIAN_POINT('Origin',(-20.0228915368141,-96.6952271976417,23.286156972314));
#6468=CARTESIAN_POINT('Origin',(-20.0228915368158,-114.395227197642,23.786156972314));
#6469=CARTESIAN_POINT('',(-20.0228915368141,-106.195227197642,16.786156972314));
#6470=CARTESIAN_POINT('',(-20.0228915368158,-106.195227197642,23.286156972314));
#6471=CARTESIAN_POINT('',(-20.0228915368158,-106.195227197642,21.286156972314));
#6472=CARTESIAN_POINT('',(-20.0228915368158,-114.395227197642,16.786156972314));
#6473=CARTESIAN_POINT('',(-20.0228915368158,-107.795227197642,16.786156972314));
#6474=CARTESIAN_POINT('',(-20.0228915368158,-114.395227197642,23.786156972314));
#6475=CARTESIAN_POINT('Origin',(-20.0228915368158,-105.695227197642,23.286156972314));
#6476=CARTESIAN_POINT('Origin',(-29.522891536817,-101.195227197642,16.786156972314));
#6477=CARTESIAN_POINT('',(-25.2228915368158,-114.395227197641,16.786156972314));
#6478=CARTESIAN_POINT('',(-21.0228915368158,-114.395227197642,16.786156972314));
#6479=CARTESIAN_POINT('',(-18.2228915368158,-106.195227197642,16.786156972314));
#6480=CARTESIAN_POINT('',(-19.0228915368158,-106.195227197642,16.786156972314));
#6481=CARTESIAN_POINT('',(-18.2228915368158,-116.395227197642,16.786156972314));
#6482=CARTESIAN_POINT('',(-18.2228915368158,-93.5952271976417,16.786156972314));
#6483=CARTESIAN_POINT('',(-25.2228915368158,-116.395227197642,16.786156972314));
#6484=CARTESIAN_POINT('',(-19.0228915368158,-116.395227197642,16.786156972314));
#6485=CARTESIAN_POINT('',(-25.2228915368158,-108.795227197642,16.786156972314));
#6486=CARTESIAN_POINT('Origin',(-21.0228915368141,-106.195227197642,18.786156972314));
#6487=CARTESIAN_POINT('',(-18.2228915368158,-106.195227197642,23.286156972314));
#6488=CARTESIAN_POINT('',(-5.01141193852883,-106.195227197642,23.286156972314));
#6489=CARTESIAN_POINT('',(-18.2228915368158,-106.195227197642,21.286156972314));
#6490=CARTESIAN_POINT('Origin',(33.8141634046435,-83.3779737933584,7.28588018768357));
#6491=CARTESIAN_POINT('',(32.3141634046435,-83.3779737933584,7.28588018768357));
#6492=CARTESIAN_POINT('Origin',(49.8141944247055,-83.3779737933583,7.28588018768356));
#6493=CARTESIAN_POINT('',(48.3141944247055,-83.3779737933583,7.28588018768356));
#6494=CARTESIAN_POINT('Origin',(37.8141278554575,-2.37781377303835,7.28588018768356));
#6495=CARTESIAN_POINT('',(36.3141278554575,-2.37781377303835,7.28588018768356));
#6496=CARTESIAN_POINT('Origin',(-34.2264164773824,-116.895227197642,23.786156972314));
#6497=CARTESIAN_POINT('',(-34.2264164773824,-116.395227197642,23.286156972314));
#6498=CARTESIAN_POINT('',(-34.6259129144447,-117.19589744355,23.286156972314));
#6499=CARTESIAN_POINT('Origin',(-34.2264164773824,-116.895227197642,23.286156972314));
#6500=CARTESIAN_POINT('',(-34.6259129144447,-117.19589744355,16.786156972314));
#6501=CARTESIAN_POINT('',(-34.6259129144447,-117.19589744355,23.786156972314));
#6502=CARTESIAN_POINT('',(-34.2264164773824,-116.395227197642,16.786156972314));
#6503=CARTESIAN_POINT('Origin',(-34.2264164773824,-116.895227197642,16.786156972314));
#6504=CARTESIAN_POINT('',(-34.2264164773824,-116.395227197642,23.786156972314));
#6505=CARTESIAN_POINT('Origin',(-37.0228915368185,-118.999918918999,23.286156972314));
#6506=CARTESIAN_POINT('',(-34.0635980120798,-119.492444892364,23.286156972314));
#6507=CARTESIAN_POINT('Ctrl Pts',(-34.0635980120798,-119.492444892364,23.286156972314));
#6508=CARTESIAN_POINT('Ctrl Pts',(-34.0635980120798,-119.492444892364,23.3018146622127));
#6509=CARTESIAN_POINT('Ctrl Pts',(-34.0635980120798,-119.498186676045,23.3197050787657));
#6510=CARTESIAN_POINT('Ctrl Pts',(-34.0635980120798,-119.5184679691,23.3557539401017));
#6511=CARTESIAN_POINT('Ctrl Pts',(-34.0635980120798,-119.540206926331,23.3776371478975));
#6512=CARTESIAN_POINT('Ctrl Pts',(-34.0635980120798,-119.648366978109,23.4685243634047));
#6513=CARTESIAN_POINT('Ctrl Pts',(-34.0635980120798,-119.775060077213,23.5249400786338));
#6514=CARTESIAN_POINT('Ctrl Pts',(-34.0635980120798,-120.177038953598,23.6920273847659));
#6515=CARTESIAN_POINT('Ctrl Pts',(-34.0635980120798,-120.549013910134,23.786156972314));
#6516=CARTESIAN_POINT('Ctrl Pts',(-34.0635980120799,-120.868763972619,23.786156972314));
#6517=CARTESIAN_POINT('Origin',(-37.0228915368185,-118.999918918999,23.286156972314));
#6518=CARTESIAN_POINT('Origin',(-34.2264164773824,-116.895227197642,23.286156972314));
#6519=CARTESIAN_POINT('Origin',(-34.2264164773824,-116.895227197642,23.286156972314));
#6520=CARTESIAN_POINT('Origin',(-34.2264164773824,-116.895227197642,23.286156972314));
#6521=CARTESIAN_POINT('Origin',(-37.0228915368185,-118.999918918999,23.786156972314));
#6522=CARTESIAN_POINT('',(-38.5113743337264,-116.395227197642,16.786156972314));
#6523=CARTESIAN_POINT('Origin',(-37.0228915368185,-118.999918918999,16.786156972314));
#6524=CARTESIAN_POINT('',(-34.0635980120798,-119.492444892365,21.786156972314));
#6525=CARTESIAN_POINT('',(-34.0635980120798,-119.492444892364,23.786156972314));
#6526=CARTESIAN_POINT('',(-37.0228915368188,-121.999918918999,21.786156972314));
#6527=CARTESIAN_POINT('Origin',(-37.0228915368185,-118.999918918999,21.786156972314));
#6528=CARTESIAN_POINT('',(-37.0228915368188,-121.999918919,-15.913843027686));
#6529=CARTESIAN_POINT('',(-37.0228915368188,-121.999918919,23.786156972314));
#6530=CARTESIAN_POINT('Origin',(-37.0228915368185,-118.999918918999,-15.913843027686));
#6531=CARTESIAN_POINT('',(-40.0228915368184,-118.999918918999,23.786156972314));
#6532=CARTESIAN_POINT('',(-38.5113743337264,-116.395227197642,23.786156972314));
#6533=CARTESIAN_POINT('Origin',(-37.0228915368185,-118.999918918999,23.786156972314));
#6534=CARTESIAN_POINT('',(-38.5113743337264,-116.395227197642,23.786156972314));
#6535=CARTESIAN_POINT('Origin',(-34.0635980120798,-119.492444892365,23.786156972314));
#6536=CARTESIAN_POINT('',(-34.06359801208,-121.999918919,22.786156972314));
#6537=CARTESIAN_POINT('Origin',(-34.0635980120799,-120.999918919,22.786156972314));
#6538=CARTESIAN_POINT('',(-34.06359801208,-121.999918919,21.786156972314));
#6539=CARTESIAN_POINT('',(-34.06359801208,-121.999918919,15.686156972314));
#6540=CARTESIAN_POINT('',(-34.0635980120795,-116.395227197642,21.786156972314));
#6541=CARTESIAN_POINT('Origin',(-4.01141193852968,-116.895227197642,23.286156972314));
#6542=CARTESIAN_POINT('',(-30.2228915368158,-116.395227197642,23.286156972314));
#6543=CARTESIAN_POINT('',(-4.01141193852968,-116.395227197642,23.286156972314));
#6544=CARTESIAN_POINT('Origin',(-29.7228915368158,-116.895227197642,23.286156972314));
#6545=CARTESIAN_POINT('Origin',(-29.7228915368158,-87.1975924667503,23.286156972314));
#6546=CARTESIAN_POINT('',(-30.2228915368158,-114.395227197642,23.286156972314));
#6547=CARTESIAN_POINT('',(-30.2228915368158,-87.1975924667503,23.286156972314));
#6548=CARTESIAN_POINT('Origin',(-29.7228915368158,-114.395227197642,23.286156972314));
#6549=CARTESIAN_POINT('Origin',(-4.01141193852883,-96.6952271976417,23.286156972314));
#6550=CARTESIAN_POINT('',(-18.2228915368158,-96.1952271976417,23.286156972314));
#6551=CARTESIAN_POINT('',(-4.01141193852883,-96.1952271976417,23.286156972314));
#6552=CARTESIAN_POINT('Origin',(-17.7228915368158,-96.6952271976417,23.286156972314));
#6553=CARTESIAN_POINT('Origin',(-17.7228915368158,-72.9975924667509,23.286156972314));
#6554=CARTESIAN_POINT('',(-18.2228915368158,-85.8612526014262,23.286156972314));
#6555=CARTESIAN_POINT('',(-18.2228915368158,-72.9975924667509,23.286156972314));
#6556=CARTESIAN_POINT('Origin',(-17.7228915368158,-85.8612526014262,23.286156972314));
#6557=CARTESIAN_POINT('Origin',(-17.7228915368158,-72.9975924667509,23.286156972314));
#6558=CARTESIAN_POINT('',(-18.1879120269227,-85.7249642388426,23.4698848792327));
#6559=CARTESIAN_POINT('Ctrl Pts',(-18.2228915368158,-85.8612526014262,23.286156972314));
#6560=CARTESIAN_POINT('Ctrl Pts',(-18.2228915368158,-85.82416245822,23.350398984807));
#6561=CARTESIAN_POINT('Ctrl Pts',(-18.2099765631018,-85.7772891716741,23.4140389187577));
#6562=CARTESIAN_POINT('Ctrl Pts',(-18.1879120269224,-85.7249642388419,23.4698848792335));
#6563=CARTESIAN_POINT('Origin',(-17.7228915368158,-85.7249642388426,23.286156972314));
#6564=CARTESIAN_POINT('Ctrl Pts',(-17.7228915368158,-85.7249642388426,23.786156972314));
#6565=CARTESIAN_POINT('Ctrl Pts',(-17.7228915368158,-85.53601687352,23.786156972314));
#6566=CARTESIAN_POINT('Ctrl Pts',(-17.7228915368158,-85.3600957182422,23.7172160266574));
#6567=CARTESIAN_POINT('Ctrl Pts',(-18.0629540714888,-85.7249642388426,23.786156972314));
#6568=CARTESIAN_POINT('Ctrl Pts',(-18.0629540714888,-85.53601687352,23.786156972314));
#6569=CARTESIAN_POINT('Ctrl Pts',(-18.0629540714888,-85.3600957182422,23.7172160266574));
#6570=CARTESIAN_POINT('Ctrl Pts',(-18.1879120269227,-85.7249642388426,23.4698848792327));
#6571=CARTESIAN_POINT('Ctrl Pts',(-18.1879120269227,-85.5957756522328,23.4698848792327));
#6572=CARTESIAN_POINT('Ctrl Pts',(-18.1879120269227,-85.4754934489519,23.422748030758));
#6573=CARTESIAN_POINT('',(-17.7228915368158,-85.3600957182422,23.7172160266574));
#6574=CARTESIAN_POINT('Ctrl Pts',(-18.1879120269227,-85.7249642388426,23.4698848792327));
#6575=CARTESIAN_POINT('Ctrl Pts',(-18.1803133775795,-85.7069444258148,23.489117274033));
#6576=CARTESIAN_POINT('Ctrl Pts',(-18.171566241714,-85.688709080116,23.5070548103231));
#6577=CARTESIAN_POINT('Ctrl Pts',(-18.129139122994,-85.6099477377666,23.5791599937407));
#6578=CARTESIAN_POINT('Ctrl Pts',(-18.0851402075022,-85.5501024012968,23.6201736072158));
#6579=CARTESIAN_POINT('Ctrl Pts',(-17.9882044565093,-85.4566547903063,23.6747027434127));
#6580=CARTESIAN_POINT('Ctrl Pts',(-17.9378873365549,-85.4204378024537,23.6916554058082));
#6581=CARTESIAN_POINT('Ctrl Pts',(-17.839289796655,-85.3759985779635,23.7110749769552));
#6582=CARTESIAN_POINT('Ctrl Pts',(-17.7927177556215,-85.3635591526045,23.7158563156284));
#6583=CARTESIAN_POINT('Ctrl Pts',(-17.7371112324178,-85.3603029663397,23.7171348907775));
#6584=CARTESIAN_POINT('Ctrl Pts',(-17.7299912963024,-85.3600957182421,23.7172160266574));
#6585=CARTESIAN_POINT('Ctrl Pts',(-17.7228915368158,-85.3600957182421,23.7172160266574));
#6586=CARTESIAN_POINT('Origin',(-17.7228915368158,-85.7249642388426,22.786156972314));
#6587=CARTESIAN_POINT('Origin',(-18.2228915368158,-85.9952271976417,23.786156972314));
#6588=CARTESIAN_POINT('',(-18.2228915368158,-96.1952271976417,16.786156972314));
#6589=CARTESIAN_POINT('',(-18.2228915368158,-96.1952271976417,21.286156972314));
#6590=CARTESIAN_POINT('',(-18.2228915368158,-85.9952271976417,16.786156972314));
#6591=CARTESIAN_POINT('',(-18.2228915368158,-93.5952271976417,16.786156972314));
#6592=CARTESIAN_POINT('',(-18.2228915368158,-85.9952271976417,22.786156972314));
#6593=CARTESIAN_POINT('',(-18.2228915368158,-85.9952271976417,23.786156972314));
#6594=CARTESIAN_POINT('Origin',(-18.2228915368158,-84.9952271976417,22.786156972314));
#6595=CARTESIAN_POINT('Origin',(-19.0228915368141,-96.1952271976417,18.786156972314));
#6596=CARTESIAN_POINT('',(-20.0228915368158,-96.1952271976417,16.786156972314));
#6597=CARTESIAN_POINT('Origin',(-5.01141193852883,-105.695227197642,23.286156972314));
#6598=CARTESIAN_POINT('Origin',(-17.7228915368158,-105.695227197642,23.286156972314));
#6599=CARTESIAN_POINT('Origin',(-4.01141193852968,-116.895227197642,23.286156972314));
#6600=CARTESIAN_POINT('',(-25.2228915368158,-116.395227197642,23.286156972314));
#6601=CARTESIAN_POINT('',(-18.2228915368158,-116.395227197642,23.286156972314));
#6602=CARTESIAN_POINT('',(-4.01141193852968,-116.395227197642,23.286156972314));
#6603=CARTESIAN_POINT('Origin',(-17.7228915368158,-116.895227197642,23.286156972314));
#6604=CARTESIAN_POINT('Origin',(-25.7228915368158,-116.895227197642,23.286156972314));
#6605=CARTESIAN_POINT('Origin',(-17.7228915368158,-72.9975924667509,23.286156972314));
#6606=CARTESIAN_POINT('',(-18.2228915368158,-72.9975924667509,23.286156972314));
#6607=CARTESIAN_POINT('Origin',(-25.7228915368158,-88.1975924667508,23.286156972314));
#6608=CARTESIAN_POINT('',(-25.2228915368158,-114.395227197642,23.286156972314));
#6609=CARTESIAN_POINT('Origin',(-25.7228915368158,-114.395227197642,23.286156972314));
#6610=CARTESIAN_POINT('',(-25.2228915368158,-88.1975924667508,23.286156972314));
#6611=CARTESIAN_POINT('Origin',(-18.2228915368158,-85.9952271976417,23.786156972314));
#6612=CARTESIAN_POINT('',(-18.2228915368158,-116.395227197642,23.786156972314));
#6613=CARTESIAN_POINT('Origin',(-19.0228915368158,-116.395227197642,23.786156972314));
#6614=CARTESIAN_POINT('',(-25.2228915368158,-116.395227197642,20.286156972314));
#6615=CARTESIAN_POINT('Origin',(-25.2228915368158,-116.395227197642,16.786156972314));
#6616=CARTESIAN_POINT('',(-25.2228915368158,-114.395227197642,20.286156972314));
#6617=CARTESIAN_POINT('Origin',(-30.2228915368158,-114.395227197641,16.786156972314));
#6618=CARTESIAN_POINT('',(-30.2228915368158,-116.395227197642,16.786156972314));
#6619=CARTESIAN_POINT('',(-30.2228915368158,-116.395227197642,20.286156972314));
#6620=CARTESIAN_POINT('',(-30.2228915368158,-114.395227197641,16.786156972314));
#6621=CARTESIAN_POINT('',(-30.2228915368158,-107.795227197641,16.786156972314));
#6622=CARTESIAN_POINT('',(-30.2228915368158,-114.395227197642,20.286156972314));
#6623=CARTESIAN_POINT('Origin',(-40.0228915368139,-114.395227197642,23.786156972314));
#6624=CARTESIAN_POINT('Origin',(-40.0228915368139,-114.395227197642,23.786156972314));
#6625=CARTESIAN_POINT('',(-21.0228915368158,-114.395227197642,16.786156972314));
#6626=CARTESIAN_POINT('Origin',(-29.522891536817,-101.195227197642,16.786156972314));
#6627=CARTESIAN_POINT('',(-19.0228915368158,-116.395227197642,16.786156972314));
#6628=CARTESIAN_POINT('',(-19.0228915368158,-116.395227197642,16.786156972314));
#6629=CARTESIAN_POINT('Origin',(-19.0228915368158,-116.395227197642,23.786156972314));
#6630=CARTESIAN_POINT('Origin',(-40.0228915368134,-91.1952271976452,23.786156972314));
#6631=CARTESIAN_POINT('',(-42.022891536816,-91.1952271976452,15.686156972314));
#6632=CARTESIAN_POINT('Origin',(-14.5114119385286,-84.9952271976417,22.786156972314));
#6633=CARTESIAN_POINT('',(-39.0228915368155,-85.9952271976417,22.786156972314));
#6634=CARTESIAN_POINT('',(-19.0228915368158,-85.9952271976417,22.786156972314));
#6635=CARTESIAN_POINT('Origin',(-39.0228915368155,-84.9952271976417,22.786156972314));
#6636=CARTESIAN_POINT('',(-36.6580230162157,-85.3600957182413,23.7172160266577));
#6637=CARTESIAN_POINT('Origin',(-37.0228915368153,-84.9952271976417,22.786156972314));
#6638=CARTESIAN_POINT('',(-14.5114119385287,-85.3600957182423,23.7172160266574));
#6639=CARTESIAN_POINT('Origin',(-2.91141193853292,-85.7249642388438,22.786156972314));
#6640=CARTESIAN_POINT('',(-36.0228915368154,-84.724964238841,22.786156972314));
#6641=CARTESIAN_POINT('Origin',(-37.0228915368153,-85.7249642388409,22.786156972314));
#6642=CARTESIAN_POINT('',(-2.91141193853284,-84.7249642388438,22.786156972314));
#6643=CARTESIAN_POINT('Origin',(-15.8228915368201,-85.7249642388427,22.786156972314));
#6644=CARTESIAN_POINT('Origin',(-37.0228915368082,-0.999996552712819,-15.913843027686));
#6645=CARTESIAN_POINT('',(-38.5228915368082,-0.999996552712818,-15.913843027686));
#6646=CARTESIAN_POINT('Origin',(-37.0228915368082,-0.999996552712819,-15.913843027686));
#6647=CARTESIAN_POINT('',(-38.5228915368082,-0.999996552712818,-10.913843027686));
#6648=CARTESIAN_POINT('',(-38.5228915368082,-0.999996552712819,-15.913843027686));
#6649=CARTESIAN_POINT('Origin',(-37.0228915368082,-0.999996552712818,-10.913843027686));
#6650=CARTESIAN_POINT('Origin',(-37.0228915368185,-118.999918918999,-15.913843027686));
#6651=CARTESIAN_POINT('',(-38.5228915368185,-118.999918918999,-15.913843027686));
#6652=CARTESIAN_POINT('Origin',(-37.0228915368185,-118.999918918999,-15.913843027686));
#6653=CARTESIAN_POINT('',(-38.5228915368185,-118.999918918999,-10.913843027686));
#6654=CARTESIAN_POINT('',(-38.5228915368185,-118.999918918999,-15.913843027686));
#6655=CARTESIAN_POINT('Origin',(-37.0228915368185,-118.999918918999,-10.913843027686));
#6656=CARTESIAN_POINT('Origin',(55.0000268563314,-118.999918919007,-15.913843027686));
#6657=CARTESIAN_POINT('',(53.5000268563314,-118.999918919007,-15.913843027686));
#6658=CARTESIAN_POINT('Origin',(55.0000268563314,-118.999918919007,-15.913843027686));
#6659=CARTESIAN_POINT('',(53.5000268563314,-118.999918919007,-10.913843027686));
#6660=CARTESIAN_POINT('',(53.5000268563314,-118.999918919007,-15.913843027686));
#6661=CARTESIAN_POINT('Origin',(55.0000268563314,-118.999918919007,-10.913843027686));
#6662=CARTESIAN_POINT('Origin',(55.0000268563242,-0.999996552712735,-15.913843027686));
#6663=CARTESIAN_POINT('',(53.5000268563242,-0.999996552712735,-15.913843027686));
#6664=CARTESIAN_POINT('Origin',(55.0000268563242,-0.999996552712735,-15.913843027686));
#6665=CARTESIAN_POINT('',(53.5000268563242,-0.999996552712735,-10.913843027686));
#6666=CARTESIAN_POINT('',(53.5000268563242,-0.999996552712735,-15.913843027686));
#6667=CARTESIAN_POINT('Origin',(55.0000268563242,-0.999996552712735,-10.913843027686));
#6668=CARTESIAN_POINT('Origin',(31.5000472580411,-120.999918919005,22.786156972314));
#6669=CARTESIAN_POINT('',(52.0025675270885,-121.999918919007,22.786156972314));
#6670=CARTESIAN_POINT('Origin',(52.0025675270886,-120.999918919007,22.786156972314));
#6671=CARTESIAN_POINT('',(31.500047258041,-121.999918919005,22.786156972314));
#6672=CARTESIAN_POINT('Origin',(52.0025675270885,-121.999918919007,23.786156972314));
#6673=CARTESIAN_POINT('',(52.0025675270888,-119.123359469623,21.786156972314));
#6674=CARTESIAN_POINT('',(52.0025675270888,-119.123359469624,23.786156972314));
#6675=CARTESIAN_POINT('',(52.0025675270885,-121.999918919007,21.786156972314));
#6676=CARTESIAN_POINT('',(52.0025675270885,-121.999918919007,21.786156972314));
#6677=CARTESIAN_POINT('',(52.0025675270885,-121.999918919007,15.686156972314));
#6678=CARTESIAN_POINT('Origin',(-35.5432447744493,-120.746181905682,21.786156972314));
#6679=CARTESIAN_POINT('',(8.22839104094076,-121.999918919003,21.786156972314));
#6680=CARTESIAN_POINT('Origin',(52.0000268563309,-121.999918919007,7.586156972314));
#6681=CARTESIAN_POINT('',(55.0000268563311,-121.999918919007,21.786156972314));
#6682=CARTESIAN_POINT('',(52.7506620240203,-121.999918919007,21.786156972314));
#6683=CARTESIAN_POINT('',(55.0000268563311,-121.999918919007,-15.913843027686));
#6684=CARTESIAN_POINT('',(55.0000268563311,-121.999918919007,23.786156972314));
#6685=CARTESIAN_POINT('',(55.0000268563311,-121.999918919007,23.786156972314));
#6686=CARTESIAN_POINT('',(55.0000268563311,-121.999918919007,23.786156972314));
#6687=CARTESIAN_POINT('',(56.0000268563309,-121.999918919008,23.786156972314));
#6688=CARTESIAN_POINT('',(31.500047258041,-121.999918919005,23.786156972314));
#6689=CARTESIAN_POINT('',(56.0000268563309,-121.999918919008,-18.813843027686));
#6690=CARTESIAN_POINT('',(56.0000268563309,-121.999918919008,7.586156972314));
#6691=CARTESIAN_POINT('',(-38.0228915368187,-121.999918918999,-18.813843027686));
#6692=CARTESIAN_POINT('',(-29.9998915368188,-121.999918919,-18.813843027686));
#6693=CARTESIAN_POINT('',(-38.0228915368187,-121.999918918999,23.786156972314));
#6694=CARTESIAN_POINT('',(-38.0228915368187,-121.999918918999,7.586156972314));
#6695=CARTESIAN_POINT('',(-37.0228915368188,-121.999918919,23.786156972314));
#6696=CARTESIAN_POINT('',(31.500047258041,-121.999918919005,23.786156972314));
#6697=CARTESIAN_POINT('',(-37.0228915368188,-121.999918919,23.786156972314));
#6698=CARTESIAN_POINT('',(-37.0228915368188,-121.999918919,23.786156972314));
#6699=CARTESIAN_POINT('Origin',(53.5012971917098,-120.561639194315,21.786156972314));
#6700=CARTESIAN_POINT('Origin',(55.0000268563314,-118.999918919007,21.786156972314));
#6701=CARTESIAN_POINT('Origin',(55.0000268563314,-118.999918919007,23.786156972314));
#6702=CARTESIAN_POINT('',(55.0223176002465,-116.000001733028,21.786156972314));
#6703=CARTESIAN_POINT('',(55.0223176002436,-116.000001733028,23.786156972314));
#6704=CARTESIAN_POINT('',(58.0000268563314,-118.999918919007,21.786156972314));
#6705=CARTESIAN_POINT('Origin',(55.0000268563314,-118.999918919007,21.786156972314));
#6706=CARTESIAN_POINT('',(58.0000268563313,-118.999918919007,-15.913843027686));
#6707=CARTESIAN_POINT('',(58.0000268563313,-118.999918919007,23.786156972314));
#6708=CARTESIAN_POINT('Origin',(55.0000268563314,-118.999918919007,-15.913843027686));
#6709=CARTESIAN_POINT('',(55.0000268563311,-121.999918919007,23.786156972314));
#6710=CARTESIAN_POINT('Origin',(-39.0228915368159,-89.9999383274275,22.786156972314));
#6711=CARTESIAN_POINT('Origin',(-39.0228915368155,-84.9952271976417,22.786156972314));
#6712=CARTESIAN_POINT('Origin',(-39.0228915368155,-84.9952271976417,15.686156972314));
#6713=CARTESIAN_POINT('Origin',(-39.0228915368155,-84.9952271976417,22.786156972314));
#6714=CARTESIAN_POINT('',(-39.0228915368155,-85.9952271976417,16.786156972314));
#6715=CARTESIAN_POINT('',(-39.0228915368155,-85.9952271976417,15.686156972314));
#6716=CARTESIAN_POINT('Origin',(-39.0228915368155,-84.9952271976417,16.786156972314));
#6717=CARTESIAN_POINT('Origin',(-39.0228915368155,-84.9952271976417,22.786156972314));
#6718=CARTESIAN_POINT('Origin',(57.000026856326,-29.9999771442848,22.786156972314));
#6719=CARTESIAN_POINT('',(58.0000268563244,-4.00000006409762,22.786156972314));
#6720=CARTESIAN_POINT('Origin',(57.0000268563244,-4.00000006409768,22.786156972314));
#6721=CARTESIAN_POINT('',(58.0000268563311,-116.000001733028,22.786156972314));
#6722=CARTESIAN_POINT('',(58.000026856326,-29.9999771442848,22.786156972314));
#6723=CARTESIAN_POINT('Origin',(57.0000268563311,-116.000001733028,22.786156972314));
#6724=CARTESIAN_POINT('Origin',(55.0223176002465,-116.000001733028,23.786156972314));
#6725=CARTESIAN_POINT('',(58.0000268563312,-116.000001733028,21.786156972314));
#6726=CARTESIAN_POINT('',(58.0000268563311,-116.000001733028,15.686156972314));
#6727=CARTESIAN_POINT('',(52.002567527089,-116.000001733028,21.786156972314));
#6728=CARTESIAN_POINT('Origin',(58.0000268563242,3.44728760233926E-6,7.586156972314));
#6729=CARTESIAN_POINT('',(58.0000268563244,-4.00000006409762,21.786156972314));
#6730=CARTESIAN_POINT('',(58.0000268563244,-4.00000006409762,15.686156972314));
#6731=CARTESIAN_POINT('',(58.0000268563242,-0.999996552712553,21.786156972314));
#6732=CARTESIAN_POINT('',(58.0000268563242,-1.25000080840501,21.786156972314));
#6733=CARTESIAN_POINT('',(58.0000268563242,-0.999996552712554,-15.913843027686));
#6734=CARTESIAN_POINT('',(58.0000268563242,-0.999996552712552,23.786156972314));
#6735=CARTESIAN_POINT('',(58.0000268563242,-0.999996552712552,23.786156972314));
#6736=CARTESIAN_POINT('',(58.0000268563242,-0.999996552712552,23.786156972314));
#6737=CARTESIAN_POINT('',(58.0000268563242,3.44728736667577E-6,23.786156972314));
#6738=CARTESIAN_POINT('',(58.000026856326,-29.9999771442848,23.786156972314));
#6739=CARTESIAN_POINT('',(58.0000268563242,3.44728736667577E-6,-18.813843027686));
#6740=CARTESIAN_POINT('',(58.0000268563242,3.4472873686043E-6,7.586156972314));
#6741=CARTESIAN_POINT('',(58.0000268563314,-119.999918919007,-18.813843027686));
#6742=CARTESIAN_POINT('',(58.000026856326,-29.9999771442848,-18.813843027686));
#6743=CARTESIAN_POINT('',(58.0000268563314,-119.999918919007,23.786156972314));
#6744=CARTESIAN_POINT('',(58.0000268563314,-119.999918919007,7.586156972314));
#6745=CARTESIAN_POINT('',(58.0000268563313,-118.999918919007,23.786156972314));
#6746=CARTESIAN_POINT('',(58.000026856326,-29.9999771442848,23.786156972314));
#6747=CARTESIAN_POINT('',(58.0000268563313,-118.999918919007,23.786156972314));
#6748=CARTESIAN_POINT('',(58.0000268563313,-118.999918919007,23.786156972314));
#6749=CARTESIAN_POINT('',(58.0000268563277,-58.7499784393649,21.786156972314));
#6750=CARTESIAN_POINT('Origin',(58.0000268563244,-4.00000006409762,23.786156972314));
#6751=CARTESIAN_POINT('',(55.0000268563242,-4.0000000640978,21.786156972314));
#6752=CARTESIAN_POINT('',(55.0000268563244,-4.0000000640978,23.786156972314));
#6753=CARTESIAN_POINT('',(52.0000007770991,-4.00000006409798,21.786156972314));
#6754=CARTESIAN_POINT('Origin',(56.5000201006317,-2.50000506409771,21.786156972314));
#6755=CARTESIAN_POINT('Origin',(55.0000268563242,-0.999996552712732,21.786156972314));
#6756=CARTESIAN_POINT('Origin',(55.0000268563242,-0.999996552712732,23.786156972314));
#6757=CARTESIAN_POINT('',(55.0000268563242,2.00000344728727,-15.913843027686));
#6758=CARTESIAN_POINT('',(55.0000268563242,2.00000344728727,23.786156972314));
#6759=CARTESIAN_POINT('Origin',(55.0000268563242,-0.999996552712734,-15.913843027686));
#6760=CARTESIAN_POINT('',(58.0000268563242,-0.999996552712552,23.786156972314));
#6761=CARTESIAN_POINT('Origin',(56.5111722282889,-117.499960326017,21.786156972314));
#6762=CARTESIAN_POINT('Origin',(-40.0228915368137,-85.9952271976417,23.786156972314));
#6763=CARTESIAN_POINT('',(-40.0228915368137,-85.9952271976417,16.786156972314));
#6764=CARTESIAN_POINT('Origin',(-37.0228915368153,-71.3624609873521,22.786156972314));
#6765=CARTESIAN_POINT('',(-36.0228915368153,-82.724964238841,22.786156972314));
#6766=CARTESIAN_POINT('Origin',(-37.0228915368153,-82.7249642388406,22.786156972314));
#6767=CARTESIAN_POINT('',(-36.0228915368153,-71.3624609873521,22.786156972314));
#6768=CARTESIAN_POINT('Origin',(-14.5114119385237,-4.22496423884285,22.786156972314));
#6769=CARTESIAN_POINT('Origin',(-15.8228915368129,-4.22496423884274,22.786156972314));
#6770=CARTESIAN_POINT('',(-14.5114119385238,-5.22496423884285,22.786156972314));
#6771=CARTESIAN_POINT('Origin',(-40.0228915368087,-5.22496423884069,23.786156972314));
#6772=CARTESIAN_POINT('Origin',(21.813542865083,-28.9999771442864,22.786156972314));
#6773=CARTESIAN_POINT('',(20.813542865083,2.00000344728724,22.786156972314));
#6774=CARTESIAN_POINT('Origin',(21.813542865083,2.00000344728719,22.786156972314));
#6775=CARTESIAN_POINT('',(20.813542865083,-1.71574598720866,22.786156972314));
#6776=CARTESIAN_POINT('Origin',(21.813542865083,-2.71574598720866,22.786156972314));
#6777=CARTESIAN_POINT('',(20.813542865083,-28.9999771442864,22.786156972314));
#6778=CARTESIAN_POINT('Origin',(20.813542865083,2.00000344728721,23.786156972314));
#6779=CARTESIAN_POINT('',(20.813542865083,2.00000344728724,15.686156972314));
#6780=CARTESIAN_POINT('',(20.813542865083,-1.71574598720866,23.786156972314));
#6781=CARTESIAN_POINT('Origin',(-9.49991193852593,1.00000344728721,22.786156972314));
#6782=CARTESIAN_POINT('',(-34.0228914474016,2.00000344728718,22.786156972314));
#6783=CARTESIAN_POINT('Origin',(-34.0228914474016,1.00000344728719,22.786156972314));
#6784=CARTESIAN_POINT('',(-9.49991193852594,2.00000344728721,22.786156972314));
#6785=CARTESIAN_POINT('Origin',(-9.00000011697061,1.00000344728721,22.786156972314));
#6786=CARTESIAN_POINT('Origin',(-9.00000011697061,-30.7678440087467,22.786156972314));
#6787=CARTESIAN_POINT('Origin',(-9.00000011697061,-2.71574598720866,22.786156972314));
#6788=CARTESIAN_POINT('Origin',(-34.0228914474016,-0.999996555163673,23.786156972314));
#6789=CARTESIAN_POINT('',(-34.0228914474016,-3.99999664211978,18.786156972314));
#6790=CARTESIAN_POINT('',(-34.0228914474016,-3.99999664211978,23.786156972314));
#6791=CARTESIAN_POINT('',(-34.0228914474016,-0.999996555163673,18.786156972314));
#6792=CARTESIAN_POINT('',(-34.0228914474016,2.00000344728718,18.786156972314));
#6793=CARTESIAN_POINT('',(-34.0228914474016,2.00000344728718,18.786156972314));
#6794=CARTESIAN_POINT('',(-34.0228914474016,2.00000344728718,18.786156972314));
#6795=CARTESIAN_POINT('',(-34.0228914474016,2.00000344728718,15.686156972314));
#6796=CARTESIAN_POINT('Origin',(-35.5228914921049,0.500003446061755,18.786156972314));
#6797=CARTESIAN_POINT('',(-37.0228915368082,2.00000344728718,18.786156972314));
#6798=CARTESIAN_POINT('',(-32.7613915144566,2.00000344728719,18.786156972314));
#6799=CARTESIAN_POINT('Origin',(-37.0228915368082,-0.999996552712817,18.786156972314));
#6800=CARTESIAN_POINT('Origin',(-34.0228914474016,-3.99999664211978,23.786156972314));
#6801=CARTESIAN_POINT('',(-37.0228915368082,-3.99999664211947,18.786156972314));
#6802=CARTESIAN_POINT('',(-34.0228914474016,-3.99999664211978,18.786156972314));
#6803=CARTESIAN_POINT('',(-34.0228914474016,-3.99999664211978,18.786156972314));
#6804=CARTESIAN_POINT('Origin',(-35.5228914921049,-2.49999659864173,18.786156972314));
#6805=CARTESIAN_POINT('Origin',(-37.0228915368082,-0.999996552712817,18.786156972314));
#6806=CARTESIAN_POINT('Origin',(-38.5228915368084,-2.49999659741614,18.786156972314));
#6807=CARTESIAN_POINT('Origin',(-37.0228915368082,-0.999996552712817,18.786156972314));
#6808=CARTESIAN_POINT('Origin',(-29.9998915368082,2.00000344728719,7.586156972314));
#6809=CARTESIAN_POINT('',(-37.0228915368083,2.00000344728718,-15.913843027686));
#6810=CARTESIAN_POINT('',(-37.0228915368082,2.00000344728718,23.786156972314));
#6811=CARTESIAN_POINT('',(-37.0228915368082,2.00000344728718,23.786156972314));
#6812=CARTESIAN_POINT('',(-37.0228915368082,2.00000344728718,23.786156972314));
#6813=CARTESIAN_POINT('',(-38.0228915368082,2.00000344728718,23.786156972314));
#6814=CARTESIAN_POINT('',(-9.49991193852593,2.0000034472872,23.786156972314));
#6815=CARTESIAN_POINT('',(-38.0228915368082,2.00000344728718,-18.813843027686));
#6816=CARTESIAN_POINT('',(-38.0228915368082,2.00000344728718,7.586156972314));
#6817=CARTESIAN_POINT('',(56.0000268563242,2.00000344728727,-18.813843027686));
#6818=CARTESIAN_POINT('',(52.0000268563242,2.00000344728726,-18.813843027686));
#6819=CARTESIAN_POINT('',(56.0000268563242,2.00000344728727,23.786156972314));
#6820=CARTESIAN_POINT('',(56.0000268563242,2.00000344728727,7.586156972314));
#6821=CARTESIAN_POINT('',(-9.49991193852593,2.0000034472872,23.786156972314));
#6822=CARTESIAN_POINT('',(55.0000268563242,2.00000344728727,23.786156972314));
#6823=CARTESIAN_POINT('',(51.685082188961,2.00000344728722,18.636156555082));
#6824=CARTESIAN_POINT('Origin',(47.185082188961,2.00000344728719,18.636156555082));
#6825=CARTESIAN_POINT('Origin',(-37.0228915368082,-0.999996552712816,23.786156972314));
#6826=CARTESIAN_POINT('',(-40.0228915368083,-0.999996552712559,23.786156972314));
#6827=CARTESIAN_POINT('Origin',(-37.0228915368082,-0.999996552712819,-15.913843027686));
#6828=CARTESIAN_POINT('',(-37.0228915368082,2.00000344728718,23.786156972314));
#6829=CARTESIAN_POINT('Origin',(15.9068052624197,-2.71574598720866,22.786156972314));
#6830=CARTESIAN_POINT('',(15.9068052624197,-1.71574598720866,22.786156972314));
#6831=CARTESIAN_POINT('Origin',(20.813542865083,-1.71574598720866,23.786156972314));
#6832=CARTESIAN_POINT('Origin',(-15.8228915368155,-33.6124609873502,22.786156972314));
#6833=CARTESIAN_POINT('Origin',(-29.522891536817,-101.195227197642,16.786156972314));
#6834=CARTESIAN_POINT('',(-25.2728915368164,-87.9952271976417,16.786156972314));
#6835=CARTESIAN_POINT('Origin',(-16.82289153682,-84.7249642388426,23.786156972314));
#6836=CARTESIAN_POINT('',(-36.0228915368154,-84.724964238841,14.786156972314));
#6837=CARTESIAN_POINT('Origin',(31.5000472580403,3.50000344728725,-18.313843027686));
#6838=CARTESIAN_POINT('',(-38.0228915368082,3.50000344728718,-18.813843027686));
#6839=CARTESIAN_POINT('',(-38.0228915368082,4.00000344728718,-18.313843027686));
#6840=CARTESIAN_POINT('Origin',(-38.0228915368082,3.50000344728718,-18.313843027686));
#6841=CARTESIAN_POINT('',(56.0000268563242,4.00000344728727,-18.313843027686));
#6842=CARTESIAN_POINT('',(31.5000472580403,4.00000344728724,-18.313843027686));
#6843=CARTESIAN_POINT('',(56.0000268563242,3.50000344728727,-18.813843027686));
#6844=CARTESIAN_POINT('Origin',(56.0000268563242,3.50000344728727,-18.313843027686));
#6845=CARTESIAN_POINT('',(31.5000472580403,3.50000344728725,-18.813843027686));
#6846=CARTESIAN_POINT('Origin',(56.0000268563242,3.44728724677168E-6,-18.313843027686));
#6847=CARTESIAN_POINT('',(60.0000268563242,3.44728748687607E-6,-18.313843027686));
#6848=CARTESIAN_POINT('',(59.5000268563242,3.44728745632628E-6,-18.813843027686));
#6849=CARTESIAN_POINT('Origin',(59.5000268563242,3.44728745632628E-6,-18.313843027686));
#6850=CARTESIAN_POINT('Origin',(56.0000268563242,3.44728724677168E-6,-18.813843027686));
#6851=CARTESIAN_POINT('Origin',(56.0000268563242,3.44728724677168E-6,-18.313843027686));
#6852=CARTESIAN_POINT('Origin',(59.5000268563296,-89.9999383274317,-18.313843027686));
#6853=CARTESIAN_POINT('',(60.0000268563314,-119.999918919007,-18.313843027686));
#6854=CARTESIAN_POINT('',(59.5000268563314,-119.999918919007,-18.813843027686));
#6855=CARTESIAN_POINT('Origin',(59.5000268563314,-119.999918919007,-18.313843027686));
#6856=CARTESIAN_POINT('',(59.5000268563296,-89.9999383274317,-18.813843027686));
#6857=CARTESIAN_POINT('',(60.0000268563296,-89.9999383274317,-18.313843027686));
#6858=CARTESIAN_POINT('Origin',(56.0000268563311,-119.999918919007,-18.313843027686));
#6859=CARTESIAN_POINT('',(56.0000268563307,-123.999918919008,-18.313843027686));
#6860=CARTESIAN_POINT('',(56.0000268563308,-123.499918919007,-18.813843027686));
#6861=CARTESIAN_POINT('Origin',(56.0000268563308,-123.499918919007,-18.313843027686));
#6862=CARTESIAN_POINT('Origin',(56.0000268563311,-119.999918919007,-18.813843027686));
#6863=CARTESIAN_POINT('Origin',(56.0000268563311,-119.999918919007,-18.313843027686));
#6864=CARTESIAN_POINT('Origin',(-9.49991193853398,-123.499918919002,-18.313843027686));
#6865=CARTESIAN_POINT('',(-38.0228915368189,-123.999918918999,-18.313843027686));
#6866=CARTESIAN_POINT('',(-38.0228915368188,-123.499918918999,-18.813843027686));
#6867=CARTESIAN_POINT('Origin',(-38.0228915368188,-123.499918918999,-18.313843027686));
#6868=CARTESIAN_POINT('',(-9.49991193853398,-123.499918919002,-18.813843027686));
#6869=CARTESIAN_POINT('',(-9.49991193853402,-123.999918919002,-18.313843027686));
#6870=CARTESIAN_POINT('Origin',(-38.0228915368185,-119.999918918999,-18.313843027686));
#6871=CARTESIAN_POINT('',(-42.0228915368185,-119.999918918999,-18.313843027686));
#6872=CARTESIAN_POINT('',(-41.5228915368185,-119.999918918999,-18.813843027686));
#6873=CARTESIAN_POINT('Origin',(-41.5228915368185,-119.999918918999,-18.313843027686));
#6874=CARTESIAN_POINT('Origin',(-38.0228915368185,-119.999918918999,-18.813843027686));
#6875=CARTESIAN_POINT('Origin',(-38.0228915368185,-119.999918918999,-18.313843027686));
#6876=CARTESIAN_POINT('Origin',(-41.5228915368108,-29.9999771442838,-18.313843027686));
#6877=CARTESIAN_POINT('',(-42.0228915368082,3.44728751944029E-6,-18.313843027686));
#6878=CARTESIAN_POINT('',(-41.5228915368083,3.44728747325718E-6,-18.813843027686));
#6879=CARTESIAN_POINT('Origin',(-41.5228915368083,3.44728747325718E-6,-18.313843027686));
#6880=CARTESIAN_POINT('',(-41.5228915368108,-29.9999771442838,-18.813843027686));
#6881=CARTESIAN_POINT('',(-42.0228915368108,-29.9999771442838,-18.313843027686));
#6882=CARTESIAN_POINT('Origin',(-38.0228915368082,3.4472871766032E-6,-18.313843027686));
#6883=CARTESIAN_POINT('Origin',(-38.0228915368082,3.4472871766032E-6,-18.813843027686));
#6884=CARTESIAN_POINT('Origin',(-38.0228915368082,3.4472871766032E-6,-18.313843027686));
#6885=CARTESIAN_POINT('Origin',(56.0000268563311,-119.999918919007,7.586156972314));
#6886=CARTESIAN_POINT('',(60.0000268563314,-119.999918919007,25.286156972314));
#6887=CARTESIAN_POINT('',(60.0000268563314,-119.999918919007,7.586156972314));
#6888=CARTESIAN_POINT('',(56.0000268563307,-123.999918919008,25.286156972314));
#6889=CARTESIAN_POINT('Origin',(56.0000268563311,-119.999918919007,25.286156972314));
#6890=CARTESIAN_POINT('',(56.0000268563307,-123.999918919008,7.586156972314));
#6891=CARTESIAN_POINT('Origin',(60.0000268563314,-119.999918919006,7.586156972314));
#6892=CARTESIAN_POINT('',(60.0000268563242,3.44728748687607E-6,25.286156972314));
#6893=CARTESIAN_POINT('',(60.0000268563242,3.44728748687607E-6,7.586156972314));
#6894=CARTESIAN_POINT('',(60.0000268563296,-89.9999383274317,25.286156972314));
#6895=CARTESIAN_POINT('Origin',(56.0000268563242,3.44728724677168E-6,7.586156972314));
#6896=CARTESIAN_POINT('',(56.0000268563242,4.00000344728727,25.286156972314));
#6897=CARTESIAN_POINT('',(56.0000268563242,4.00000344728727,7.586156972314));
#6898=CARTESIAN_POINT('Origin',(56.0000268563242,3.44728724677168E-6,25.286156972314));
#6899=CARTESIAN_POINT('Origin',(52.0000268563242,4.00000344728726,7.586156972314));
#6900=CARTESIAN_POINT('',(-38.0228915368082,4.00000344728718,25.286156972314));
#6901=CARTESIAN_POINT('',(-38.0228915368082,4.00000344728718,7.586156972314));
#6902=CARTESIAN_POINT('',(31.5000472580403,4.00000344728724,25.286156972314));
#6903=CARTESIAN_POINT('',(51.685082188961,4.00000344728722,18.636156555082));
#6904=CARTESIAN_POINT('Origin',(47.185082188961,4.00000344728726,18.636156555082));
#6905=CARTESIAN_POINT('Origin',(11.0000676597564,-59.99995773586,-18.813843027686));
#6906=CARTESIAN_POINT('Origin',(-38.0228915368082,3.44728718086517E-6,-18.813843027686));
#6907=CARTESIAN_POINT('Origin',(-38.0228915368185,-119.999918918999,-18.813843027686));
#6908=CARTESIAN_POINT('Origin',(56.0000268563311,-119.999918919007,-18.813843027686));
#6909=CARTESIAN_POINT('Origin',(56.0000268563242,3.4472872485521E-6,-18.813843027686));
#6910=CARTESIAN_POINT('Origin',(-38.0228915368185,-119.999918918999,25.286156972314));
#6911=CARTESIAN_POINT('',(-38.0228915368189,-123.999918918999,25.286156972314));
#6912=CARTESIAN_POINT('',(-38.0228915368188,-123.499918918999,25.786156972314));
#6913=CARTESIAN_POINT('Origin',(-38.0228915368188,-123.499918918999,25.286156972314));
#6914=CARTESIAN_POINT('',(-41.5228915368185,-119.999918918999,25.786156972314));
#6915=CARTESIAN_POINT('Origin',(-38.0228915368185,-119.999918918999,25.786156972314));
#6916=CARTESIAN_POINT('',(-42.0228915368185,-119.999918918999,25.286156972314));
#6917=CARTESIAN_POINT('Origin',(-41.5228915368185,-119.999918918999,25.286156972314));
#6918=CARTESIAN_POINT('Origin',(-38.0228915368185,-119.999918918999,25.286156972314));
#6919=CARTESIAN_POINT('Origin',(-41.5228915368108,-29.9999771442838,25.286156972314));
#6920=CARTESIAN_POINT('',(-41.5228915368083,3.44728747325718E-6,25.786156972314));
#6921=CARTESIAN_POINT('',(-42.0228915368082,3.44728751944029E-6,25.286156972314));
#6922=CARTESIAN_POINT('Origin',(-41.5228915368083,3.44728747325718E-6,25.286156972314));
#6923=CARTESIAN_POINT('',(-42.0228915368108,-29.9999771442838,25.286156972314));
#6924=CARTESIAN_POINT('',(-41.5228915368108,-29.9999771442838,25.786156972314));
#6925=CARTESIAN_POINT('Origin',(-38.0228915368082,3.4472871766032E-6,25.286156972314));
#6926=CARTESIAN_POINT('',(-38.0228915368082,3.50000344728718,25.786156972314));
#6927=CARTESIAN_POINT('Origin',(-38.0228915368082,3.50000344728718,25.286156972314));
#6928=CARTESIAN_POINT('Origin',(-38.0228915368082,3.4472871766032E-6,25.286156972314));
#6929=CARTESIAN_POINT('Origin',(-38.0228915368082,3.4472871766032E-6,25.786156972314));
#6930=CARTESIAN_POINT('Origin',(31.5000472580403,3.50000344728725,25.286156972314));
#6931=CARTESIAN_POINT('',(56.0000268563242,3.50000344728727,25.786156972314));
#6932=CARTESIAN_POINT('Origin',(56.0000268563242,3.50000344728727,25.286156972314));
#6933=CARTESIAN_POINT('',(31.5000472580403,3.50000344728725,25.786156972314));
#6934=CARTESIAN_POINT('Origin',(56.0000268563242,3.44728724677168E-6,25.286156972314));
#6935=CARTESIAN_POINT('',(59.5000268563242,3.44728745632628E-6,25.786156972314));
#6936=CARTESIAN_POINT('Origin',(59.5000268563242,3.44728745632628E-6,25.286156972314));
#6937=CARTESIAN_POINT('Origin',(56.0000268563242,3.44728724677168E-6,25.786156972314));
#6938=CARTESIAN_POINT('Origin',(59.5000268563296,-89.9999383274317,25.286156972314));
#6939=CARTESIAN_POINT('',(59.5000268563314,-119.999918919007,25.786156972314));
#6940=CARTESIAN_POINT('Origin',(59.5000268563314,-119.999918919007,25.286156972314));
#6941=CARTESIAN_POINT('',(59.5000268563296,-89.9999383274317,25.786156972314));
#6942=CARTESIAN_POINT('Origin',(56.0000268563311,-119.999918919007,25.286156972314));
#6943=CARTESIAN_POINT('',(56.0000268563308,-123.499918919007,25.786156972314));
#6944=CARTESIAN_POINT('Origin',(56.0000268563308,-123.499918919007,25.286156972314));
#6945=CARTESIAN_POINT('Origin',(56.0000268563311,-119.999918919007,25.786156972314));
#6946=CARTESIAN_POINT('Origin',(-9.49991193853398,-123.499918919002,25.286156972314));
#6947=CARTESIAN_POINT('',(-9.49991193853398,-123.499918919002,25.786156972314));
#6948=CARTESIAN_POINT('',(-9.49991193853402,-123.999918919002,25.286156972314));
#6949=CARTESIAN_POINT('Origin',(-29.999891536819,-123.999918919,7.586156972314));
#6950=CARTESIAN_POINT('',(-38.0228915368189,-123.999918918999,7.586156972314));
#6951=CARTESIAN_POINT('Origin',(-38.0228915368185,-119.999918918999,7.586156972314));
#6952=CARTESIAN_POINT('',(-42.0228915368185,-119.999918918999,7.586156972314));
#6953=CARTESIAN_POINT('Origin',(11.0000676597564,-59.99995773586,25.786156972314));
#6954=CARTESIAN_POINT('',(-0.765486118930035,-110.431153874122,25.786156972314));
#6955=CARTESIAN_POINT('',(-0.765486118930036,-104.03115387412,25.786156972314));
#6956=CARTESIAN_POINT('',(-0.765486118930039,-85.2155558049911,25.786156972314));
#6957=CARTESIAN_POINT('',(5.63451388106996,-104.031153874117,25.786156972314));
#6958=CARTESIAN_POINT('',(5.11729077042029,-104.031153874118,25.786156972314));
#6959=CARTESIAN_POINT('',(5.63451388106997,-110.431153874122,25.786156972314));
#6960=CARTESIAN_POINT('',(5.63451388106996,-82.0155558049887,25.786156972314));
#6961=CARTESIAN_POINT('',(8.3172907704132,-110.431153874122,25.786156972314));
#6962=CARTESIAN_POINT('',(8.33451388106997,-103.031153874117,25.786156972314));
#6963=CARTESIAN_POINT('',(8.33451388106996,-96.6311538741166,25.786156972314));
#6964=CARTESIAN_POINT('',(8.33451388106996,-81.5155558049883,25.786156972314));
#6965=CARTESIAN_POINT('',(14.73451388107,-96.6311538741146,25.786156972314));
#6966=CARTESIAN_POINT('',(9.6672907704191,-96.6311538741162,25.786156972314));
#6967=CARTESIAN_POINT('',(14.73451388107,-103.031153874115,25.786156972314));
#6968=CARTESIAN_POINT('',(14.73451388107,-78.3155558049873,25.786156972314));
#6969=CARTESIAN_POINT('',(12.8672907704201,-103.031153874115,25.786156972314));
#6970=CARTESIAN_POINT('',(8.33451388106996,-88.2311538741166,25.786156972314));
#6971=CARTESIAN_POINT('',(8.33451388106996,-81.8311538741222,25.786156972314));
#6972=CARTESIAN_POINT('',(8.33451388106997,-74.1155558049883,25.786156972314));
#6973=CARTESIAN_POINT('',(14.73451388107,-81.8311538741222,25.786156972314));
#6974=CARTESIAN_POINT('',(9.6672907704132,-81.8311538741222,25.786156972314));
#6975=CARTESIAN_POINT('',(14.73451388107,-88.2311538741146,25.786156972314));
#6976=CARTESIAN_POINT('',(14.73451388107,-70.9155558049911,25.786156972314));
#6977=CARTESIAN_POINT('',(12.8672907704177,-88.2311538741152,25.786156972314));
#6978=CARTESIAN_POINT('',(-0.765486118930038,-88.2311538741195,25.786156972314));
#6979=CARTESIAN_POINT('',(-0.765486118930037,-81.8311538741222,25.786156972314));
#6980=CARTESIAN_POINT('',(-0.765486118930035,-74.1155558049897,25.786156972314));
#6981=CARTESIAN_POINT('',(5.63451388106996,-81.8311538741222,25.786156972314));
#6982=CARTESIAN_POINT('',(5.1172907704132,-81.8311538741222,25.786156972314));
#6983=CARTESIAN_POINT('',(5.63451388106996,-88.2311538741175,25.786156972314));
#6984=CARTESIAN_POINT('',(5.63451388106997,-70.9155558049911,25.786156972314));
#6985=CARTESIAN_POINT('',(8.31729077041775,-88.2311538741166,25.786156972314));
#6986=CARTESIAN_POINT('',(-0.765486118930037,-95.6311538741195,25.786156972314));
#6987=CARTESIAN_POINT('',(-0.765486118930037,-89.2311538741195,25.786156972314));
#6988=CARTESIAN_POINT('',(-0.765486118930038,-77.8155558049897,25.786156972314));
#6989=CARTESIAN_POINT('',(5.63451388106996,-89.2311538741175,25.786156972314));
#6990=CARTESIAN_POINT('',(5.11729077041791,-89.2311538741176,25.786156972314));
#6991=CARTESIAN_POINT('',(5.63451388106996,-95.6311538741175,25.786156972314));
#6992=CARTESIAN_POINT('',(5.63451388106997,-74.6155558049887,25.786156972314));
#6993=CARTESIAN_POINT('',(8.31729077041894,-95.6311538741166,25.786156972314));
#6994=CARTESIAN_POINT('',(17.43451388107,-88.2311538741137,25.786156972314));
#6995=CARTESIAN_POINT('',(17.43451388107,-81.8311538741222,25.786156972314));
#6996=CARTESIAN_POINT('',(17.43451388107,-74.1155558049868,25.786156972314));
#6997=CARTESIAN_POINT('',(23.8345138810609,-81.8311538741222,25.786156972314));
#6998=CARTESIAN_POINT('',(14.2172907704132,-81.8311538741222,25.786156972314));
#6999=CARTESIAN_POINT('',(23.8345138810629,-88.2311538741116,25.786156972314));
#7000=CARTESIAN_POINT('',(23.8345138810574,-70.915555804989,25.786156972314));
#7001=CARTESIAN_POINT('',(17.4172907704142,-88.2311538741137,25.786156972314));
#7002=CARTESIAN_POINT('',(-0.765486118930037,-103.03115387412,25.786156972314));
#7003=CARTESIAN_POINT('',(-0.765486118930037,-96.6311538741195,25.786156972314));
#7004=CARTESIAN_POINT('',(-0.765486118930037,-81.5155558049897,25.786156972314));
#7005=CARTESIAN_POINT('',(5.63451388106996,-96.6311538741175,25.786156972314));
#7006=CARTESIAN_POINT('',(5.1172907704191,-96.6311538741176,25.786156972314));
#7007=CARTESIAN_POINT('',(5.63451388106996,-103.031153874117,25.786156972314));
#7008=CARTESIAN_POINT('',(5.63451388106996,-78.3155558049887,25.786156972314));
#7009=CARTESIAN_POINT('',(8.31729077042013,-103.031153874117,25.786156972314));
#7010=CARTESIAN_POINT('',(8.33451388106997,-110.431153874122,25.786156972314));
#7011=CARTESIAN_POINT('',(8.33451388106996,-104.031153874117,25.786156972314));
#7012=CARTESIAN_POINT('',(8.33451388106996,-85.2155558049911,25.786156972314));
#7013=CARTESIAN_POINT('',(14.73451388107,-104.031153874115,25.786156972314));
#7014=CARTESIAN_POINT('',(9.66729077042029,-104.031153874116,25.786156972314));
#7015=CARTESIAN_POINT('',(14.73451388107,-110.431153874122,25.786156972314));
#7016=CARTESIAN_POINT('',(14.73451388107,-82.0155558049873,25.786156972314));
#7017=CARTESIAN_POINT('',(12.8672907704132,-110.431153874122,25.786156972314));
#7018=CARTESIAN_POINT('',(-9.86548611893005,-110.431153874122,25.786156972314));
#7019=CARTESIAN_POINT('',(-9.86548611893004,-104.031153874122,25.786156972314));
#7020=CARTESIAN_POINT('',(-9.86548611893004,-85.2155558049911,25.786156972314));
#7021=CARTESIAN_POINT('',(-3.46548611893004,-104.03115387412,25.786156972314));
#7022=CARTESIAN_POINT('',(0.567290770420283,-104.031153874119,25.786156972314));
#7023=CARTESIAN_POINT('',(-3.46548611893004,-110.431153874122,25.786156972314));
#7024=CARTESIAN_POINT('',(-3.46548611893004,-82.0155558049902,25.786156972314));
#7025=CARTESIAN_POINT('',(3.7672907704132,-110.431153874122,25.786156972314));
#7026=CARTESIAN_POINT('',(17.43451388107,-103.031153874114,25.786156972314));
#7027=CARTESIAN_POINT('',(17.43451388107,-96.6311538741137,25.786156972314));
#7028=CARTESIAN_POINT('',(17.43451388107,-81.5155558049868,25.786156972314));
#7029=CARTESIAN_POINT('',(23.8345138810656,-96.6311538741117,25.786156972314));
#7030=CARTESIAN_POINT('',(14.2172907704191,-96.6311538741148,25.786156972314));
#7031=CARTESIAN_POINT('',(23.8345138810677,-103.031153874112,25.786156972314));
#7032=CARTESIAN_POINT('',(23.8345138810598,-78.3155558049838,25.786156972314));
#7033=CARTESIAN_POINT('',(17.417290770419,-103.031153874114,25.786156972314));
#7034=CARTESIAN_POINT('',(8.33451388106996,-95.6311538741166,25.786156972314));
#7035=CARTESIAN_POINT('',(8.33451388106996,-89.2311538741166,25.786156972314));
#7036=CARTESIAN_POINT('',(8.33451388106996,-77.8155558049883,25.786156972314));
#7037=CARTESIAN_POINT('',(14.73451388107,-89.2311538741146,25.786156972314));
#7038=CARTESIAN_POINT('',(9.6672907704179,-89.2311538741162,25.786156972314));
#7039=CARTESIAN_POINT('',(14.73451388107,-95.6311538741146,25.786156972314));
#7040=CARTESIAN_POINT('',(14.73451388107,-74.6155558049873,25.786156972314));
#7041=CARTESIAN_POINT('',(12.8672907704189,-95.6311538741152,25.786156972314));
#7042=CARTESIAN_POINT('',(-9.86548611893004,-81.8311538741222,25.786156972314));
#7043=CARTESIAN_POINT('',(-3.46548611893004,-81.8311538741222,25.786156972314));
#7044=CARTESIAN_POINT('',(0.567290770413198,-81.8311538741222,25.786156972314));
#7045=CARTESIAN_POINT('',(-3.46548611893004,-88.2311538741204,25.786156972314));
#7046=CARTESIAN_POINT('',(-3.46548611893004,-70.9155558049911,25.786156972314));
#7047=CARTESIAN_POINT('',(-9.86548611893005,-88.2311538741224,25.786156972314));
#7048=CARTESIAN_POINT('',(3.76729077041774,-88.231153874118,25.786156972314));
#7049=CARTESIAN_POINT('',(-9.86548611893003,-74.1155558049912,25.786156972314));
#7050=CARTESIAN_POINT('',(-9.86548611893005,-95.6311538741224,25.786156972314));
#7051=CARTESIAN_POINT('',(-9.86548611893005,-89.2311538741224,25.786156972314));
#7052=CARTESIAN_POINT('',(-9.86548611893005,-77.8155558049912,25.786156972314));
#7053=CARTESIAN_POINT('',(-3.46548611893004,-89.2311538741204,25.786156972314));
#7054=CARTESIAN_POINT('',(0.5672907704179,-89.2311538741191,25.786156972314));
#7055=CARTESIAN_POINT('',(-3.46548611893004,-95.6311538741204,25.786156972314));
#7056=CARTESIAN_POINT('',(-3.46548611893004,-74.6155558049902,25.786156972314));
#7057=CARTESIAN_POINT('',(3.76729077041893,-95.631153874118,25.786156972314));
#7058=CARTESIAN_POINT('',(17.43451388107,-95.6311538741137,25.786156972314));
#7059=CARTESIAN_POINT('',(17.43451388107,-89.2311538741137,25.786156972314));
#7060=CARTESIAN_POINT('',(17.43451388107,-77.8155558049868,25.786156972314));
#7061=CARTESIAN_POINT('',(23.8345138810633,-89.2311538741117,25.786156972314));
#7062=CARTESIAN_POINT('',(14.2172907704179,-89.2311538741148,25.786156972314));
#7063=CARTESIAN_POINT('',(23.8345138810653,-95.6311538741117,25.786156972314));
#7064=CARTESIAN_POINT('',(23.8345138810586,-74.6155558049838,25.786156972314));
#7065=CARTESIAN_POINT('',(17.4172907704166,-95.6311538741137,25.786156972314));
#7066=CARTESIAN_POINT('',(-9.86548611893005,-103.031153874122,25.786156972314));
#7067=CARTESIAN_POINT('',(-9.86548611893005,-96.6311538741224,25.786156972314));
#7068=CARTESIAN_POINT('',(-9.86548611893005,-81.5155558049912,25.786156972314));
#7069=CARTESIAN_POINT('',(-3.46548611893004,-96.6311538741204,25.786156972314));
#7070=CARTESIAN_POINT('',(0.567290770419092,-96.6311538741191,25.786156972314));
#7071=CARTESIAN_POINT('',(-3.46548611893004,-103.03115387412,25.786156972314));
#7072=CARTESIAN_POINT('',(-3.46548611893004,-78.3155558049902,25.786156972314));
#7073=CARTESIAN_POINT('',(3.76729077042013,-103.031153874118,25.786156972314));
#7074=CARTESIAN_POINT('',(17.43451388107,-110.431153874122,25.786156972314));
#7075=CARTESIAN_POINT('',(17.43451388107,-104.031153874114,25.786156972314));
#7076=CARTESIAN_POINT('',(17.43451388107,-85.2155558049911,25.786156972314));
#7077=CARTESIAN_POINT('',(23.834513881068,-104.031153874112,25.786156972314));
#7078=CARTESIAN_POINT('',(14.2172907704203,-104.031153874115,25.786156972314));
#7079=CARTESIAN_POINT('',(23.83451388107,-110.431153874122,25.786156972314));
#7080=CARTESIAN_POINT('',(23.834513881061,-82.0155558049838,25.786156972314));
#7081=CARTESIAN_POINT('',(17.4172907704132,-110.431153874122,25.786156972314));
#7082=CARTESIAN_POINT('',(-12.425486232142,-58.925006350013,25.786156972314));
#7083=CARTESIAN_POINT('',(18.6972907138072,-58.925006350013,25.786156972314));
#7084=CARTESIAN_POINT('',(-12.425486232142,-59.4624820429365,25.786156972314));
#7085=CARTESIAN_POINT('Origin',(55.0000268563314,-118.999918919007,-10.913843027686));
#7086=CARTESIAN_POINT('Origin',(55.0000268563242,-0.999996552712734,-10.913843027686));
#7087=CARTESIAN_POINT('Origin',(55.0000268563314,-118.999918919007,23.786156972314));
#7088=CARTESIAN_POINT('Origin',(55.0000268563314,-118.999918919007,23.786156972314));
#7089=CARTESIAN_POINT('Origin',(55.0000268563314,-118.999918919007,-15.913843027686));
#7090=CARTESIAN_POINT('Origin',(55.0000268563314,-118.999918919007,-15.913843027686));
#7091=CARTESIAN_POINT('Origin',(11.0000676597564,-59.99995773586,23.786156972314));
#7092=CARTESIAN_POINT('Origin',(56.0000268563311,-119.999918919007,23.786156972314));
#7093=CARTESIAN_POINT('Origin',(55.0000268563242,-0.999996552712732,23.786156972314));
#7094=CARTESIAN_POINT('Origin',(55.0000268563242,-0.999996552712732,23.786156972314));
#7095=CARTESIAN_POINT('Origin',(55.0000268563242,-0.999996552712734,-15.913843027686));
#7096=CARTESIAN_POINT('Origin',(55.0000268563242,-0.999996552712734,-15.913843027686));
#7097=CARTESIAN_POINT('Origin',(11.0000676597564,-59.99995773586,23.786156972314));
#7098=CARTESIAN_POINT('Origin',(56.0000268563242,3.4472872485521E-6,23.786156972314));
#7099=CARTESIAN_POINT('Origin',(56.0000268563242,3.4472872485521E-6,7.586156972314));
#7100=CARTESIAN_POINT('Origin',(56.0000268563311,-119.999918919007,7.586156972314));
#7101=CARTESIAN_POINT('Origin',(-37.0228915368185,-118.999918918999,-10.913843027686));
#7102=CARTESIAN_POINT('Origin',(-37.0228915368082,-0.999996552712818,-10.913843027686));
#7103=CARTESIAN_POINT('Origin',(-37.0228915368082,-0.999996552712816,23.786156972314));
#7104=CARTESIAN_POINT('Origin',(-37.0228915368082,-0.999996552712816,23.786156972314));
#7105=CARTESIAN_POINT('Origin',(-37.0228915368082,-0.999996552712819,-15.913843027686));
#7106=CARTESIAN_POINT('Origin',(-37.0228915368082,-0.999996552712819,-15.913843027686));
#7107=CARTESIAN_POINT('Origin',(11.0000676597564,-59.99995773586,23.786156972314));
#7108=CARTESIAN_POINT('Origin',(-38.0228915368082,3.44728718086517E-6,23.786156972314));
#7109=CARTESIAN_POINT('Origin',(-37.0228915368185,-118.999918918999,23.786156972314));
#7110=CARTESIAN_POINT('Origin',(-37.0228915368185,-118.999918918999,23.786156972314));
#7111=CARTESIAN_POINT('Origin',(-37.0228915368185,-118.999918918999,-15.913843027686));
#7112=CARTESIAN_POINT('Origin',(-37.0228915368185,-119.197573058321,-15.913843027686));
#7113=CARTESIAN_POINT('Origin',(-19.0228915368158,-116.395227197642,23.786156972314));
#7114=CARTESIAN_POINT('',(-4.01141193852968,-116.395227197642,23.786156972314));
#7115=CARTESIAN_POINT('Origin',(11.0000676597564,-59.99995773586,23.786156972314));
#7116=CARTESIAN_POINT('Origin',(11.0000676597564,-59.99995773586,23.786156972314));
#7117=CARTESIAN_POINT('Origin',(-38.0228915368185,-119.999918918999,23.786156972314));
#7118=CARTESIAN_POINT('Origin',(33.8141634046435,-83.3779737933584,23.786156972314));
#7119=CARTESIAN_POINT('',(30.8141608646385,-83.3779737933584,23.786156972314));
#7120=CARTESIAN_POINT('Origin',(37.8141278554575,-2.37781377303835,23.786156972314));
#7121=CARTESIAN_POINT('',(35.3141253154525,-2.37781377303835,23.786156972314));
#7122=CARTESIAN_POINT('Origin',(49.8141944247055,-83.3779737933583,23.786156972314));
#7123=CARTESIAN_POINT('',(46.8141918847005,-83.3779737933583,23.786156972314));
#7124=CARTESIAN_POINT('Origin',(27.894513767858,-60.425006350013,23.786156972314));
#7125=CARTESIAN_POINT('',(27.894513767858,-60.425006350013,23.786156972314));
#7126=CARTESIAN_POINT('Origin',(27.894513767858,-5.925006350013,23.786156972314));
#7127=CARTESIAN_POINT('Origin',(-0.765486118930035,-110.431153874122,25.786156972314));
#7128=CARTESIAN_POINT('',(-0.765486118930035,-110.431153874122,25.786156972314));
#7129=CARTESIAN_POINT('',(-0.765486118930036,-104.03115387412,25.786156972314));
#7130=CARTESIAN_POINT('Origin',(5.63451388106997,-110.431153874122,25.786156972314));
#7131=CARTESIAN_POINT('',(5.63451388106997,-110.431153874122,25.786156972314));
#7132=CARTESIAN_POINT('Origin',(5.63451388106996,-104.031153874117,25.786156972314));
#7133=CARTESIAN_POINT('',(5.63451388106996,-104.031153874117,25.786156972314));
#7134=CARTESIAN_POINT('Origin',(-0.765486118930036,-104.03115387412,25.786156972314));
#7135=CARTESIAN_POINT('Origin',(8.33451388106997,-103.031153874117,25.786156972314));
#7136=CARTESIAN_POINT('',(8.33451388106997,-103.031153874117,25.786156972314));
#7137=CARTESIAN_POINT('',(8.33451388106996,-96.6311538741166,25.786156972314));
#7138=CARTESIAN_POINT('Origin',(14.73451388107,-103.031153874115,25.786156972314));
#7139=CARTESIAN_POINT('',(14.73451388107,-103.031153874115,25.786156972314));
#7140=CARTESIAN_POINT('Origin',(14.73451388107,-96.6311538741146,25.786156972314));
#7141=CARTESIAN_POINT('',(14.73451388107,-96.6311538741146,25.786156972314));
#7142=CARTESIAN_POINT('Origin',(8.33451388106996,-96.6311538741166,25.786156972314));
#7143=CARTESIAN_POINT('Origin',(8.33451388106996,-88.2311538741166,25.786156972314));
#7144=CARTESIAN_POINT('',(8.33451388106996,-88.2311538741166,25.786156972314));
#7145=CARTESIAN_POINT('',(8.33451388106996,-81.8311538741222,25.786156972314));
#7146=CARTESIAN_POINT('Origin',(14.73451388107,-88.2311538741146,25.786156972314));
#7147=CARTESIAN_POINT('',(14.73451388107,-88.2311538741146,25.786156972314));
#7148=CARTESIAN_POINT('Origin',(14.73451388107,-81.8311538741222,25.786156972314));
#7149=CARTESIAN_POINT('',(14.73451388107,-81.8311538741222,25.786156972314));
#7150=CARTESIAN_POINT('Origin',(8.33451388106996,-81.8311538741222,25.786156972314));
#7151=CARTESIAN_POINT('Origin',(-0.765486118930038,-88.2311538741195,25.786156972314));
#7152=CARTESIAN_POINT('',(-0.765486118930038,-88.2311538741195,25.786156972314));
#7153=CARTESIAN_POINT('',(-0.765486118930037,-81.8311538741222,25.786156972314));
#7154=CARTESIAN_POINT('Origin',(5.63451388106996,-88.2311538741175,25.786156972314));
#7155=CARTESIAN_POINT('',(5.63451388106996,-88.2311538741175,25.786156972314));
#7156=CARTESIAN_POINT('Origin',(5.63451388106996,-81.8311538741222,25.786156972314));
#7157=CARTESIAN_POINT('',(5.63451388106996,-81.8311538741222,25.786156972314));
#7158=CARTESIAN_POINT('Origin',(-0.765486118930037,-81.8311538741222,25.786156972314));
#7159=CARTESIAN_POINT('Origin',(-0.765486118930037,-95.6311538741195,25.786156972314));
#7160=CARTESIAN_POINT('',(-0.765486118930037,-95.6311538741195,25.786156972314));
#7161=CARTESIAN_POINT('',(-0.765486118930037,-89.2311538741195,25.786156972314));
#7162=CARTESIAN_POINT('Origin',(5.63451388106996,-95.6311538741175,25.786156972314));
#7163=CARTESIAN_POINT('',(5.63451388106996,-95.6311538741175,25.786156972314));
#7164=CARTESIAN_POINT('Origin',(5.63451388106996,-89.2311538741175,25.786156972314));
#7165=CARTESIAN_POINT('',(5.63451388106996,-89.2311538741175,25.786156972314));
#7166=CARTESIAN_POINT('Origin',(-0.765486118930037,-89.2311538741195,25.786156972314));
#7167=CARTESIAN_POINT('Origin',(17.43451388107,-88.2311538741137,25.786156972314));
#7168=CARTESIAN_POINT('',(17.43451388107,-88.2311538741137,25.786156972314));
#7169=CARTESIAN_POINT('',(17.43451388107,-81.8311538741222,25.786156972314));
#7170=CARTESIAN_POINT('Origin',(23.8345138810629,-88.2311538741116,25.786156972314));
#7171=CARTESIAN_POINT('',(23.8345138810629,-88.2311538741116,25.786156972314));
#7172=CARTESIAN_POINT('Origin',(23.8345138810609,-81.8311538741222,25.786156972314));
#7173=CARTESIAN_POINT('',(23.8345138810609,-81.8311538741222,25.786156972314));
#7174=CARTESIAN_POINT('Origin',(17.43451388107,-81.8311538741222,25.786156972314));
#7175=CARTESIAN_POINT('Origin',(-0.765486118930037,-103.03115387412,25.786156972314));
#7176=CARTESIAN_POINT('',(-0.765486118930037,-103.03115387412,25.786156972314));
#7177=CARTESIAN_POINT('',(-0.765486118930037,-96.6311538741195,25.786156972314));
#7178=CARTESIAN_POINT('Origin',(5.63451388106996,-103.031153874117,25.786156972314));
#7179=CARTESIAN_POINT('',(5.63451388106996,-103.031153874117,25.786156972314));
#7180=CARTESIAN_POINT('Origin',(5.63451388106996,-96.6311538741175,25.786156972314));
#7181=CARTESIAN_POINT('',(5.63451388106996,-96.6311538741175,25.786156972314));
#7182=CARTESIAN_POINT('Origin',(-0.765486118930037,-96.6311538741195,25.786156972314));
#7183=CARTESIAN_POINT('Origin',(8.33451388106997,-110.431153874122,25.786156972314));
#7184=CARTESIAN_POINT('',(8.33451388106997,-110.431153874122,25.786156972314));
#7185=CARTESIAN_POINT('',(8.33451388106996,-104.031153874117,25.786156972314));
#7186=CARTESIAN_POINT('Origin',(14.73451388107,-110.431153874122,25.786156972314));
#7187=CARTESIAN_POINT('',(14.73451388107,-110.431153874122,25.786156972314));
#7188=CARTESIAN_POINT('Origin',(14.73451388107,-104.031153874115,25.786156972314));
#7189=CARTESIAN_POINT('',(14.73451388107,-104.031153874115,25.786156972314));
#7190=CARTESIAN_POINT('Origin',(8.33451388106996,-104.031153874117,25.786156972314));
#7191=CARTESIAN_POINT('Origin',(-9.86548611893005,-110.431153874122,25.786156972314));
#7192=CARTESIAN_POINT('',(-9.86548611893005,-110.431153874122,25.786156972314));
#7193=CARTESIAN_POINT('',(-9.86548611893004,-104.031153874122,25.786156972314));
#7194=CARTESIAN_POINT('Origin',(-3.46548611893004,-110.431153874122,25.786156972314));
#7195=CARTESIAN_POINT('',(-3.46548611893004,-110.431153874122,25.786156972314));
#7196=CARTESIAN_POINT('Origin',(-3.46548611893004,-104.03115387412,25.786156972314));
#7197=CARTESIAN_POINT('',(-3.46548611893004,-104.03115387412,25.786156972314));
#7198=CARTESIAN_POINT('Origin',(-9.86548611893004,-104.031153874122,25.786156972314));
#7199=CARTESIAN_POINT('Origin',(17.43451388107,-103.031153874114,25.786156972314));
#7200=CARTESIAN_POINT('',(17.43451388107,-103.031153874114,25.786156972314));
#7201=CARTESIAN_POINT('',(17.43451388107,-96.6311538741137,25.786156972314));
#7202=CARTESIAN_POINT('Origin',(23.8345138810677,-103.031153874112,25.786156972314));
#7203=CARTESIAN_POINT('',(23.8345138810677,-103.031153874112,25.786156972314));
#7204=CARTESIAN_POINT('Origin',(23.8345138810656,-96.6311538741117,25.786156972314));
#7205=CARTESIAN_POINT('',(23.8345138810656,-96.6311538741117,25.786156972314));
#7206=CARTESIAN_POINT('Origin',(17.43451388107,-96.6311538741137,25.786156972314));
#7207=CARTESIAN_POINT('Origin',(8.33451388106996,-95.6311538741166,25.786156972314));
#7208=CARTESIAN_POINT('',(8.33451388106996,-95.6311538741166,25.786156972314));
#7209=CARTESIAN_POINT('',(8.33451388106996,-89.2311538741166,25.786156972314));
#7210=CARTESIAN_POINT('Origin',(14.73451388107,-95.6311538741146,25.786156972314));
#7211=CARTESIAN_POINT('',(14.73451388107,-95.6311538741146,25.786156972314));
#7212=CARTESIAN_POINT('Origin',(14.73451388107,-89.2311538741146,25.786156972314));
#7213=CARTESIAN_POINT('',(14.73451388107,-89.2311538741146,25.786156972314));
#7214=CARTESIAN_POINT('Origin',(8.33451388106996,-89.2311538741166,25.786156972314));
#7215=CARTESIAN_POINT('Origin',(-9.86548611893004,-81.8311538741222,25.786156972314));
#7216=CARTESIAN_POINT('',(-9.86548611893004,-81.8311538741222,25.786156972314));
#7217=CARTESIAN_POINT('',(-3.46548611893004,-81.8311538741222,25.786156972314));
#7218=CARTESIAN_POINT('Origin',(-9.86548611893005,-88.2311538741224,25.786156972314));
#7219=CARTESIAN_POINT('',(-9.86548611893005,-88.2311538741224,25.786156972314));
#7220=CARTESIAN_POINT('Origin',(-3.46548611893004,-88.2311538741204,25.786156972314));
#7221=CARTESIAN_POINT('',(-3.46548611893004,-88.2311538741204,25.786156972314));
#7222=CARTESIAN_POINT('Origin',(-3.46548611893004,-81.8311538741222,25.786156972314));
#7223=CARTESIAN_POINT('Origin',(-9.86548611893005,-95.6311538741224,25.786156972314));
#7224=CARTESIAN_POINT('',(-9.86548611893005,-95.6311538741224,25.786156972314));
#7225=CARTESIAN_POINT('',(-9.86548611893005,-89.2311538741224,25.786156972314));
#7226=CARTESIAN_POINT('Origin',(-3.46548611893004,-95.6311538741204,25.786156972314));
#7227=CARTESIAN_POINT('',(-3.46548611893004,-95.6311538741204,25.786156972314));
#7228=CARTESIAN_POINT('Origin',(-3.46548611893004,-89.2311538741204,25.786156972314));
#7229=CARTESIAN_POINT('',(-3.46548611893004,-89.2311538741204,25.786156972314));
#7230=CARTESIAN_POINT('Origin',(-9.86548611893005,-89.2311538741224,25.786156972314));
#7231=CARTESIAN_POINT('Origin',(17.43451388107,-95.6311538741137,25.786156972314));
#7232=CARTESIAN_POINT('',(17.43451388107,-95.6311538741137,25.786156972314));
#7233=CARTESIAN_POINT('',(17.43451388107,-89.2311538741137,25.786156972314));
#7234=CARTESIAN_POINT('Origin',(23.8345138810653,-95.6311538741117,25.786156972314));
#7235=CARTESIAN_POINT('',(23.8345138810653,-95.6311538741117,25.786156972314));
#7236=CARTESIAN_POINT('Origin',(23.8345138810633,-89.2311538741117,25.786156972314));
#7237=CARTESIAN_POINT('',(23.8345138810633,-89.2311538741117,25.786156972314));
#7238=CARTESIAN_POINT('Origin',(17.43451388107,-89.2311538741137,25.786156972314));
#7239=CARTESIAN_POINT('Origin',(-9.86548611893005,-103.031153874122,25.786156972314));
#7240=CARTESIAN_POINT('',(-9.86548611893005,-103.031153874122,25.786156972314));
#7241=CARTESIAN_POINT('',(-9.86548611893005,-96.6311538741224,25.786156972314));
#7242=CARTESIAN_POINT('Origin',(-3.46548611893004,-103.03115387412,25.786156972314));
#7243=CARTESIAN_POINT('',(-3.46548611893004,-103.03115387412,25.786156972314));
#7244=CARTESIAN_POINT('Origin',(-3.46548611893004,-96.6311538741204,25.786156972314));
#7245=CARTESIAN_POINT('',(-3.46548611893004,-96.6311538741204,25.786156972314));
#7246=CARTESIAN_POINT('Origin',(-9.86548611893005,-96.6311538741224,25.786156972314));
#7247=CARTESIAN_POINT('Origin',(17.43451388107,-110.431153874122,25.786156972314));
#7248=CARTESIAN_POINT('',(17.43451388107,-110.431153874122,25.786156972314));
#7249=CARTESIAN_POINT('',(17.43451388107,-104.031153874114,25.786156972314));
#7250=CARTESIAN_POINT('Origin',(23.83451388107,-110.431153874122,25.786156972314));
#7251=CARTESIAN_POINT('',(23.83451388107,-110.431153874122,25.786156972314));
#7252=CARTESIAN_POINT('Origin',(23.834513881068,-104.031153874112,25.786156972314));
#7253=CARTESIAN_POINT('',(23.834513881068,-104.031153874112,25.786156972314));
#7254=CARTESIAN_POINT('Origin',(17.43451388107,-104.031153874114,25.786156972314));
#7255=CARTESIAN_POINT('Origin',(-21.0228915368158,-87.9952271976417,23.786156972314));
#7256=CARTESIAN_POINT('Origin',(-36.0228915368153,-82.7249642388442,5.78615697231401));
#7257=CARTESIAN_POINT('',(-36.0228915368153,-82.724964238841,14.786156972314));
#7258=CARTESIAN_POINT('Origin',(-40.0228915368153,-82.7249642388406,23.786156972314));
#7259=CARTESIAN_POINT('Origin',(-38.0228915368082,3.44728718086517E-6,7.586156972314));
#7260=CARTESIAN_POINT('Origin',(-38.0228915368185,-119.999918918999,7.586156972314));
#7261=CARTESIAN_POINT('Origin',(-38.0228915368082,3.4472871766032E-6,7.586156972314));
#7262=CARTESIAN_POINT('',(-42.0228915368082,3.44728751944029E-6,7.586156972314));
#7263=CARTESIAN_POINT('Origin',(-42.0228915368082,3.44728787276717E-6,7.586156972314));
#7264=CARTESIAN_POINT('Origin',(47.185082188961,4.00000344728722,18.636156555082));
#7265=CARTESIAN_POINT('',(51.685082188961,4.00000344728722,18.636156555082));
#7266=CARTESIAN_POINT('Origin',(-12.425486232142,-58.925006350013,25.786156972314));
#7267=CARTESIAN_POINT('',(-12.425486232142,-58.925006350013,23.786156972314));
#7268=CARTESIAN_POINT('Origin',(26.394513767858,-58.925006350013,25.786156972314));
#7269=CARTESIAN_POINT('',(0.185904635492491,0.377808693028349,-0.180723215369567));
#7270=UNCERTAINTY_MEASURE_WITH_UNIT(LENGTH_MEASURE(0.01),#7276,
'DISTANCE_ACCURACY_VALUE',
'Maximum model space distance between geometric entities at asserted c
onnectivities');
#7271=UNCERTAINTY_MEASURE_WITH_UNIT(LENGTH_MEASURE(0.01),#7276,
'DISTANCE_ACCURACY_VALUE',
'Maximum model space distance between geometric entities at asserted c
onnectivities');
#7272=UNCERTAINTY_MEASURE_WITH_UNIT(LENGTH_MEASURE(0.01),#7276,
'DISTANCE_ACCURACY_VALUE',
'Maximum model space distance between geometric entities at asserted c
onnectivities');
#7273=(
GEOMETRIC_REPRESENTATION_CONTEXT(3)
GLOBAL_UNCERTAINTY_ASSIGNED_CONTEXT((#7270))
GLOBAL_UNIT_ASSIGNED_CONTEXT((#7276,#7278,#7279))
REPRESENTATION_CONTEXT('','3D')
);
#7274=(
GEOMETRIC_REPRESENTATION_CONTEXT(3)
GLOBAL_UNCERTAINTY_ASSIGNED_CONTEXT((#7271))
GLOBAL_UNIT_ASSIGNED_CONTEXT((#7276,#7278,#7279))
REPRESENTATION_CONTEXT('','3D')
);
#7275=(
GEOMETRIC_REPRESENTATION_CONTEXT(3)
GLOBAL_UNCERTAINTY_ASSIGNED_CONTEXT((#7272))
GLOBAL_UNIT_ASSIGNED_CONTEXT((#7276,#7278,#7279))
REPRESENTATION_CONTEXT('','3D')
);
#7276=(
LENGTH_UNIT()
NAMED_UNIT(*)
SI_UNIT(.MILLI.,.METRE.)
);
#7277=(
LENGTH_UNIT()
NAMED_UNIT(*)
SI_UNIT($,.METRE.)
);
#7278=(
NAMED_UNIT(*)
PLANE_ANGLE_UNIT()
SI_UNIT($,.RADIAN.)
);
#7279=(
NAMED_UNIT(*)
SI_UNIT($,.STERADIAN.)
SOLID_ANGLE_UNIT()
);
#7280=SHAPE_DEFINITION_REPRESENTATION(#7282,#7285);
#7281=SHAPE_DEFINITION_REPRESENTATION(#7283,#7286);
#7282=PRODUCT_DEFINITION_SHAPE('',$,#7288);
#7283=PRODUCT_DEFINITION_SHAPE('',$,#7289);
#7284=PRODUCT_DEFINITION_SHAPE($,$,#14);
#7285=SHAPE_REPRESENTATION('',(#4407,#4775),#7273);
#7286=SHAPE_REPRESENTATION('',(#4408),#7274);
#7287=PRODUCT_DEFINITION_CONTEXT('part definition',#7295,'design');
#7288=PRODUCT_DEFINITION('EasyEDA PCB Model~qUXX','esp32-s3-lora-chat',
#7290,#7287);
#7289=PRODUCT_DEFINITION('2026-08-15-13-13-42-364','PCB',#7291,#7287);
#7290=PRODUCT_DEFINITION_FORMATION('',$,#7297);
#7291=PRODUCT_DEFINITION_FORMATION('',$,#7298);
#7292=PRODUCT_RELATED_PRODUCT_CATEGORY('esp32-s3-lora-chat',
'esp32-s3-lora-chat',(#7297));
#7293=PRODUCT_RELATED_PRODUCT_CATEGORY('PCB','PCB',(#7298));
#7294=APPLICATION_PROTOCOL_DEFINITION('international standard',
'automotive_design',2009,#7295);
#7295=APPLICATION_CONTEXT(
'Core Data for Automotive Mechanical Design Process');
#7296=PRODUCT_CONTEXT('part definition',#7295,'mechanical');
#7297=PRODUCT('EasyEDA PCB Model~qUXX','esp32-s3-lora-chat',
'Designed by EasyEDA Pro',(#7296));
#7298=PRODUCT('2026-08-15-13-13-42-364','PCB',$,(#7296));
#7299=PRESENTATION_STYLE_ASSIGNMENT((#7300));
#7300=SURFACE_STYLE_USAGE(.BOTH.,#7301);
#7301=SURFACE_SIDE_STYLE('',(#7302));
#7302=SURFACE_STYLE_FILL_AREA(#7303);
#7303=FILL_AREA_STYLE('\X2\94A2\X0\ - \X2\7F0E5149\X0\',(#7304));
#7304=FILL_AREA_STYLE_COLOUR('\X2\94A2\X0\ - \X2\7F0E5149\X0\',#7305);
#7305=COLOUR_RGB('\X2\94A2\X0\ - \X2\7F0E5149\X0\',0.627450980392157,0.627450980392157,
0.627450980392157);
ENDSEC;
END-ISO-10303-21;
